T,f_s,f_h,s,zeta,d,r_res,dur,fs,band_half,nbins,cb,rh,pnr_db,f_lo,f_hi,f0,eps,S_lo,S_hi,weak_peak_snr_db,peak_ratio_db,cv_host_known,cond_host_known,cv_fh_known,cond_fh_known,cv_host_unknown,cond_host_unknown,prof_host_unknown,prof_up_host_unknown,prof_dn_host_unknown,cv_host_unknown_rb,cond_host_unknown_rb,prof_host_unknown_rb,prof_up_host_unknown_rb,prof_dn_host_unknown_rb,ratio_unknown_known,ratio_rb_known,arm,nreal,T_true,T_pseudo,samp_cv_host_known,var_over_crb_host_known,bias_pct_host_known,bias_pseudo_pct_host_known,rmse_pct_host_known,med_pct_host_known,frac_fail_host_known,frac_bound_host_known,frac_truthlost_host_known,frac_bimodal_host_known,med_mirror_gap_host_known,crbobs_med_host_known,robust_cv_host_known,samp_cv_host_unknown,var_over_crb_host_unknown,bias_pct_host_unknown,bias_pseudo_pct_host_unknown,rmse_pct_host_unknown,med_pct_host_unknown,frac_fail_host_unknown,frac_bound_host_unknown,frac_truthlost_host_unknown,frac_bimodal_host_unknown,med_mirror_gap_host_unknown,crbobs_med_host_unknown,robust_cv_host_unknown,samp_cv_host_unknown_rb,var_over_crb_host_unknown_rb,bias_pct_host_unknown_rb,bias_pseudo_pct_host_unknown_rb,rmse_pct_host_unknown_rb,med_pct_host_unknown_rb,frac_fail_host_unknown_rb,frac_bound_host_unknown_rb,frac_truthlost_host_unknown_rb,frac_bimodal_host_unknown_rb,med_mirror_gap_host_unknown_rb,crbobs_med_host_unknown_rb,robust_cv_host_unknown_rb,label
140114.24932624522,3.1943557692307696,3.32213,0.02338,0.002,-0.03920061491160636,5.845000000000001,600.0,100.0,0.35,420,-5.810982654446806,0.0025,29.75252598776558,3.1836277715413788,3.332412148817786,3.258019960179582,0.0064427045278039885,58187.955911413854,274.50071013617867,5.3981528085302,24.359237589679505,0.00092427820518911,5.5760241893463665,0.0023005599923938917,23.31634990124609,0.0027494410090249644,34.35769722365358,0.0027592895507812503,0.0027762084960937503,0.0027423706054687507,0.3159066872900088,541082.1458146281,0.016451049804687503,0.025600195312500004,0.007301904296875,8.848779790413902,116818.65835041124,arm0,200,140114.24932624522,140114.24932624522,0.0009470593013648522,1.0499023864311643,0.003476158574962343,0.003476158574962343,0.0945328028540358,0.0024848498939766973,0.005,0.0,0.69,0.0,6.366462912410498e-12,0.0009278816356127692,0.0009945674601880155,0.0035595943011576554,1.676147345044585,0.025071963401271716,0.025071963401271716,0.3559525019685817,0.08175791360433282,0.02,0.0,0.54,0.195,0.03455093376715013,0.002731487024418045,0.0033136750806453436,0.023953360900359724,0.0057493040549179255,1.7294777815693199,1.7294777815693199,2.9495830563402685,2.0922310648161484,0.015,0.085,0.655,0.38,1.0071070646818043,0.018526835294666356,0.024374415992705636,d=-0.040 zeta=0.2%
147110.88106874525,3.273034482758621,3.32213,0.02338,0.002,-0.014887512467829728,5.845000000000001,600.0,100.0,0.35,420,-5.810982654446806,0.0025,29.71224203254828,3.251650745607598,3.3430629504716998,3.297356848039649,0.012830034816873975,42804.98700405113,2285.6194435344437,16.89984691560698,12.808043387359431,0.0010663475648214757,5.734228093328313,0.001332942996541027,5.962244053783288,0.0016959335520337858,9.263929385965044,0.0016964599609374997,0.0017137329101562498,0.0016791870117187496,0.2790743195840931,460901.8878632558,0.025200244140625,0.037378320312500005,0.013022167968750002,2.5294150689146497,68492.36873878099,arm0,200,147110.88106874525,147110.88106874525,0.0010627829651821427,0.9933255500117095,0.006322949943536122,0.006322949943536122,0.10620066207537532,0.0038407993231431275,0.02,0.0,0.665,0.0,3.637978807091713e-12,0.0010578397437103265,0.0009855774673395408,0.0017505904008833684,1.0654950120152888,-0.0037372844327398682,-0.0037372844327398682,0.17466083268437105,-0.015256841578940413,0.025,0.0,0.745,0.0,9.094947017729282e-12,0.001744564000584205,0.0016534024607493519,0.012968182853579034,0.0021593274313068856,0.45179853683234944,0.45179853683234944,1.3702010417439745,1.4456210960338403,0.005,0.04,0.735,0.01,7.13271219865419e-10,0.04545216569826335,0.013938342310771188,d=-0.015 zeta=0.2%
149163.82325092924,3.2957638888888887,3.32213,0.02338,0.002,-0.007968001015840826,5.845000000000001,600.0,100.0,0.35,420,-5.810982654446806,0.0025,29.587769601651427,3.2678510795294393,3.349590522768759,3.308720801149099,0.016732473477343315,33170.40366272263,5156.3433280765985,21.51406665695239,8.109894786477959,0.001145277309020879,5.799292464736518,0.0012437570441694748,5.846689454742887,0.0015546718790601984,6.535251643641191,0.001555279541015625,0.001563629150390625,0.001546929931640625,0.4046545318432634,1013303.294166936,0.022853662109375,0.0290974609375,0.01660986328125,1.842706524894865,124838.20185113726,arm0,200,149163.82325092924,149163.82325092924,0.0012029175334794414,1.103190206282788,0.0014078432098544292,0.0014078432098544292,0.11999890589671447,0.0022672523411353066,0.02,0.0,0.635,0.0,4.092726157978177e-12,0.0011720229270288825,0.0012146091808006227,0.0015629524947621566,1.010680926628017,0.012337140069004503,0.012337140069004503,0.15639139685056289,0.007532680678250224,0.025,0.0,0.755,0.0,6.366462912410498e-12,0.0016007158535086283,0.0016133911636352413,0.011247881564088695,0.0007726319307908075,-0.08929479795054583,-0.08929479795054583,1.125520419963452,0.7385670894457825,0.01,0.135,0.72,0.015,6.821210263296962e-10,0.051632897195204766,0.012023311014717394,d=-0.008 zeta=0.2%
150957.84103875133,3.315499001996008,3.32213,0.02338,0.002,-0.001998000003991942,5.845000000000001,600.0,100.0,0.35,420,-5.810982654446806,0.0025,29.441361659113433,3.2796466423055013,3.357528744590398,3.3185876934479497,0.021467216892852456,23625.882698543697,9943.56768731112,25.70682746685892,3.765211690652563,0.0011858504553057417,5.905958903962522,0.0011969749383334695,5.927575885719703,0.001454163684497539,5.955806687299402,0.001454791259765625,0.0014572937011718748,0.0014522888183593752,1.305149993092191,11314362.827833697,0.021973242187500002,0.023177246093750003,0.02076923828125,1.5037191823191867,1211325.8952239149,arm0,200,150957.84103875133,150957.84103875133,0.0011409346930151719,0.9256817955434469,-0.014485557660394133,-0.014485557660394133,0.1147260411558882,-0.013822954422387469,0.015,0.0,0.67,0.0,4.547473508864641e-12,0.0011922174651071548,0.0011992659108695362,0.00150640012674398,1.073134353569966,-0.018518503177921558,-0.018518503177921558,0.151399756642475,-0.014972462504265892,0.005,0.0,0.725,0.0,7.048583938740194e-12,0.0014881499826619768,0.001630064103844641,0.011035269275147525,7.14899542510941e-05,-0.72937080693912,-0.72937080693912,1.3204789265135617,0.11106721239057903,0.025,0.24,0.7,0.33,3.526565706124529e-10,0.043353614515201686,0.011206516417575649,d=-0.002 zeta=0.2%
151563.03497787408,3.32213,3.32213,0.02338,0.002,0.0,5.845000000000001,600.0,100.0,0.35,420,-5.810982654446806,0.0025,29.37604602028832,3.2830646126464336,3.360741320451296,3.3219029665488646,0.02338,20531.06350371335,12101.638648952274,27.1000895458721,2.299147920195737,0.0011845496630054444,5.948776789095713,0.0011856556128836424,5.971070397489391,0.0014242706966527117,5.975308349631261,0.001424896240234375,0.0014258361816406248,0.0014239562988281253,inf,inf,0.021900292968750002,0.021459082031250003,0.02234150390625,1.4457011654769478,inf,arm0,200,151563.03497787408,151563.03497787408,0.001160401023662766,0.9596429110065298,0.015461842413195672,0.015461842413195672,0.11677776929364678,0.012924895599801155,0.0,0.0,0.57,0.0,3.183231456205249e-12,0.0011764556114890463,0.001162315024008489,0.00138590060810754,0.9468454411611562,0.015267024833657708,0.015267024833657708,0.13908361146455314,0.014596437902998317,0.015,0.0,0.525,0.0,1.8189894035458565e-12,0.0014378180951633668,0.0013653592350651618,0.013264710551344736,,-0.027875854792900213,-0.027875854792900213,1.3234443305592611,-0.0013828623884806332,0.005,0.255,0.72,0.3,8.371898729819804e-10,0.04626654469529947,0.019623832565436032,d=+0.000 zeta=0.2%
152171.87100203056,3.3287875751503004,3.32213,0.02338,0.002,0.002001999995991978,5.845000000000001,600.0,100.0,0.35,420,-5.810982654446806,0.0025,29.284426184961106,3.286211947526664,3.3642511043779164,3.32523152595229,0.02146355782784745,17615.974467346936,14510.401209442773,28.472287640982344,0.8433607830350259,0.0011745705454099776,5.991772832551181,0.0011759352092487402,6.018742253963041,0.0013960760051525097,6.0209865508658345,0.001396697998046875,0.0013962707519531252,0.001397125244140625,1.1341669122205993,9341103.681339573,0.02193994140625,0.019863769531250002,0.024016113281249998,1.4127324269877135,932385.9801149182,arm0,200,152171.87100203056,152171.87100203056,0.0011875538764524747,1.0222295508932888,-0.0009468527105620895,-0.0009468527105620895,0.11846191123882244,-0.012996523486155554,0.015,0.0,0.6,0.0,5.4569682106375694e-12,0.0011888160496939543,0.0012203051941300678,0.001500017510301799,1.154448415456957,0.003278136668596357,0.003278136668596357,0.14966218248300922,-0.004770774238085705,0.02,0.0,0.75,0.0,7.048583938740194e-12,0.0014188234290308894,0.0014751969139375966,0.010442436099229305,8.477146846321903e-05,0.3773574171262843,0.3773574171262843,1.1078768494470712,-0.1492425500670932,0.005,0.23,0.75,0.115,1.19734977488406e-09,0.04837509306124631,0.01034659688339761,d=+0.002 zeta=0.2%
154020.52589321043,3.348921370967742,3.32213,0.02338,0.002,0.008031998967775265,5.845000000000001,600.0,100.0,0.35,420,-5.810982654446806,0.0025,29.463083991724996,3.294065154683799,3.3765302964022785,3.3352977255430387,0.016689194519157013,10493.605848675503,22688.785459148163,26.095624532409683,3.3545970884676466,0.0011218132261268442,5.871350844981578,0.0011708791823881114,5.919658394201355,0.0013556811028132144,5.991003549102225,0.001356329345703125,0.0013523864746093751,0.001360272216796875,0.25892222910656865,543599.9870939617,0.020685791015625003,0.01577138671875,0.025600195312500004,1.4604072244063955,53271.82344380724,arm0,200,154020.52589321043,154020.52589321043,0.0010403749266843039,0.8600795904303332,-0.0010583393867814644,-0.0010583393867814644,0.10378246944252026,0.007087246065489808,0.015,0.0,0.615,0.0,5.4569682106375694e-12,0.001135129816188408,0.0009472732758168067,0.0013035023952420064,0.9245035483673908,-0.0006237509924965523,-0.0006237509924965523,0.1300254516800347,0.002682586184146006,0.02,0.0,0.735,0.0,6.821210263296962e-12,0.0013778718054129947,0.0012412886828033702,0.01057252530260418,0.0016673193555281234,-0.0017976249191483146,-0.0017976249191483146,1.0546076188012752,-0.7490384747494563,0.015,0.175,0.765,0.015,6.664322427241132e-10,0.045190155713167465,0.011644559890831189,d=+0.008 zeta=0.2%
156220.13165329496,3.3727208121827412,3.32213,0.02338,0.002,0.015112487152482553,5.845000000000001,600.0,100.0,0.35,420,-5.810982654446806,0.0025,29.594631269592078,3.3005962183974114,3.393796991119433,3.3471966047584223,0.012726544223158916,5458.619745504166,32116.53873663244,21.908812645943044,7.719624429695806,0.0010378860271764282,5.771599588185805,0.0011752298177136497,5.899155973351432,0.001326884533580471,6.263816443127163,0.0013275451660156251,0.0013198059082031252,0.001335284423828125,0.13202307765120247,160245.16010563518,0.0246060302734375,0.012000146484375,0.0372119140625,1.6344322890985903,16180.814339920491,arm0,200,156220.13165329496,156220.13165329496,0.0010502642432578136,1.0239949847430234,-0.017335768054469392,-0.017335768054469392,0.10618816276621437,-0.007163817299808424,0.015,0.0,0.64,0.0,5.229594535194337e-12,0.0010590274010697073,0.0010516392992680917,0.0013872222184561956,1.0930142105052127,-0.014028222766748534,-0.014028222766748534,0.13908424279410708,-0.003760942343054593,0.02,0.0,0.725,0.0,1.000444171950221e-11,0.0013634464602998713,0.001356711750351853,0.012205306826670733,0.008546685003657004,-0.4719951386972221,-0.4719951386972221,1.3057664732060275,-1.4229537725228203,0.01,0.105,0.765,0.005,8.976712706498802e-10,0.043817956727932955,0.013193682574616093,d=+0.015 zeta=0.2%
164472.53851561085,3.4605520833333334,3.32213,0.02338,0.002,0.04079933388842641,5.845000000000001,600.0,100.0,0.35,420,-5.810982654446806,0.0025,29.707589483483424,3.3113339486384503,3.4708840284511324,3.3911089885447914,0.00622417135883583,802.455580462879,50714.99542525004,11.447972346758576,18.30307786024936,0.0008813978554228004,5.25568055539632,0.0012006751374112723,6.659014230677752,0.0012705210132736278,7.934415921712559,0.001271185302734375,0.0012537780761718751,0.001288592529296875,0.048837319449520675,28358.978637419274,0.028565124511718755,0.0059298583984375005,0.05120039062500001,2.077876472397641,3070.1504511582602,arm0,200,164472.53851561085,164472.53851561085,0.0008059031570906084,0.8360297562560107,-0.0004838676017547312,-0.0004838676017547312,0.0803900436559883,-0.0002686417356992637,0.025,0.0,0.67,0.0,4.774847184307873e-12,0.0008877834173637957,0.0008080537379315695,0.001211489421777654,0.9092337505220508,0.0027732688895243905,0.0027732688895243905,0.12087750775132326,0.0012757197480210698,0.025,0.0,0.465,0.0,30.471987168604755,0.0013205730396876648,0.0012257372139193102,0.021647367896431072,0.19647466581188683,-2.0670169005166725,-2.0670169005166725,2.9891827994643765,-3.849968331339626,0.015,0.005,0.475,0.005,21.848164119775902,0.047897861198766496,0.022550068683345366,d=+0.040 zeta=0.2%
140114.24932624522,3.1943557692307696,3.32213,0.02338,0.005,-0.03920061491160636,2.338,600.0,100.0,0.35,420,-5.810982654446806,0.0025,21.828599179109702,3.1836277715413788,3.332412148817786,3.258019960179582,0.0064427045278039885,9368.347728051785,203.77912317966042,3.646098457033628,18.155592904808532,0.001580238206504226,8.119782275799333,0.004776292295725108,37.80122465350728,0.004820030511669735,42.538663021307904,0.00486513671875,0.0046966552734375,0.005033618164062501,1.4001970907716663,4285086.126385432,0.029694409179687506,0.05120039062500001,0.008188427734375002,9.303673460837715,785114.9122350661,arm0,200,140114.24932624522,140114.24932624522,0.0016042541776495037,1.0306263507535567,-0.0016914992138503872,-0.0016914992138503872,0.16003279120643987,-0.008407976228949175,0.01,0.0,0.645,0.0,3.637978807091713e-12,0.001583824812508398,0.0016069602115351802,0.012135815417888817,6.339256868413049,0.1861531934977918,0.1861531934977918,1.224773150108725,0.22796414763821896,0.015,0.0,0.76,0.42,3.1604940886609256e-11,0.004690685563144183,0.005937730128925107,0.028208119135783045,0.00040585408017880124,1.0555939607521232,1.0555939607521232,3.005241015709511,-0.44449830402986124,0.015,0.23,0.75,0.56,2.0215475160512142e-07,0.4442407728030682,0.02522695937149206,d=-0.040 zeta=0.5%
147110.88106874525,3.273034482758621,3.32213,0.02338,0.005,-0.014887512467829728,2.338,600.0,100.0,0.35,420,-5.810982654446806,0.0025,21.828599179109705,3.251650745607598,3.3430629504716998,3.297356848039649,0.012830034816873975,6968.268325868366,671.6085214741526,11.362460570209032,10.437779711525259,0.0017927932349982804,7.318765892447313,0.0023901498325167446,8.64869434227115,0.00246318750183715,8.840283441220988,0.0024658203125000003,0.0024690063476562507,0.00246263427734375,1.4094214280285817,3808149.0714346194,0.019960107421875005,0.025600195312500004,0.014320019531250002,1.887706777594414,618046.754878816,arm0,200,147110.88106874525,147110.88106874525,0.001912028690201622,1.1374397456302923,0.014090538847115544,0.014090538847115544,0.19124405277272177,0.014263456414340625,0.025,0.0,0.625,0.0,3.410605131648481e-12,0.0018152654362129854,0.0019631182324705747,0.002677125252020864,1.1812516728230973,0.025509613849451357,0.025509613849451357,0.26825805965166366,0.04441703738362045,0.025,0.0,0.705,0.005,5.4569682106375694e-12,0.002586302224949364,0.0025380374890345125,0.01375663341449634,9.526702183359699e-05,0.30034270422648546,0.30034270422648546,1.4047039264006538,1.2920174273655294,0.0,0.34,0.67,0.055,4.083631210960448e-10,0.5626647307119923,0.014568831035034148,d=-0.015 zeta=0.5%
149163.82325092924,3.2957638888888887,3.32213,0.02338,0.005,-0.007968001015840826,2.338,600.0,100.0,0.35,420,-5.810982654446806,0.0025,21.828599179109702,3.2678510795294393,3.349590522768759,3.308720801149099,0.016732473477343315,5488.48646274869,1170.8710819774587,14.970150577328884,6.816877992208724,0.001883585074809592,6.9588648655784615,0.002112743646776257,7.649884751278516,0.0021868743131487943,7.676049991450439,0.0021881835937500003,0.0021923706054687506,0.0021839965820312497,2.108408375855994,8307577.2280793805,0.021642236328125,0.025600195312500004,0.017684277343750002,1.3479604993742005,1252965.1296167842,arm0,200,149163.82325092924,149163.82325092924,0.0019000185208476925,1.0175252326323572,0.011133572648232382,0.011133572648232382,0.1898529871152359,0.006110073430845683,0.005,0.0,0.64,0.0,4.774847184307873e-12,0.0018815855210693923,0.0019577333802261233,0.0021416598382474434,0.9590766956960294,0.02141090297182227,0.02141090297182227,0.21470016313582782,0.01447760410932274,0.005,0.0,0.675,0.0,5.229594535194337e-12,0.0022129734456125703,0.0022902253606327415,0.012128327577224079,3.308966506209787e-05,-0.37188585942651786,-0.37188585942651786,1.2656648743466499,0.38808380080566446,0.015,0.395,0.73,0.075,2.7966962079517543e-11,0.48975958546570203,0.012757603197339705,d=-0.008 zeta=0.5%
150957.84103875133,3.315499001996008,3.32213,0.02338,0.005,-0.001998000003991942,2.338,600.0,100.0,0.35,420,-5.810982654446806,0.0025,21.828599179109702,3.2796466423055013,3.357528744590398,3.3185876934479497,0.021467216892852456,4022.9359799387853,1930.7993528868112,18.540070843371442,3.219555261550322,0.0019107139030820465,6.776921741745265,0.0019533134023325145,7.305200410898385,0.0020220993804219924,7.319302302600241,0.0020230468749999997,0.00202520751953125,0.0020208862304687495,6.913771647513782,98210688.66236816,0.02274111328125,0.02392001953125,0.02156220703125,1.1199887616003759,13092986.954397745,arm0,200,150957.84103875133,150957.84103875133,0.0018544045543777033,0.9419278612318318,0.00770685619707213,0.00770685619707213,0.1851367530579631,-0.006689190661586368,0.025,0.0,0.665,0.0,3.183231456205249e-12,0.0019289535005934527,0.0018744992951063254,0.0019681574583853717,0.9473592248982721,0.007652165079684195,0.007652165079684195,0.1964721640623339,-0.0032040494184368247,0.015,0.0,0.66,0.0,6.821210263296962e-12,0.0020442276259341552,0.002022383962436755,0.011393713820668113,2.7158173052892638e-06,-0.6012244740177485,-0.6012244740177485,1.2857477119168386,0.07822680983148296,0.015,0.375,0.67,0.18,3.6266101233195513e-10,0.8285045059396625,0.011477144461925472,d=-0.002 zeta=0.5%
151563.03497787408,3.32213,3.32213,0.02338,0.005,0.0,2.338,600.0,100.0,0.35,420,-5.810982654446806,0.0025,21.828599179109702,3.2830646126464336,3.360741320451296,3.3219029665488646,0.02338,3544.176772762219,2262.2229549922486,19.780014085339552,1.9662932828162194,0.0018999962832767143,6.748862711380555,0.0019136467057330826,7.259467312180361,0.001979330946497947,7.271312166702193,0.0019802124023437506,0.0019815795898437505,0.0019788452148437508,inf,inf,0.022633203125000004,0.022182324218750004,0.023084082031250005,1.0852538291923939,inf,arm0,200,151563.03497787408,151563.03497787408,0.0018247227241066834,0.9223340848999289,0.00530895448111085,0.00530895448111085,0.1820929283234311,0.013064603391416954,0.025,0.0,0.5,0.0,2.2737367544323206e-13,0.001892094569702748,0.0016950534117512873,0.0019164596937988794,0.9374811625155438,0.0036067467088138614,0.0036067467088138614,0.19120027540116322,0.009683884771951187,0.015,0.0,0.58,0.0,2.7284841053187847e-12,0.001984163956528372,0.0018143980836477771,0.013104011362682336,,-0.18969101412304865,-0.18969101412304865,1.320813409639093,-0.024235496776192706,0.005,0.37,0.575,0.17,2.9331204132176936e-11,0.6872424897609339,0.011818347520004732,d=+0.000 zeta=0.5%
152171.87100203056,3.3287875751503004,3.32213,0.02338,0.005,0.002001999995991978,2.338,600.0,100.0,0.35,420,-5.810982654446806,0.0025,21.828599179109702,3.286211947526664,3.3642511043779164,3.32523152595229,0.02146355782784745,3089.860401631481,2628.2268736150554,21.024120020271614,0.7078824838182469,0.0018788255448931447,6.734386141987384,0.0018797868948935957,7.242268478161421,0.0019418459180818232,7.251938870922332,0.00194268798828125,0.00194327392578125,0.00194210205078125,6.02879678521004,83586923.07122174,0.022654589843750003,0.02058759765625,0.024721582031250005,1.0682099533636547,10296470.457805607,arm0,200,152171.87100203056,152171.87100203056,0.0019546016187691052,1.0822898750901062,0.00465258234646151,0.00465258234646151,0.19502640341511188,-0.0013444330189806759,0.01,0.0,0.67,0.0,3.183231456205249e-12,0.0018783644144183017,0.0018507412555538716,0.001947750678007444,1.0060908411524592,0.00859516665359954,0.00859516665359954,0.19447754958196029,-0.0036026116184555606,0.01,0.0,0.7,0.0,6.366462912410498e-12,0.0019457629304255918,0.0018663026521532002,0.01234398571929978,4.192272756623246e-06,0.4743817265402875,0.4743817265402875,1.319529900262285,-0.0789098238370661,0.01,0.41,0.595,0.165,9.049472282640636e-11,inf,0.011326817671876275,d=+0.002 zeta=0.5%
154020.52589321043,3.348921370967742,3.32213,0.02338,0.005,0.008031998967775265,2.338,600.0,100.0,0.35,420,-5.810982654446806,0.0025,21.828599179109705,3.294065154683799,3.3765302964022785,3.3352977255430387,0.016689194519157013,1965.6966070448048,3868.791142065011,18.774996928593456,2.9688209842889575,0.0018258789675862758,6.530423174476114,0.0018657084375451585,7.114919051007244,0.001917512754364228,7.119545554669832,0.0019183471679687502,0.0019165893554687501,0.0019201049804687502,1.2910531178548206,4461830.088263993,0.021121435546875005,0.01664267578125001,0.025600195312500004,1.1028908933185684,499970.34974921297,arm0,200,154020.52589321043,154020.52589321043,0.001605611887849319,0.773280712566406,0.008868324602480762,0.008868324602480762,0.16040462290272448,7.652999350294171e-05,0.02,0.0,0.68,0.0,3.637978807091713e-12,0.0018409355171163486,0.0016336515562058722,0.0016201636954614371,0.7139063910917882,0.007626591758492194,0.007626591758492194,0.16179067458527632,0.002279943477836441,0.01,0.0,0.63,0.0,4.092726157978177e-12,0.0019402956240421568,0.00182276732897494,0.01173405020697813,8.260525240977006e-05,0.41744092123520676,0.41744092123520676,1.2426793104447913,1.2621041542575409,0.01,0.445,0.755,0.1,1.1823431123048067e-11,inf,0.012055514198755985,d=+0.008 zeta=0.5%
156220.13165329496,3.3727208121827412,3.32213,0.02338,0.005,0.015112487152482553,2.338,600.0,100.0,0.35,420,-5.810982654446806,0.0025,21.828599179109702,3.3005962183974114,3.393796991119433,3.3471966047584223,0.012726544223158916,1132.0952160224726,5299.924363788482,14.968530303741979,6.811312649816797,0.0017291849873359154,6.574525749898476,0.0018914005380092974,7.426269633230683,0.0019293610708788918,7.428607673159175,0.0019302490234375,0.00192518310546875,0.0019353149414062499,0.5840397402373612,1129721.7381700384,0.025639501953125005,0.013311230468749997,0.03796777343750001,1.2449276423849276,114077.996572517,arm0,200,156220.13165329496,156220.13165329496,0.0015786929654398169,0.8335131095633078,-0.004476453003205227,-0.004476453003205227,0.1575377410299676,-2.008359748218853e-05,0.015,0.0,0.715,0.0,2.7284841053187847e-12,0.0017445195922905976,0.0014999079944058237,0.0017822367991469114,0.8533040175367355,0.004622390125550769,0.004622390125550769,0.17783764554333106,0.01705528048890817,0.0,0.0,0.68,0.0,3.637978807091713e-12,0.0019714321221337514,0.001697576452495513,0.013118851732627959,0.0005045530656238554,-0.39191660122523825,-0.39191660122523825,1.366029324942759,-1.376509588503273,0.01,0.32,0.745,0.035,3.774403012357652e-11,0.3873418027931879,0.013909210698437289,d=+0.015 zeta=0.5%
164472.53851561085,3.4605520833333334,3.32213,0.02338,0.005,0.04079933388842641,2.338,600.0,100.0,0.35,420,-5.810982654446806,0.0025,21.828599179109702,3.3113339486384503,3.4708840284511324,3.3911089885447914,0.00622417135883583,258.4517929784362,8178.1249724465215,5.817615418469084,15.98462053828326,0.0015073938005327832,7.497813526665804,0.00203800350148666,10.806868035091362,0.002046537336536371,10.920107550665158,0.0020485107421875,0.00203726806640625,0.0020597534179687504,0.14382718369053954,104180.48574119633,0.029144848632812505,0.007089306640624999,0.05120039062500001,1.8432570124854897,9103.921481803682,arm0,200,164472.53851561085,164472.53851561085,0.001557321351904711,1.0673405924858042,-0.009545702239080576,-0.009545702239080576,0.15563532976983535,-0.014724110586437173,0.035,0.0,0.645,0.0,3.183231456205249e-12,0.0015131645963412147,0.0015225789433304414,0.002404489741872122,1.3804049653295878,-0.0028820555130175105,-0.0028820555130175105,0.23986441354591218,0.01278788605386648,0.005,0.0,0.66,0.01,9.094947017729282e-12,0.002308651827641247,0.0019425209540832307,0.0223071771005436,0.024055106134334345,-1.717987223060786,-1.717987223060786,2.811174326334197,-2.309817993234017,0.005,0.145,0.63,0.035,8.046754373935983e-10,0.20418485838530823,0.023334565608690377,d=+0.040 zeta=0.5%
140114.24932624522,3.1943557692307696,3.32213,0.02338,0.02,-0.03920061491160636,0.5845,600.0,100.0,0.35,420,-5.810982654446806,0.0025,10.23873602680097,3.1836277715413788,3.332412148817786,3.258019960179582,0.0064427045278039885,649.3802817502904,171.9222874179615,2.5455532465732893,7.261236164738393,0.004609324599117934,38.58213791816815,0.016666978383569803,77.09363214056016,0.019246910760120504,156.97496790151698,0.010677294921875,,0.010677294921875,54.70660054041502,1084822049.891884,,,,17.436024835227453,140865574.50751683,arm0,200,140114.24932624522,140114.24932624522,0.004701937588829817,1.0405887684004609,0.0008305931413950013,0.0008305931413950013,0.46901753690348463,0.039979379491633625,0.025,0.0,0.65,0.0,4.547473508864641e-12,inf,0.004569298995695545,0.031175613482844162,2.6236624002966957,1.4617138529360372,1.4617138529360372,3.43616067790499,0.7108644216262873,0.0,0.0,0.81,0.475,2.7057467377744615e-11,inf,0.018239871618762383,0.032129552357184295,3.449291453842112e-07,0.9929889738625528,0.9929889738625528,3.3552187771007476,-0.011871682219211768,0.0,0.405,0.8,0.595,6.787706752220402e-07,inf,0.024576358149245858,d=-0.040 zeta=2.0%
147110.88106874525,3.273034482758621,3.32213,0.02338,0.02,-0.014887512467829728,0.5845,600.0,100.0,0.35,420,-5.810982654446806,0.0025,10.70707678893804,3.251650745607598,3.3430629504716998,3.297356848039649,0.012830034816873975,538.206429456533,282.24851302822833,7.136163524429435,3.1852431681408175,0.004605288530605541,51.53768641756791,0.00739200981912603,62.747843450855,0.007645444734004502,88.98642345995424,0.029098632812500004,,0.029098632812500004,72.02432425309748,1690388787.227279,,,,2.7560799836657126,244593378.03345138,arm0,200,147110.88106874525,147110.88106874525,0.004794565650697374,1.0838891021591743,0.011383433551376297,0.011383433551376297,0.47839187635133135,0.0031151118713691685,0.035,0.0,0.64,0.0,6.366462912410498e-12,inf,0.0049081038026542595,0.011045488193185017,2.0872012438850738,0.42823806651779345,0.42823806651779345,1.1820811289422992,0.38867063176179234,0.015,0.0,0.745,0.205,2.2737367544323206e-11,inf,0.008597009340013858,0.02414147419582403,1.123489941938475e-07,-0.009282624335499035,-0.009282624335499035,2.408122378903021,-0.5703039436754911,0.015,0.465,0.825,0.67,9.151435733656399e-07,inf,0.017760575460432238,d=-0.015 zeta=2.0%
149163.82325092924,3.2957638888888887,3.32213,0.02338,0.02,-0.007968001015840826,0.5845,600.0,100.0,0.35,420,-5.810982654446806,0.0025,11.227767120598529,3.2678510795294393,3.349590522768759,3.308720801149099,0.016732473477343315,479.29898353464415,321.18422434952424,8.970444952945282,1.9164247903976648,0.004415621405257475,60.354483483600944,0.0060396252288762485,78.58542428192202,0.0062879742457691195,92.99105214951008,0.014894396972656251,0.0060761962890625,0.023712597656250004,114.45828572606786,4395042489.303078,0.11462089843750004,0.05120039062500001,0.17804140625000006,2.0278594388576097,671909550.527579,arm0,200,149163.82325092924,149163.82325092924,0.004421177097757967,1.0025179638604802,0.05470250071634264,0.05470250071634264,0.4443906980749364,0.046835252495683176,0.01,0.0,0.585,0.0,5.4569682106375694e-12,inf,0.004529307168481414,0.013836237919155418,4.841885710640653,0.3792039966824465,0.3792039966824465,1.4313065341382687,0.3221084370093555,0.005,0.0,0.75,0.115,2.091837814077735e-11,inf,0.007598076503251188,0.018955247199133562,2.742612372674078e-08,-0.2502531260090836,-0.2502531260090836,1.9072691265421648,-0.2638338526312438,0.01,0.475,0.82,0.64,4.987095508113271e-06,inf,0.014621221527342465,d=-0.008 zeta=2.0%
150957.84103875133,3.315499001996008,3.32213,0.02338,0.02,-0.001998000003991942,0.5845,600.0,100.0,0.35,420,-5.810982654446806,0.0025,11.983999196452759,3.2796466423055013,3.357528744590398,3.3185876934479497,0.021467216892852456,419.9690969638687,352.40825165812765,10.872017202306628,0.8184956233672741,0.004136310277781681,63.79131630271291,0.004975205055739169,84.65453869851031,0.005336300244985779,87.85584528938358,0.0056768554687499995,0.005166723632812499,0.0061869873046875,416.3653309777164,63798183945.476425,0.06400048828125002,0.025600195312500004,0.10240078125000002,1.664386926420976,10132646757.878305,arm0,200,150957.84103875133,150957.84103875133,0.004096098017817992,0.9806509714738841,-0.025555826421074287,-0.025555826421074287,0.4093829369077444,-0.041172319878213175,0.015,0.0,0.585,0.0,8.86757334228605e-12,inf,0.0038146878028266227,0.00887592726763443,2.76660371390504,0.12051929067719255,0.12051929067719255,0.893536033848485,0.12469010918467596,0.015,0.015,0.75,0.08,1.4551915228366852e-11,inf,0.0059983603815816095,0.01889896199653041,2.0602825421690235e-09,-0.2960723950402799,-0.2960723950402799,1.9082735575227623,-0.35838981792512903,0.01,0.51,0.805,0.595,3.1280089842766756e-06,inf,0.01477242875846781,d=-0.002 zeta=2.0%
151563.03497787408,3.32213,3.32213,0.02338,0.02,0.0,0.5845,600.0,100.0,0.35,420,-5.810982654446806,0.0025,12.30725301842785,3.2830646126464336,3.360741320451296,3.3219029665488646,0.02338,399.0557524492753,362.2794042979071,11.578637515873416,0.4476368484492962,0.004031275983457435,62.876465578030675,0.004656957433602035,82.86379991560709,0.005060567064552497,84.22468944871252,0.00529912109375,0.0049183349609375005,0.0056799072265625,inf,inf,0.025600195312500004,0.025600195312500004,0.025600195312500004,1.5758443062848513,inf,arm0,200,151563.03497787408,151563.03497787408,0.004048383949065571,1.00850562806831,0.01888602825102474,0.01888602825102474,0.4042664188671415,0.047599644171867274,0.005,0.0,0.485,0.0,0.0,inf,0.0038174724280325115,0.015900660572608062,9.872609617095051,0.2848497461445173,0.2848497461445173,1.6114614156098341,0.15339107678267544,0.005,0.005,0.67,0.095,1.2732925824820995e-11,inf,0.005800430774319816,0.02049549501891703,,0.037620325353740394,0.037620325353740394,2.044765312641215,-0.08810626689460871,0.02,0.485,0.745,0.58,3.5279456369607942e-06,inf,0.016652968242878482,d=+0.000 zeta=2.0%
152171.87100203056,3.3287875751503004,3.32213,0.02338,0.02,0.002001999995991978,0.5845,600.0,100.0,0.35,420,-5.810982654446806,0.0025,12.665163476655856,3.286211947526664,3.3642511043779164,3.32523152595229,0.02146355782784745,377.85960367216126,371.97129880503786,12.319345376492745,0.07217595758934467,0.003927255431114944,60.866275073071186,0.0043710576476859424,79.13635157342507,0.004808591068716879,79.90341155895325,0.00496787109375,0.0046944580078125,0.005241284179687501,382.98787866810045,59590542214.29067,0.025600195312500004,0.025600195312500004,0.025600195312500004,1.4991924726065817,9510246201.79861,arm0,200,152171.87100203056,152171.87100203056,0.0037878821005448366,0.9302819786919809,-0.03021326558270867,-0.03021326558270867,0.3790461013558497,0.014969671964188594,0.035,0.0,0.625,0.0,9.777068044058979e-12,inf,0.003639475282044049,0.010230598040159173,4.526539893436765,0.20601018102434518,0.20601018102434518,1.0410851552422602,0.15928997056591304,0.0,0.0,0.71,0.105,1.4779288903810084e-11,inf,0.00570896132508871,0.016537363472095164,1.864500419998845e-09,-0.13174677951648076,-0.13174677951648076,1.6548495099145515,-0.2208000692181603,0.0,0.525,0.805,0.63,6.508235628643888e-06,inf,0.015370978396433676,d=+0.002 zeta=2.0%
154020.52589321043,3.348921370967742,3.32213,0.02338,0.02,0.008031998967775265,0.5845,600.0,100.0,0.35,420,-5.810982654446806,0.0025,12.059503910781686,3.294065154683799,3.3765302964022785,3.3352977255430387,0.016689194519157013,327.0183448658051,413.27204723292164,10.686981071221926,1.093337738681104,0.003976986230860331,56.33467236384924,0.0040551750468439006,68.46174158500904,0.0046064429253606575,72.68370191212433,0.004666699218750001,0.004563793945312501,0.0047696044921875,84.08787552573769,3150029711.1051774,0.03200395507812501,0.023397167968750004,0.040610742187500014,1.341600508941355,447052559.4728088,arm0,200,154020.52589321043,154020.52589321043,0.003926047385349223,0.9745472476281547,0.019579992211777173,0.019579992211777173,0.3921111633344389,0.0024658644278594023,0.01,0.0,0.68,0.0,6.821210263296962e-12,inf,0.0036084038582387423,0.010749633822364369,5.445728081085897,0.19535652993251182,0.19535652993251182,1.0899232613219734,0.08120833455221235,0.025,0.015,0.75,0.08,1.2960299500264227e-11,inf,0.0049506850071992575,0.01978802042929377,5.537808578556185e-08,0.16316945112011236,0.16316945112011236,1.9805816083299381,0.1915694387992331,0.0,0.465,0.81,0.585,1.3216726983955596e-06,inf,0.01463324717021879,d=+0.008 zeta=2.0%
156220.13165329496,3.3727208121827412,3.32213,0.02338,0.02,0.015112487152482553,0.5845,600.0,100.0,0.35,420,-5.810982654446806,0.0025,11.218160042909355,3.3005962183974114,3.393796991119433,3.3471966047584223,0.012726544223158916,273.27493119305905,461.64777380922476,8.337624084693267,2.5294863607010933,0.004125980438145687,46.58559634878109,0.004148932351124608,53.08770595569092,0.004674120973912359,64.26800944981024,0.0047065673828125005,0.0046794677734375,0.004733666992187501,34.92011658273289,651807662.6589676,0.05430312500000001,0.05740585937500001,0.05120039062500001,1.2833513379987034,71630344.64132683,arm0,200,156220.13165329496,156220.13165329496,0.004246994083153778,1.059519569707373,0.01551911389784067,0.01551911389784067,0.4239204906376773,-0.008232916613598923,0.005,0.0,0.665,0.0,3.865352482534945e-12,inf,0.00436851954877823,0.00964767362543458,4.2603502969207865,0.12197747300721781,0.12197747300721781,0.9700518993492792,0.06351669109751826,0.02,0.0,0.725,0.07,1.1596057447604835e-11,inf,0.005476474199363964,0.01671534917952536,2.2912872410103694e-07,0.0670085634144968,0.0670085634144968,1.668696792289059,0.22191528886552908,0.01,0.525,0.77,0.53,1.0559347174421418e-07,inf,0.016611718558215974,d=+0.015 zeta=2.0%
164472.53851561085,3.4605520833333334,3.32213,0.02338,0.02,0.04079933388842641,0.5845,600.0,100.0,0.35,420,-5.810982654446806,0.0025,10.340012277383806,3.3113339486384503,3.4708840284511324,3.3911089885447914,0.00622417135883583,146.9496387705844,579.1029227478409,2.4030713289096677,7.5065478154117695,0.0043540791361598745,28.13733339965042,0.006247396615094471,40.67738140435384,0.006633933794436725,58.79226618763354,0.0064356445312500005,0.006400048828125001,0.006471240234375,4.3846677156572955,20015429.73508715,0.08032529296875,0.034612304687500005,0.12603828125,2.3213981271367556,1014099.8934770335,arm0,200,164472.53851561085,164472.53851561085,0.0044292837980923205,1.034842792571365,-0.04082434143438678,-0.04082434143438678,0.4437017565277158,-0.050772113851699496,0.005,0.0,0.61,0.0,5.4569682106375694e-12,inf,0.004412143879079934,0.0312687279860867,22.216629010032683,0.35398259457361586,0.35398259457361586,3.1390684141073595,-0.18644692065256502,0.015,0.0,0.71,0.47,2.3419488570652902e-11,inf,0.008704832701936895,0.027896318259889478,4.0478126642480615e-05,-0.8907990417405514,-0.8907990417405514,2.921756052225006,0.10555332206145593,0.01,0.42,0.72,0.545,6.4742175709398e-07,inf,0.02588386980334843,d=+0.040 zeta=2.0%
