part,quantity,u,R_host_known,R_host_unknown,expr,s_over_zeta,R_known,R_known_cf,R_all,R_all_cf,d_over_zeta,R_fh,R_fh_s,eps_over_s,label,Se_over_P,rho,R_free_amp,R_equal_amp,W,d,s,zeta,sd_numeric,sd_closed,ratio,sd_numeric_known,sd_closed_known,ratio_known,nrep,sd_mc,sd_crb,n_sigma,kappa,B_f,match,tol,d_min,inv_rho,Upsilon,sd_factor,d_over_s,d_bias,d_ident,binds,dR_dlnT,predicted,pos_m,rho_sensor,drho,drho_pred,s_fe,dlnf_lo,dlnf_hi,dlnf_sum,rho_freq,Td,cov_far,cov_known,cov_unknown,sd_T_kN_unknown,bias_pct,cov_pct,R_d50,R_d10,R_d2,R_d02,R_d0,Se,R
1,tuned_ratio,0.0,1.0,1.0,,,,,,,,,,,,,,,,,,,,,,,,,,,,,,,,,,,,,,,,,,,,,,,,,,,,,,,,,,,,,,,,,,
1,tuned_ratio,0.48586827175664576,1.1055728090000843,1.1117859405028423,,,,,,,,,,,,,,,,,,,,,,,,,,,,,,,,,,,,,,,,,,,,,,,,,,,,,,,,,,,,,,,,,,
1,tuned_ratio,0.5773502691896258,1.142857142857143,1.1547005383792517,,,,,,,,,,,,,,,,,,,,,,,,,,,,,,,,,,,,,,,,,,,,,,,,,,,,,,,,,,,,,,,,,,
1,tuned_ratio,1.14,1.393865923142199,1.5164432069813891,,,,,,,,,,,,,,,,,,,,,,,,,,,,,,,,,,,,,,,,,,,,,,,,,,,,,,,,,,,,,,,,,,
1,tuned_ratio,1.0,1.3333333333333333,1.4142135623730951,,,,,,,,,,,,,,,,,,,,,,,,,,,,,,,,,,,,,,,,,,,,,,,,,,,,,,,,,,,,,,,,,,
1,tuned_ratio,2.34,1.7324629461180374,2.5447200238926087,,,,,,,,,,,,,,,,,,,,,,,,,,,,,,,,,,,,,,,,,,,,,,,,,,,,,,,,,,,,,,,,,,
1,tuned_ratio,5.0,1.9259259259259258,5.0990195135927845,,,,,,,,,,,,,,,,,,,,,,,,,,,,,,,,,,,,,,,,,,,,,,,,,,,,,,,,,,,,,,,,,,
1,tuned_ratio,20.0,1.9950248756218905,20.024984394500787,,,,,,,,,,,,,,,,,,,,,,,,,,,,,,,,,,,,,,,,,,,,,,,,,,,,,,,,,,,,,,,,,,
2,farfield_known,,,,sigma**2*(2*delta**2 - sigma**2 + 2)/4,,,,,,,,,,,,,,,,,,,,,,,,,,,,,,,,,,,,,,,,,,,,,,,,,,,,,,,,,,,,,,,,,
2,farfield_unknown,,,,sigma**2*(4*delta**2 - sigma**2 + 4)/8,,,,,,,,,,,,,,,,,,,,,,,,,,,,,,,,,,,,,,,,,,,,,,,,,,,,,,,,,,,,,,,,,
2,uniform_small_s,,,,1 + s^2/(2(d^2+4 zeta^2)),,,,,,,,,,,,,,,,,,,,,,,,,,,,,,,,,,,,,,,,,,,,,,,,,,,,,,,,,,,,,,,,,
3,tuned_numeric,0.01,,,,0.02,1.000050010233794,1.000049997500125,1.0000500114837316,1.0000499987500624,,,,,,,,,,,,,,,,,,,,,,,,,,,,,,,,,,,,,,,,,,,,,,,,,,,,,,,,,,,,
3,tuned_numeric,0.1,,,,0.2,1.0049751372375106,1.0049751243781095,1.0049875749718085,1.004987562112089,,,,,,,,,,,,,,,,,,,,,,,,,,,,,,,,,,,,,,,,,,,,,,,,,,,,,,,,,,,,
3,tuned_numeric,0.25,,,,0.5,1.0303030438187781,1.0303030303030303,1.0307764199325855,1.0307764064044151,,,,,,,,,,,,,,,,,,,,,,,,,,,,,,,,,,,,,,,,,,,,,,,,,,,,,,,,,,,,
3,tuned_numeric,0.48586827175664576,,,,0.9717365435132915,1.1055728245627798,1.1055728090000843,1.111785956240949,1.1117859405028423,,,,,,,,,,,,,,,,,,,,,,,,,,,,,,,,,,,,,,,,,,,,,,,,,,,,,,,,,,,,
3,tuned_numeric,0.5773502691896258,,,,1.1547005383792517,1.1428571594872106,1.142857142857143,1.1547005553557792,1.1547005383792517,,,,,,,,,,,,,,,,,,,,,,,,,,,,,,,,,,,,,,,,,,,,,,,,,,,,,,,,,,,,
3,tuned_numeric,1.14,,,,2.28,1.3938659478794895,1.393865923142199,1.516443236260806,1.5164432069813891,,,,,,,,,,,,,,,,,,,,,,,,,,,,,,,,,,,,,,,,,,,,,,,,,,,,,,,,,,,,
3,tuned_numeric,1.0,,,,2.0,1.3333333559687033,1.3333333333333333,1.4142135878378863,1.4142135623730951,,,,,,,,,,,,,,,,,,,,,,,,,,,,,,,,,,,,,,,,,,,,,,,,,,,,,,,,,,,,
3,tuned_numeric,2.34,,,,4.68,1.7324629843334043,1.7324629461180374,2.5447201063425116,2.5447200238926087,,,,,,,,,,,,,,,,,,,,,,,,,,,,,,,,,,,,,,,,,,,,,,,,,,,,,,,,,,,,
3,tuned_numeric,5.0,,,,10.0,1.9259259731528087,1.9259259259259258,5.099019844635088,5.0990195135927845,,,,,,,,,,,,,,,,,,,,,,,,,,,,,,,,,,,,,,,,,,,,,,,,,,,,,,,,,,,,
3,tuned_numeric,20.0,,,,40.0,1.9950249262984094,1.9950248756218905,20.02498950019264,20.024984394500787,,,,,,,,,,,,,,,,,,,,,,,,,,,,,,,,,,,,,,,,,,,,,,,,,,,,,,,,,,,,
3,detune_sweep,,,,,4.68,1.000273690429864,,1.001293330333672,,200.0,1.000273744210044,1.0008805014777962,0.011698398825341854,,,,,,,,,,,,,,,,,,,,,,,,,,,,,,,,,,,,,,,,,,,,,,,,,,,,,,,,
3,detune_sweep,,,,,4.68,1.001093497868803,,1.005160321777529,,100.0,1.0010943569315411,1.0035159555203361,0.023387201108490328,,,,,,,,,,,,,,,,,,,,,,,,,,,,,,,,,,,,,,,,,,,,,,,,,,,,,,,,
3,detune_sweep,,,,,4.68,1.0043544512119518,,1.0204364384617033,,50.0,1.0043681059103076,1.0139684033762901,0.04669794333771953,,,,,,,,,,,,,,,,,,,,,,,,,,,,,,,,,,,,,,,,,,,,,,,,,,,,,,,,
3,detune_sweep,,,,,4.68,1.0263915505386485,,1.1194322955106972,,20.0,1.026901227073243,1.083345700577904,0.1154407905924843,,,,,,,,,,,,,,,,,,,,,,,,,,,,,,,,,,,,,,,,,,,,,,,,,,,,,,,,
3,detune_sweep,,,,,4.68,1.0952682682369381,,1.3877831016841284,,10.0,1.1022621992583719,1.2869374587663673,0.2224235018798881,,,,,,,,,,,,,,,,,,,,,,,,,,,,,,,,,,,,,,,,,,,,,,,,,,,,,,,,
3,detune_sweep,,,,,4.68,1.27411444026126,,1.884783100657727,,5.0,1.3412711695412227,1.7370310876905302,0.39498561742778854,,,,,,,,,,,,,,,,,,,,,,,,,,,,,,,,,,,,,,,,,,,,,,,,,,,,,,,,
3,detune_sweep,,,,,4.68,1.4572297274282708,,2.217739296809572,,3.0,1.6806452273110892,2.1077132682660813,0.5467933150667148,,,,,,,,,,,,,,,,,,,,,,,,,,,,,,,,,,,,,,,,,,,,,,,,,,,,,,,,
3,detune_sweep,,,,,4.68,1.577863174930271,,2.3800293728254225,,2.0,1.987534132523595,2.314276302717363,0.6601367623472688,,,,,,,,,,,,,,,,,,,,,,,,,,,,,,,,,,,,,,,,,,,,,,,,,,,,,,,,
3,detune_sweep,,,,,4.68,1.6865439952915942,,2.499969065056074,,1.0,2.3537649708682253,2.4798512229355105,0.8088985474487201,,,,,,,,,,,,,,,,,,,,,,,,,,,,,,,,,,,,,,,,,,,,,,,,,,,,,,,,
3,detune_sweep,,,,,4.68,1.7204168468850514,,2.533283791695125,,0.5,2.4921030090946465,2.527975506702408,0.8988533368597037,,,,,,,,,,,,,,,,,,,,,,,,,,,,,,,,,,,,,,,,,,,,,,,,,,,,,,,,
3,detune_sweep,,,,,4.68,1.7305086031540091,,2.5428788406997804,,0.2,2.5360533941549215,2.542016351332802,0.9581776826699079,,,,,,,,,,,,,,,,,,,,,,,,,,,,,,,,,,,,,,,,,,,,,,,,,,,,,,,,
3,detune_sweep,,,,,4.68,1.7323405291921303,,2.5446048984454976,,0.05,2.544175572648779,2.5445508439073885,0.9893733090589354,,,,,,,,,,,,,,,,,,,,,,,,,,,,,,,,,,,,,,,,,,,,,,,,,,,,,,,,
3,detune_sweep,,,,,4.68,1.7324629843334043,,2.544720106342513,,1e-08,2.544720106342513,2.544720106342513,0.9999999978632478,,,,,,,,,,,,,,,,,,,,,,,,,,,,,,,,,,,,,,,,,,,,,,,,,,,,,,,,
3,threshold,0.48586827175664576,,,,,1.1055728090000843,,1.1117859405028423,,,,,,"dip exists (coherent, run_damping)",,,,,,,,,,,,,,,,,,,,,,,,,,,,,,,,,,,,,,,,,,,,,,,,,,,,,,,
3,threshold,0.5773502691896258,,,,,1.142857142857143,,1.1547005383792517,,,,,,dip exists (incoherent ambient),,,,,,,,,,,,,,,,,,,,,,,,,,,,,,,,,,,,,,,,,,,,,,,,,,,,,,,
3,threshold,1.14,,,,,1.393865923142199,,1.5164432069813891,,,,,,3 dB prominence,,,,,,,,,,,,,,,,,,,,,,,,,,,,,,,,,,,,,,,,,,,,,,,,,,,,,,,
3,threshold,2.34,,,,,1.7324629461180374,,2.5447200238926087,,,,,,"worked bridge, zeta = 0.5 %",,,,,,,,,,,,,,,,,,,,,,,,,,,,,,,,,,,,,,,,,,,,,,,,,,,,,,,
3,threshold,5.85,,,,,1.9447856994961694,,5.934854673873658,,,,,,"worked bridge, zeta = 0.2 %",,,,,,,,,,,,,,,,,,,,,,,,,,,,,,,,,,,,,,,,,,,,,,,,,,,,,,,
3,noise_floor,,,,,,1.7328451841092003,,2.545544790083986,,,,,,,0.0,,,,,,,,,,,,,,,,,,,,,,,,,,,,,,,,,,,,,,,,,,,,,,,,,,,,,,
3,noise_floor,,,,,,1.8234628105311919,,2.73889406483783,,,,,,,0.0001,,,,,,,,,,,,,,,,,,,,,,,,,,,,,,,,,,,,,,,,,,,,,,,,,,,,,,
3,noise_floor,,,,,,2.027992983149636,,3.159184238562911,,,,,,,0.001,,,,,,,,,,,,,,,,,,,,,,,,,,,,,,,,,,,,,,,,,,,,,,,,,,,,,,
3,noise_floor,,,,,,2.774202429790386,,4.543048534600995,,,,,,,0.01,,,,,,,,,,,,,,,,,,,,,,,,,,,,,,,,,,,,,,,,,,,,,,,,,,,,,,
3,noise_floor,,,,,,6.977922885535283,,11.149820077315384,,,,,,,0.1,,,,,,,,,,,,,,,,,,,,,,,,,,,,,,,,,,,,,,,,,,,,,,,,,,,,,,
4,free_amplitude,,,,,4.68,,,,,50.0,,,,,,0.99564809436758,1.0087010018508098,1.0047305300081235,,,,,,,,,,,,,,,,,,,,,,,,,,,,,,,,,,,,,,,,,,,,,,,,,,,
4,free_amplitude,,,,,4.68,,,,,20.0,,,,,,0.9736973717131175,1.0541820664534265,1.0290979244382041,,,,,,,,,,,,,,,,,,,,,,,,,,,,,,,,,,,,,,,,,,,,,,,,,,,
4,free_amplitude,,,,,4.68,,,,,10.0,,,,,,0.9057198208401045,1.2145690975696022,1.110166061824111,,,,,,,,,,,,,,,,,,,,,,,,,,,,,,,,,,,,,,,,,,,,,,,,,,,
4,free_amplitude,,,,,4.68,,,,,5.0,,,,,,0.7300833954725183,1.842268910560104,1.3629986856857754,,,,,,,,,,,,,,,,,,,,,,,,,,,,,,,,,,,,,,,,,,,,,,,,,,,
4,free_amplitude,,,,,4.68,,,,,3.0,,,,,,0.5396661147204319,3.3098743785583924,1.7112104369946597,,,,,,,,,,,,,,,,,,,,,,,,,,,,,,,,,,,,,,,,,,,,,,,,,,,
4,free_amplitude,,,,,4.68,,,,,2.0,,,,,,0.39297053923846575,6.164638694611891,2.015682058992925,,,,,,,,,,,,,,,,,,,,,,,,,,,,,,,,,,,,,,,,,,,,,,,,,,,
4,free_amplitude,,,,,4.68,,,,,1.0,,,,,,0.2089582402743822,21.562052181772387,2.3667459542050335,,,,,,,,,,,,,,,,,,,,,,,,,,,,,,,,,,,,,,,,,,,,,,,,,,,
4,free_amplitude,,,,,4.68,,,,,0.5,,,,,,0.10623304058484438,83.14043156535323,2.49601813726756,,,,,,,,,,,,,,,,,,,,,,,,,,,,,,,,,,,,,,,,,,,,,,,,,,,
4,free_amplitude,,,,,4.68,,,,,0.2,,,,,,0.0426960729445746,514.1832985910087,2.536715805340104,,,,,,,,,,,,,,,,,,,,,,,,,,,,,,,,,,,,,,,,,,,,,,,,,,,
4,free_amplitude,,,,,4.68,,,,,0.1,,,,,,0.021362645142242898,2053.621313511679,2.5427112238586806,,,,,,,,,,,,,,,,,,,,,,,,,,,,,,,,,,,,,,,,,,,,,,,,,,,
4,free_amplitude,,,,,4.68,,,,,0.05,,,,,,0.010683150999081983,8211.37324793502,2.5442173953874025,,,,,,,,,,,,,,,,,,,,,,,,,,,,,,,,,,,,,,,,,,,,,,,,,,,
4,W_of_u,0.5,,,,,,,,,,,,,,,,,,4.979667664854209,,,,,,,,,,,,,,,,,,,,,,,,,,,,,,,,,,,,,,,,,,,,,,,,,,
4,W_of_u,1.0,,,,,,,,,,,,,,,,,,1.9142302345770799,,,,,,,,,,,,,,,,,,,,,,,,,,,,,,,,,,,,,,,,,,,,,,,,,,
4,W_of_u,2.0,,,,,,,,,,,,,,,,,,1.0350479703974866,,,,,,,,,,,,,,,,,,,,,,,,,,,,,,,,,,,,,,,,,,,,,,,,,,
4,W_of_u,2.34,,,,,,,,,,,,,,,,,,0.9371502599260563,,,,,,,,,,,,,,,,,,,,,,,,,,,,,,,,,,,,,,,,,,,,,,,,,,
4,W_of_u,4.0,,,,,,,,,,,,,,,,,,0.7272107547341713,,,,,,,,,,,,,,,,,,,,,,,,,,,,,,,,,,,,,,,,,,,,,,,,,,
4,W_of_u,8.0,,,,,,,,,,,,,,,,,,0.6036222598379207,,,,,,,,,,,,,,,,,,,,,,,,,,,,,,,,,,,,,,,,,,,,,,,,,,
4,W_of_u,20.0,,,,,,,,,,,,,,,,,,0.5390756576796903,,,,,,,,,,,,,,,,,,,,,,,,,,,,,,,,,,,,,,,,,,,,,,,,,,
4,W_of_u,200.0,,,,,,,,,,,,,,,,,,0.5037693230914033,,,,,,,,,,,,,,,,,,,,,,,,,,,,,,,,,,,,,,,,,,,,,,,,,,
5,fd_check,,,,,,,,,,,,,,,,,,,,0.0,0.0234,0.005,0.0012266806648996574,0.0011677553127274476,1.0504603588868133,0.0009966373128602968,0.0009635268542826917,1.0343638150098624,,,,,,,,,,,,,,,,,,,,,,,,,,,,,,,,,,,,,,,,,
5,fd_check,,,,,,,,,,,,,,,,,,,,0.0,0.0234,0.002,0.0011843716051895075,0.001127890393494434,1.050076862096576,0.0006560462020758164,0.0006456508370306193,1.0161005987276435,,,,,,,,,,,,,,,,,,,,,,,,,,,,,,,,,,,,,,,,,
5,fd_check,,,,,,,,,,,,,,,,,,,,0.0,0.005,0.005,0.0007919933827212202,0.0007740327697047769,1.0232039439664726,0.0007894517624307126,0.0007716326391682081,1.0230927547099522,,,,,,,,,,,,,,,,,,,,,,,,,,,,,,,,,,,,,,,,,
5,fd_check,,,,,,,,,,,,,,,,,,,,0.0,0.05,0.005,0.001869558991702878,0.0016530089014502854,1.1310035838661243,0.0010646856099501036,0.0010159015810657613,1.0480204281532508,,,,,,,,,,,,,,,,,,,,,,,,,,,,,,,,,,,,,,,,,
5,fd_check,,,,,,,,,,,,,,,,,,,,0.01,0.0234,0.005,0.0011726243769640578,0.0011293355505879474,1.038331234993509,0.000977776556796263,0.0009525558456126559,1.0264768845834817,,,,,,,,,,,,,,,,,,,,,,,,,,,,,,,,,,,,,,,,,
5,fd_check,,,,,,,,,,,,,,,,,,,,0.05,0.0234,0.005,0.0008660159846078091,0.000862368011805844,1.0042301810271534,0.0008405681271811904,0.0008357192170728994,1.0058020804227457,,,,,,,,,,,,,,,,,,,,,,,,,,,,,,,,,,,,,,,,,
5,fd_check,,,,,,,,,,,,,,,,,,,,0.2,0.0234,0.005,0.0010154728931633793,0.0007435458013310903,1.3657166664723102,0.0007755024341162294,0.0007432916473300768,1.0433353272592993,,,,,,,,,,,,,,,,,,,,,,,,,,,,,,,,,,,,,,,,,
6,monte_carlo,,,,,,,,,,,,,,,,,,,,,,,,,0.9970303302759048,,,,400,0.0011642874651300896,0.0011677553127274476,0.08413975188224725,,,,,,,,,,,,,,,,,,,,,,,,,,,,,,,,,,,,,
7,Au_band_factor,,,,,,,,,,,,,,,,,,,,,,,,,,,,,,,,,1.0,0.1816901138162093,,,,,,,,,,,,,,,,,,,,,,,,,,,,,,,,,,,
7,Au_band_factor,,,,,,,,,,,,,,,,,,,,,,,,,,,,,,,,,2.0,0.4501848557521008,,,,,,,,,,,,,,,,,,,,,,,,,,,,,,,,,,,
7,Au_band_factor,,,,,,,,,,,,,,,,,,,,,,,,,,,,,,,,,6.0,0.7916274478151828,,,,,,,,,,,,,,,,,,,,,,,,,,,,,,,,,,,
7,Au_band_factor,,,,,,,,,,,,,,,,,,,,,,,,,,,,,,,,,20.0,0.9364438878932542,,,,,,,,,,,,,,,,,,,,,,,,,,,,,,,,,,,
7,Au_single_mode_law,,,,,,,,,,,,,,,,,,,,,,,,,,,,,,,,,,,exact,,,,,,,,,,,,,,,,,,,,,,,,,,,,,,,,,,
8,criterion,,,,,,,,,,,,,,,,,,,,,0.0234,,,,,,,,,,,,,,,0.005,0.052256000000000004,1.0956827924066135,1.100260390787977,1.048932977262121,,,,,,,,,,,,,,,,,,,,,,,,,,,,,
8,criterion,,,,,,,,,,,,,,,,,,,,,0.0234,,,,,,,,,,,,,,,0.01,0.022378,1.4468674591116275,1.5467127221180685,1.2436690565090331,,,,,,,,,,,,,,,,,,,,,,,,,,,,,
8,criterion,,,,,,,,,,,,,,,,,,,,,0.0234,,,,,,,,,,,,,,,0.02,0.003688999999999999,6.421523448088914,21.117981697177868,4.595430523593831,,,,,,,,,,,,,,,,,,,,,,,,,,,,,
8,criterion,,,,,,,,,,,,,,,,,,,,,0.05,,,,,,,,,,,,,,,0.005,0.24750000000000005,1.02020202020202,1.0204060810121414,1.0101515138889519,,,,,,,,,,,,,,,,,,,,,,,,,,,,,
8,criterion,,,,,,,,,,,,,,,,,,,,,0.05,,,,,,,,,,,,,,,0.01,0.12000000000000004,1.0833333333333333,1.0868055555555554,1.0424996669330668,,,,,,,,,,,,,,,,,,,,,,,,,,,,,
8,criterion,,,,,,,,,,,,,,,,,,,,,0.05,,,,,,,,,,,,,,,0.02,0.052500000000000005,1.3809523809523812,1.4535147392290253,1.2056179905878253,,,,,,,,,,,,,,,,,,,,,,,,,,,,,
8,inverse_criterion,,,,,,,,,,,,,,,,,,,,,,,,,,,,,,,,,,,,,,,1.25,1.118033988749895,1.414213562373095,,,,,,,,,,,,,,,,,,,,,,,,,,,,
8,inverse_criterion,,,,,,,,,,,,,,,,,,,,,,,,,,,,,,,,,,,,,,,1.5,1.224744871391589,1.0,,,,,,,,,,,,,,,,,,,,,,,,,,,,
8,inverse_criterion,,,,,,,,,,,,,,,,,,,,,,,,,,,,,,,,,,,,,,,2.0,1.4142135623730951,0.7071067811865475,,,,,,,,,,,,,,,,,,,,,,,,,,,,
8,inverse_criterion,,,,,,,,,,,,,,,,,,,,,,,,,,,,,,,,,,,,,,,5.0,2.23606797749979,0.35355339059327373,,,,,,,,,,,,,,,,,,,,,,,,,,,,
8,which_binds,,,,,,,,,,,,,,,,,,,,,0.0234,,,,,,,,,,,,,,,0.002,,,,,,0.13589,0.0234,bias,,,,,,,,,,,,,,,,,,,,,,,,,
8,which_binds,,,,,,,,,,,,,,,,,,,,,0.0234,,,,,,,,,,,,,,,0.005,,,,,,0.052256000000000004,0.0234,bias,,,,,,,,,,,,,,,,,,,,,,,,,
8,which_binds,,,,,,,,,,,,,,,,,,,,,0.0234,,,,,,,,,,,,,,,0.01,,,,,,0.022378,0.0234,identifiability,,,,,,,,,,,,,,,,,,,,,,,,,
8,which_binds,,,,,,,,,,,,,,,,,,,,,0.0234,,,,,,,,,,,,,,,0.02,,,,,,0.003688999999999999,0.0234,identifiability,,,,,,,,,,,,,,,,,,,,,,,,,
8,which_binds,,,,,,,,,,,,,,,,,,,,,0.05,,,,,,,,,,,,,,,0.002,,,,,,0.6240000000000001,0.05,bias,,,,,,,,,,,,,,,,,,,,,,,,,
8,which_binds,,,,,,,,,,,,,,,,,,,,,0.05,,,,,,,,,,,,,,,0.005,,,,,,0.24750000000000005,0.05,bias,,,,,,,,,,,,,,,,,,,,,,,,,
8,which_binds,,,,,,,,,,,,,,,,,,,,,0.05,,,,,,,,,,,,,,,0.01,,,,,,0.12000000000000004,0.05,bias,,,,,,,,,,,,,,,,,,,,,,,,,
8,which_binds,,,,,,,,,,,,,,,,,,,,,0.05,,,,,,,,,,,,,,,0.02,,,,,,0.052500000000000005,0.05,bias,,,,,,,,,,,,,,,,,,,,,,,,,
9,fe_split_drift,,,,,,,,,,,,,,,,,,,,,,,,,0.9998623594942805,,,,,,,,,,,,,,,,,,,,0.019841582094393996,0.019844313475736453,,,,,,,,,,,,,,,,,,,,,,,
9,fe_sensor_position,,,,,,,,,,,,,,,,,,,,,,,,,0.9140940489749455,,,,,,,,,,,,,,,,,,,,,,1.0,-0.3951763674094828,19.54928746069434,21.386516499715412,,,,,,,,,,,,,,,,,,,
9,fe_sensor_position,,,,,,,,,,,,,,,,,,,,,,,,,0.9633999832921395,,,,,,,,,,,,,,,,,,,,,,2.0,-0.2503325937234053,20.603769638502893,21.386516499715412,,,,,,,,,,,,,,,,,,,
9,fe_sensor_position,,,,,,,,,,,,,,,,,,,,,,,,,0.9904463354912445,,,,,,,,,,,,,,,,,,,,,,4.0,-0.09380274240567811,21.182196896066166,21.386516499715412,,,,,,,,,,,,,,,,,,,
9,fe_sensor_position,,,,,,,,,,,,,,,,,,,,,,,,,0.9941708533757606,,,,,,,,,,,,,,,,,,,,,,8.0,-0.0019620915178092577,21.261851359256855,21.386516499715412,,,,,,,,,,,,,,,,,,,
9,fe_sensor_position,,,,,,,,,,,,,,,,,,,,,,,,,0.9932406610300653,,,,,,,,,,,,,,,,,,,,,,12.5,0.028366798659104412,21.241957785307733,21.386516499715412,,,,,,,,,,,,,,,,,,,
9,fe_sensor_position,,,,,,,,,,,,,,,,,,,,,,,,,0.9919216103812726,,,,,,,,,,,,,,,,,,,,,,20.0,0.04852397584112126,21.213747886843368,21.386516499715412,,,,,,,,,,,,,,,,,,,
9,fe_channels,,,,,,,,,,,,,,,,,,,,,,,,,,,,,,,,,,,,,,,,,,,,,,,,,,,0.02337921652676131,0.23981005061296523,0.2596543640887017,0.4994644147016669,0.039688626951472905,,,,,,,,,,,,,,
9,bound_kN,5.844804131690327,,,,,,,,,,,,,,,,,,,,,0.002,,,,,,,,,,,,,,,,,,,,,,,,,,,,,,,,,,600.0,0.0007992319867204909,0.0011145469643300118,0.0019462132815627376,0.29504593348491104,,,,,,,,,
9,bound_kN,5.844804131690327,,,,,,,,,,,,,,,,,,,,,0.002,,,,,,,,,,,,,,,,,,,,,,,,,,,,,,,,,,1800.0,0.00046143680267803484,0.0006434839898804126,0.0011236467620106714,0.1703448491208178,,,,,,,,,
9,bound_kN,2.337921652676131,,,,,,,,,,,,,,,,,,,,,0.005,,,,,,,,,,,,,,,,,,,,,,,,,,,,,,,,,,600.0,0.0012636967284490996,0.0016631490267626904,0.0020151145175941573,0.30549136086727424,,,,,,,,,
9,bound_kN,2.337921652676131,,,,,,,,,,,,,,,,,,,,,0.005,,,,,,,,,,,,,,,,,,,,,,,,,,,,,,,,,,1800.0,0.000729595646344137,0.0009602195383039035,0.0011634269091809098,0.17637551943182592,,,,,,,,,
9,bound_kN,1.1689608263380655,,,,,,,,,,,,,,,,,,,,,0.01,,,,,,,,,,,,,,,,,,,,,,,,,,,,,,,,,,600.0,0.001787137052099227,0.002119024451767409,0.0022165783288701966,0.3360332746567218,,,,,,,,,
9,bound_kN,1.1689608263380655,,,,,,,,,,,,,,,,,,,,,0.01,,,,,,,,,,,,,,,,,,,,,,,,,,,,,,,,,,1800.0,0.001031804058108243,0.0012234193376473128,0.001279742094853099,0.1940089015797298,,,,,,,,,
9,bias_vs_noise,,,,,,,,,,,,,,,,,,,,,,,,,40.19026264953943,,,,,,,,,,,,,,,,,,,,,,,,,,,,,,,,,,,,4.675843305352262,0.11634269091809098,,,,,,,
10,two_sensor,,,,,0.5,,,,,,,,,,,,,,,,,,,,,,,,,,,,,,,,,,,,,,,,,,,,,,,,,,,,,,,,,,1.0000973076635644,1.0000973082321098,1.0000973082408304,1.0000948932858968,1.000094933377002,,
10,two_sensor,,,,,2.0,,,,,,,,,,,,,,,,,,,,,,,,,,,,,,,,,,,,,,,,,,,,,,,,,,,,,,,,,,1.0000973080923845,1.0000973101283468,1.0000973102231812,1.0000973101391253,1.0000941423378422,,
10,two_sensor,,,,,4.68,,,,,,,,,,,,,,,,,,,,,,,,,,,,,,,,,,,,,,,,,,,,,,,,,,,,,,,,,,1.0000973191327955,1.000097319145749,1.000097319190532,1.0000948316340046,1.000094918107331,,
10,two_sensor,,,,,10.0,,,,,,,,,,,,,,,,,,,,,,,,,,,,,,,,,,,,,,,,,,,,,,,,,,,,,,,,,,1.0000973570653844,1.000097358549399,1.0000973580610766,1.0000973579453787,1.0000973582579344,,
10,two_sensor,,,,,30.0,,,,,,,,,,,,,,,,,,,,,,,,,,,,,,,,,,,,,,,,,,,,,,,,,,,,,,,,,,1.0000977562535691,1.000097758931191,1.000097758944507,1.000097759564333,1.0000977600512693,,
10,two_sensor_noise,,,,,,,,,,,,,,,,,,,,,,,,,,,,,,,,,,,,,,,,,,,,,,,,,,,,,,,,,,,,,,,,,,,,1e-09,1.000094918107331
10,two_sensor_noise,,,,,,,,,,,,,,,,,,,,,,,,,,,,,,,,,,,,,,,,,,,,,,,,,,,,,,,,,,,,,,,,,,,,1e-06,1.0030159676439927
10,two_sensor_noise,,,,,,,,,,,,,,,,,,,,,,,,,,,,,,,,,,,,,,,,,,,,,,,,,,,,,,,,,,,,,,,,,,,,0.0001,1.0316117213647582
