T,f_s,f_h,s,zeta,d,r_res,dur,fs,band_half,nbins,cb,rh,pnr_db,f_lo,f_hi,f0,eps,S_lo,S_hi,weak_peak_snr_db,peak_ratio_db,cv_host_known,cond_host_known,cv_fh_known,cond_fh_known,cv_host_unknown,cond_host_unknown,prof_host_unknown,prof_up_host_unknown,prof_dn_host_unknown,cv_host_unknown_rb,cond_host_unknown_rb,prof_host_unknown_rb,prof_up_host_unknown_rb,prof_dn_host_unknown_rb,ratio_unknown_known,ratio_rb_known,sweep,pnr_ref_db
134869.71628896202,3.134084905660377,3.32213,0.02338,0.002,-0.058203051422113454,5.845000000000001,600.0,100.0,0.35,420,-5.810982654446806,0.0025,29.761750398349996,3.126554586261782,3.329217979032559,3.2278862826471704,0.004520306227530767,61239.73181221974,143.92485636317005,0.8824652053756515,28.87582865409849,0.0008996874697504343,5.2044507035650724,0.0052233950095953805,133.88308379846492,0.005808445344922332,172.41575519413112,0.005432104492187501,0.005483862304687501,0.005380346679687501,0.819572777975192,3616860.0453160177,0.0053805908203125,,0.0053805908203125,41.6808407360129,829834.9193453232,d_zeta,
140114.24932624522,3.1943557692307696,3.32213,0.02338,0.002,-0.03920061491160636,5.845000000000001,600.0,100.0,0.35,420,-5.810982654446806,0.0025,29.75252598776558,3.1836277715413788,3.332412148817786,3.258019960179582,0.0064427045278039885,58187.955911413854,274.50071013617867,5.3981528085302,24.359237589679505,0.00092427820518911,5.5760241893463665,0.0023005599923938917,23.31634990124609,0.0027494410090249644,34.35769722365358,0.0027592895507812503,0.0027762084960937503,0.0027423706054687507,0.3159066872900088,541082.1458146281,0.016451049804687503,0.025600195312500004,0.007301904296875,8.848779790413902,116818.65835041124,d_zeta,
144250.74762393459,3.2411024390243908,3.32213,0.02338,0.002,-0.02468759524535182,5.845000000000001,600.0,100.0,0.35,420,-5.810982654446806,0.0025,29.717980531802123,3.2255896025782946,3.3371941017700264,3.2813918521741607,0.009313901177575187,51838.6320717128,799.2596884952229,11.322605400861988,18.424071139926667,0.0009820728331077103,5.703279321521948,0.001561347276311888,8.574978376047337,0.0019693804976538983,15.286998234822121,0.0019699462890625,0.00200145263671875,0.00193843994140625,0.24832342225937334,351431.58434333163,0.030523950195312503,0.05120039062500001,0.009847509765625,4.021349973995245,63936.3699078905,d_zeta,
147110.88106874525,3.273034482758621,3.32213,0.02338,0.002,-0.014887512467829728,5.845000000000001,600.0,100.0,0.35,420,-5.810982654446806,0.0025,29.71224203254828,3.251650745607598,3.3430629504716998,3.297356848039649,0.012830034816873975,42804.98700405113,2285.6194435344437,16.89984691560698,12.808043387359431,0.0010663475648214757,5.734228093328313,0.001332942996541027,5.962244053783288,0.0016959335520337858,9.263929385965044,0.0016964599609374997,0.0017137329101562498,0.0016791870117187496,0.2790743195840931,460901.8878632558,0.025200244140625,0.037378320312500005,0.013022167968750002,2.5294150689146497,68492.36873878099,d_zeta,
149163.82325092924,3.2957638888888887,3.32213,0.02338,0.002,-0.007968001015840826,5.845000000000001,600.0,100.0,0.35,420,-5.810982654446806,0.0025,29.587769601651427,3.2678510795294393,3.349590522768759,3.308720801149099,0.016732473477343315,33170.40366272263,5156.3433280765985,21.51406665695239,8.109894786477959,0.001145277309020879,5.799292464736518,0.0012437570441694748,5.846689454742887,0.0015546718790601984,6.535251643641191,0.001555279541015625,0.001563629150390625,0.001546929931640625,0.4046545318432634,1013303.294166936,0.022853662109375,0.0290974609375,0.01660986328125,1.842706524894865,124838.20185113726,d_zeta,
150356.26019298862,3.308894422310757,3.32213,0.02338,0.002,-0.003992000063744512,5.845000000000001,600.0,100.0,0.35,420,-5.810982654446806,0.0025,29.49788963758173,3.2759635319790457,3.3546077225277195,3.315285627253383,0.019726357057037194,26820.490618523072,8065.11983061075,24.305286518530345,5.229814096381475,0.0011787002783107021,5.865946220267788,0.0012101929901954232,5.890823527722805,0.001485781824777756,5.989251231261563,0.0014864013671875003,0.0014906555175781251,0.0014821472167968754,0.7007439590442905,3162415.234576232,0.02215947265625,0.02502275390625,0.01929619140625,1.5889246796878285,353436.951673369,d_zeta,
150957.84103875133,3.315499001996008,3.32213,0.02338,0.002,-0.001998000003991942,5.845000000000001,600.0,100.0,0.35,420,-5.810982654446806,0.0025,29.441361659113433,3.2796466423055013,3.357528744590398,3.3185876934479497,0.021467216892852456,23625.882698543697,9943.56768731112,25.70682746685892,3.765211690652563,0.0011858504553057417,5.905958903962522,0.0011969749383334695,5.927575885719703,0.001454163684497539,5.955806687299402,0.001454791259765625,0.0014572937011718748,0.0014522888183593752,1.305149993092191,11314362.827833697,0.021973242187500002,0.023177246093750003,0.02076923828125,1.5037191823191867,1211325.8952239149,d_zeta,
151563.03497787408,3.32213,3.32213,0.02338,0.002,0.0,5.845000000000001,600.0,100.0,0.35,420,-5.810982654446806,0.0025,29.37604602028832,3.2830646126464336,3.360741320451296,3.3219029665488646,0.02338,20531.06350371335,12101.638648952274,27.1000895458721,2.299147920195737,0.0011845496630054444,5.948776789095713,0.0011856556128836424,5.971070397489391,0.0014242706966527117,5.975308349631261,0.001424896240234375,0.0014258361816406248,0.0014239562988281253,inf,inf,0.021900292968750002,0.021459082031250003,0.02234150390625,1.4457011654769478,inf,d_zeta,
152171.87100203056,3.3287875751503004,3.32213,0.02338,0.002,0.002001999995991978,5.845000000000001,600.0,100.0,0.35,420,-5.810982654446806,0.0025,29.284426184961106,3.286211947526664,3.3642511043779164,3.32523152595229,0.02146355782784745,17615.974467346936,14510.401209442773,28.472287640982344,0.8433607830350259,0.0011745705454099776,5.991772832551181,0.0011759352092487402,6.018742253963041,0.0013960760051525097,6.0209865508658345,0.001396697998046875,0.0013962707519531252,0.001397125244140625,1.1341669122205993,9341103.681339573,0.02193994140625,0.019863769531250002,0.024016113281249998,1.4127324269877135,932385.9801149182,d_zeta,
152784.37839426746,3.335471887550201,3.32213,0.02338,0.002,0.0040079999357435945,5.845000000000001,600.0,100.0,0.35,420,-5.810982654446806,0.0025,29.28494911386902,3.289089259163965,3.3680576442201726,3.328573451692069,0.01971305534189784,14947.438784442918,17122.658676526517,28.66856784163285,0.5907937473197581,0.0011601668576417571,5.980867707102553,0.0011708323707872723,6.013764359359542,0.0013762564392263527,6.026892349054347,0.001376885986328125,0.0013752502441406252,0.001378521728515625,0.5399715656793705,2210635.4507877324,0.021994482421875003,0.018388769531249998,0.025600195312500004,1.407206453644884,216621.15751607,d_zeta,
154020.52589321043,3.348921370967742,3.32213,0.02338,0.002,0.008031998967775265,5.845000000000001,600.0,100.0,0.35,420,-5.810982654446806,0.0025,29.463083991724996,3.294065154683799,3.3765302964022785,3.3352977255430387,0.016689194519157013,10493.605848675503,22688.785459148163,26.095624532409683,3.3545970884676466,0.0011218132261268442,5.871350844981578,0.0011708791823881114,5.919658394201355,0.0013556811028132144,5.991003549102225,0.001356329345703125,0.0013523864746093751,0.001360272216796875,0.25892222910656865,543599.9870939617,0.020685791015625003,0.01577138671875,0.025600195312500004,1.4604072244063955,53271.82344380724,d_zeta,
156220.13165329496,3.3727208121827412,3.32213,0.02338,0.002,0.015112487152482553,5.845000000000001,600.0,100.0,0.35,420,-5.810982654446806,0.0025,29.594631269592078,3.3005962183974114,3.393796991119433,3.3471966047584223,0.012726544223158916,5458.619745504166,32116.53873663244,21.908812645943044,7.719624429695806,0.0010378860271764282,5.771599588185805,0.0011752298177136497,5.899155973351432,0.001326884533580471,6.263816443127163,0.0013275451660156251,0.0013198059082031252,0.001335284423828125,0.13202307765120247,160245.16010563518,0.0246060302734375,0.012000146484375,0.0372119140625,1.6344322890985903,16180.814339920491,d_zeta,
159444.98762692578,3.4073128205128205,3.32213,0.02338,0.002,0.02531239987183604,5.845000000000001,600.0,100.0,0.35,420,-5.810982654446806,0.0025,29.670249223128195,3.306507604699637,3.4224751063805416,3.364491355540089,0.009145429242484626,2267.0242924402846,42280.53106687622,16.927767734582343,12.789434520887582,0.0009484105783856933,5.6390392980236115,0.0011847069014740608,6.078221331642167,0.0012970341045351282,7.09212904364482,0.0012976928710937501,0.0012853210449218749,0.0013100646972656251,0.0772584010764581,63297.775232813445,0.028891284179687504,0.008584326171874998,0.04919824218750001,1.8702945684633088,6635.881972266291,d_zeta,
164472.53851561085,3.4605520833333334,3.32213,0.02338,0.002,0.04079933388842641,5.845000000000001,600.0,100.0,0.35,420,-5.810982654446806,0.0025,29.707589483483424,3.3113339486384503,3.4708840284511324,3.3911089885447914,0.00622417135883583,802.455580462879,50714.99542525004,11.447972346758576,18.30307786024936,0.0008813978554228004,5.25568055539632,0.0012006751374112723,6.659014230677752,0.0012705210132736278,7.934415921712559,0.001271185302734375,0.0012537780761718751,0.001288592529296875,0.048837319449520675,28358.978637419274,0.028565124511718755,0.0059298583984375005,0.05120039062500001,2.077876472397641,3070.1504511582602,d_zeta,
171553.97505586015,3.53418085106383,3.32213,0.02338,0.002,0.06179655977914639,5.845000000000001,600.0,100.0,0.35,420,-5.810982654446806,0.0025,29.75029677855926,3.3145527397007086,3.5412882063832063,3.4279204730419575,0.004274910618731184,322.5629371701768,55720.38133037948,6.511616406617742,23.244642749753158,0.0008427661275596188,4.57596869240075,0.0012287228933814671,7.579714126269638,0.001264486737351979,8.435530430378563,0.0012654663085937502,0.0012445495605468754,0.001286383056640625,0.034838774278087584,14808.779972006521,0.008527258300781252,0.0042544189453125,0.012800097656250002,2.2512017251275203,1708.880089069523,d_zeta,
134869.71628896202,3.134084905660377,3.32213,0.02338,0.005,-0.058203051422113454,2.338,600.0,100.0,0.35,420,-5.810982654446806,0.0025,21.828599179109705,3.126554586261782,3.329217979032559,3.2278862826471704,0.004520306227530767,9853.738854868141,137.1185588736695,0.49247158668762864,21.307489599439478,0.0015361248264715124,7.768098581286276,0.010807383591314182,201.87150416754858,0.010807389356134024,245.6176057557033,0.006215551757812501,,0.006215551757812501,3.5424132605361662,28496154.094999593,0.0063027587890625,,0.0063027587890625,49.498105806822586,5317964.495379776,d_zeta,
140114.24932624522,3.1943557692307696,3.32213,0.02338,0.005,-0.03920061491160636,2.338,600.0,100.0,0.35,420,-5.810982654446806,0.0025,21.828599179109702,3.1836277715413788,3.332412148817786,3.258019960179582,0.0064427045278039885,9368.347728051785,203.77912317966042,3.646098457033628,18.155592904808532,0.001580238206504226,8.119782275799333,0.004776292295725108,37.80122465350728,0.004820030511669735,42.538663021307904,0.00486513671875,0.0046966552734375,0.005033618164062501,1.4001970907716663,4285086.126385432,0.029694409179687506,0.05120039062500001,0.008188427734375002,9.303673460837715,785114.9122350661,d_zeta,
144250.74762393459,3.2411024390243908,3.32213,0.02338,0.005,-0.02468759524535182,2.338,600.0,100.0,0.35,420,-5.810982654446806,0.0025,21.828599179109705,3.2255896025782946,3.3371941017700264,3.2813918521741607,0.009313901177575187,8369.681982094346,360.8426077473945,7.461225838452313,14.342028478084838,0.0016743818789762862,7.832901912556219,0.0030143635544616102,13.410373020687794,0.00307813280155548,14.628411840990676,0.0030868896484375005,0.00306885986328125,0.003104919433593751,1.1857416176892446,2941073.831413746,0.031116967773437504,0.05120039062500001,0.011033544921875,3.379602910171596,501500.1831900285,d_zeta,
147110.88106874525,3.273034482758621,3.32213,0.02338,0.005,-0.014887512467829728,2.338,600.0,100.0,0.35,420,-5.810982654446806,0.0025,21.828599179109705,3.251650745607598,3.3430629504716998,3.297356848039649,0.012830034816873975,6968.268325868366,671.6085214741526,11.362460570209032,10.437779711525259,0.0017927932349982804,7.318765892447313,0.0023901498325167446,8.64869434227115,0.00246318750183715,8.840283441220988,0.0024658203125000003,0.0024690063476562507,0.00246263427734375,1.4094214280285817,3808149.0714346194,0.019960107421875005,0.025600195312500004,0.014320019531250002,1.887706777594414,618046.754878816,d_zeta,
149163.82325092924,3.2957638888888887,3.32213,0.02338,0.005,-0.007968001015840826,2.338,600.0,100.0,0.35,420,-5.810982654446806,0.0025,21.828599179109702,3.2678510795294393,3.349590522768759,3.308720801149099,0.016732473477343315,5488.48646274869,1170.8710819774587,14.970150577328884,6.816877992208724,0.001883585074809592,6.9588648655784615,0.002112743646776257,7.649884751278516,0.0021868743131487943,7.676049991450439,0.0021881835937500003,0.0021923706054687506,0.0021839965820312497,2.108408375855994,8307577.2280793805,0.021642236328125,0.025600195312500004,0.017684277343750002,1.3479604993742005,1252965.1296167842,d_zeta,
150356.26019298862,3.308894422310757,3.32213,0.02338,0.005,-0.003992000063744512,2.338,600.0,100.0,0.35,420,-5.810982654446806,0.0025,21.828599179109702,3.2759635319790457,3.3546077225277195,3.315285627253383,0.019726357057037194,4514.620652221361,1638.0323301236785,17.318704580213037,4.453993507801374,0.0019106908849094524,6.821076635676397,0.001999313542832912,7.383119983443019,0.0020705719209314715,7.3998337315966305,0.0020715942382812506,0.0020745239257812507,0.0020686645507812505,3.6967955418167935,26902158.119668,0.022878466796875004,0.025600195312500004,0.02015673828125,1.1743560159748476,3743432.443686222,d_zeta,
150957.84103875133,3.315499001996008,3.32213,0.02338,0.005,-0.001998000003991942,2.338,600.0,100.0,0.35,420,-5.810982654446806,0.0025,21.828599179109702,3.2796466423055013,3.357528744590398,3.3185876934479497,0.021467216892852456,4022.9359799387853,1930.7993528868112,18.540070843371442,3.219555261550322,0.0019107139030820465,6.776921741745265,0.0019533134023325145,7.305200410898385,0.0020220993804219924,7.319302302600241,0.0020230468749999997,0.00202520751953125,0.0020208862304687495,6.913771647513782,98210688.66236816,0.02274111328125,0.02392001953125,0.02156220703125,1.1199887616003759,13092986.954397745,d_zeta,
151563.03497787408,3.32213,3.32213,0.02338,0.005,0.0,2.338,600.0,100.0,0.35,420,-5.810982654446806,0.0025,21.828599179109702,3.2830646126464336,3.360741320451296,3.3219029665488646,0.02338,3544.176772762219,2262.2229549922486,19.780014085339552,1.9662932828162194,0.0018999962832767143,6.748862711380555,0.0019136467057330826,7.259467312180361,0.001979330946497947,7.271312166702193,0.0019802124023437506,0.0019815795898437505,0.0019788452148437508,inf,inf,0.022633203125000004,0.022182324218750004,0.023084082031250005,1.0852538291923939,inf,d_zeta,
152171.87100203056,3.3287875751503004,3.32213,0.02338,0.005,0.002001999995991978,2.338,600.0,100.0,0.35,420,-5.810982654446806,0.0025,21.828599179109702,3.286211947526664,3.3642511043779164,3.32523152595229,0.02146355782784745,3089.860401631481,2628.2268736150554,21.024120020271614,0.7078824838182469,0.0018788255448931447,6.734386141987384,0.0018797868948935957,7.242268478161421,0.0019418459180818232,7.251938870922332,0.00194268798828125,0.00194327392578125,0.00194210205078125,6.02879678521004,83586923.07122174,0.022654589843750003,0.02058759765625,0.024721582031250005,1.0682099533636547,10296470.457805607,d_zeta,
152784.37839426746,3.335471887550201,3.32213,0.02338,0.005,0.0040079999357435945,2.338,600.0,100.0,0.35,420,-5.810982654446806,0.0025,21.828599179109702,3.289089259163965,3.3680576442201726,3.328573451692069,0.01971305534189784,2671.8743473037202,3024.417257982743,21.16386386858666,0.5421273402170204,0.0018600856097695548,6.67788696353699,0.001862595899405395,7.198315994356397,0.0019212181852807546,7.206257500714582,0.0019220458984375,0.00192188720703125,0.00192220458984375,2.840537071593731,19575243.78577755,0.022369580078125003,0.019138964843750002,0.025600195312500004,1.0668110654650087,2332034.963202907,d_zeta,
154020.52589321043,3.348921370967742,3.32213,0.02338,0.005,0.008031998967775265,2.338,600.0,100.0,0.35,420,-5.810982654446806,0.0025,21.828599179109705,3.294065154683799,3.3765302964022785,3.3352977255430387,0.016689194519157013,1965.6966070448048,3868.791142065011,18.774996928593456,2.9688209842889575,0.0018258789675862758,6.530423174476114,0.0018657084375451585,7.114919051007244,0.001917512754364228,7.119545554669832,0.0019183471679687502,0.0019165893554687501,0.0019201049804687502,1.2910531178548206,4461830.088263993,0.021121435546875005,0.01664267578125001,0.025600195312500004,1.1028908933185684,499970.34974921297,d_zeta,
156220.13165329496,3.3727208121827412,3.32213,0.02338,0.005,0.015112487152482553,2.338,600.0,100.0,0.35,420,-5.810982654446806,0.0025,21.828599179109702,3.3005962183974114,3.393796991119433,3.3471966047584223,0.012726544223158916,1132.0952160224726,5299.924363788482,14.968530303741979,6.811312649816797,0.0017291849873359154,6.574525749898476,0.0018914005380092974,7.426269633230683,0.0019293610708788918,7.428607673159175,0.0019302490234375,0.00192518310546875,0.0019353149414062499,0.5840397402373612,1129721.7381700384,0.025639501953125005,0.013311230468749997,0.03796777343750001,1.2449276423849276,114077.996572517,d_zeta,
159444.98762692578,3.4073128205128205,3.32213,0.02338,0.005,0.02531239987183604,2.338,600.0,100.0,0.35,420,-5.810982654446806,0.0025,21.828599179109705,3.306507604699637,3.4224751063805416,3.364491355540089,0.009145429242484626,557.9694157751912,6861.0343034846765,10.560691670889625,11.235007414083562,0.001608374718135673,7.020919381263643,0.0019460938111924458,8.656703561190515,0.0019676462055671505,8.688103814000574,0.0019686645507812498,0.0019588012695312493,0.0019785278320312506,0.28335070861229,341099.89367004664,0.030119458007812502,0.010091455078125002,0.050147460937500006,1.4966475844582985,31036.599383442575,d_zeta,
164472.53851561085,3.4605520833333334,3.32213,0.02338,0.005,0.04079933388842641,2.338,600.0,100.0,0.35,420,-5.810982654446806,0.0025,21.828599179109702,3.3113339486384503,3.4708840284511324,3.3911089885447914,0.00622417135883583,258.4517929784362,8178.1249724465215,5.817615418469084,15.98462053828326,0.0015073938005327832,7.497813526665804,0.00203800350148666,10.806868035091362,0.002046537336536371,10.920107550665158,0.0020485107421875,0.00203726806640625,0.0020597534179687504,0.14382718369053954,104180.48574119633,0.029144848632812505,0.007089306640624999,0.05120039062500001,1.8432570124854897,9103.921481803682,d_zeta,
171553.97505586015,3.53418085106383,3.32213,0.02338,0.005,0.06179655977914639,2.338,600.0,100.0,0.35,420,-5.810982654446806,0.0025,21.828599179109702,3.3145527397007086,3.5412882063832063,3.4279204730419575,0.004274910618731184,142.9094703910721,8970.297615746444,1.5452974199661205,20.254882690438354,0.0014431846781728227,6.961149272700978,0.002174580290591994,12.375570821442933,0.0021762422113709738,12.543755474497894,0.00218214111328125,0.0021901000976562502,0.00217418212890625,0.09211760353997475,44128.03323730342,0.028176818847656254,0.0051532470703124994,0.05120039062500001,2.273896225208938,4074.191547440257,d_zeta,
134869.71628896202,3.134084905660377,3.32213,0.02338,0.01,-0.058203051422113454,1.169,600.0,100.0,0.35,420,-5.810982654446806,0.0025,15.894437392628145,3.126554586261782,3.329217979032559,3.2278862826471704,0.004520306227530767,2512.860416341854,134.88134025587107,0.3562347261483555,15.424756217273215,0.0024730058324169257,13.702955558779413,0.01998891424732545,284.0960323398792,0.02072074259547331,414.0280165184036,0.007251025390624999,,0.007251025390624999,12.675410878480514,168703934.6725506,0.007330126953125,,0.007330126953125,70.20375633522994,26270831.016093567,d_zeta,
140114.24932624522,3.1943557692307696,3.32213,0.02338,0.01,-0.03920061491160636,1.169,600.0,100.0,0.35,420,-5.810982654446806,0.0025,15.904009533737849,3.1836277715413788,3.332412148817786,3.258019960179582,0.0064427045278039885,2393.8576967746762,189.4355998453385,3.1847170277465056,12.60694723058643,0.0025404080187856064,14.095556960127727,0.008542684599831776,53.787516277895485,0.008669413962016743,69.73673374653397,0.008418798828125003,,0.008418798828125003,6.144440562581939,39098145.28389757,0.009558544921875002,,0.009558544921875002,11.645885929943049,5850025.311311871,d_zeta,
144250.74762393459,3.2411024390243908,3.32213,0.02338,0.01,-0.02468759524535182,1.169,600.0,100.0,0.35,420,-5.810982654446806,0.0025,15.945219611938095,3.2255896025782946,3.3371941017700264,3.2813918521741607,0.009313901177575187,2157.828592699883,285.47483235244937,6.2329725449340945,9.600027457290075,0.002661758093795246,13.801387422777283,0.005050655829100845,18.348266823813663,0.0050856010443964305,22.894247165170476,0.005128002929687502,0.004995776367187502,0.005260229492187502,6.269380314623088,37421680.3147692,0.0316539306640625,0.05120039062500001,0.012107470703125,3.6504584411842385,5547688.468054138,d_zeta,
147110.88106874525,3.273034482758621,3.32213,0.02338,0.01,-0.014887512467829728,1.169,600.0,100.0,0.35,420,-5.810982654446806,0.0025,16.051990428504954,3.251650745607598,3.3430629504716998,3.297356848039649,0.012830034816873975,1840.7409610623365,414.6467862671567,9.066823963159095,6.871426154083689,0.002767223147875758,14.084740338021287,0.0037786643798071464,14.797750643840768,0.0037953883775821064,16.995783468156134,0.0038146484374999997,0.0037468505859374994,0.0038824462890625,8.059229695945259,55707786.34342502,0.027731005859375005,0.04266191406250001,0.012800097656250002,1.8811528413728384,8482008.507570302,d_zeta,
149163.82325092924,3.2957638888888887,3.32213,0.02338,0.01,-0.007968001015840826,1.169,600.0,100.0,0.35,420,-5.810982654446806,0.0025,16.24316868622266,3.2678510795294393,3.349590522768759,3.308720801149099,0.016732473477343315,1515.7254266091109,563.4546957867008,11.641959011851705,4.4806545748413695,0.002779962412708796,14.602668623626693,0.003173941274039783,15.201722190578083,0.0031922976310616554,16.197031058390593,0.003202276611328125,0.00316815185546875,0.0032364013671875,12.502491839883447,132203536.54746522,0.025612548828125005,0.032563867187500005,0.01866123046875,1.3186480696564422,20226247.239650436,d_zeta,
150356.26019298862,3.308894422310757,3.32213,0.02338,0.01,-0.003992000063744512,1.169,600.0,100.0,0.35,420,-5.810982654446806,0.0025,16.433831513397195,3.2759635319790457,3.3546077225277195,3.315285627253383,0.019726357057037194,1302.4269364993568,678.1670673558929,13.373355567097134,2.9288596650518417,0.0027338416153967326,14.679461142179905,0.002912821509661519,15.3955848767301,0.002934340033333476,15.786566947734356,0.0029406494140625,0.0029210327148437502,0.00296026611328125,22.264340550176705,435947675.90723544,0.023403759765625004,0.025600195312500004,0.02120732421875,1.1520575572402518,66324345.36612164,d_zeta,
150957.84103875133,3.315499001996008,3.32213,0.02338,0.01,-0.001998000003991942,1.169,600.0,100.0,0.35,420,-5.810982654446806,0.0025,16.55062314796908,3.2796466423055013,3.357528744590398,3.3185876934479497,0.021467216892852456,1193.4911769414364,744.3167367228843,14.30228967384405,2.1108888278991187,0.002697566628301651,14.582223006130677,0.0028051209745983516,15.35926501448604,0.0028277065578440398,15.535968450913332,0.002832666015625,0.00281871337890625,0.00284661865234375,41.8338891533559,1591797388.1636622,0.024129931640625005,0.025600195312500004,0.022659667968750002,1.0988143372979282,240498361.5813895,d_zeta,
151563.03497787408,3.32213,3.32213,0.02338,0.01,0.0,1.169,600.0,100.0,0.35,420,-5.810982654446806,0.0025,16.6854776417155,3.2830646126464336,3.360741320451296,3.3219029665488646,0.02338,1085.7560296591726,816.0248925436589,15.269962991924608,1.2722323828700275,0.002655414078942142,14.386263011370087,0.0027123359391779014,15.203490830189363,0.0027351288663687067,15.252759407712537,0.00273905029296875,0.0027296997070312503,0.00274840087890625,inf,inf,0.023985156250000004,0.023736816406250003,0.024233496093750004,1.0609406238159234,inf,d_zeta,
152171.87100203056,3.3287875751503004,3.32213,0.02338,0.01,0.002001999995991978,1.169,600.0,100.0,0.35,420,-5.810982654446806,0.0025,16.83724990622302,3.286211947526664,3.3642511043779164,3.32523152595229,0.02146355782784745,981.2546547444317,892.6840542431985,16.26725426337672,0.42008872806952813,0.00261011523433239,14.101319277331498,0.002634144276668049,14.929469112413905,0.0026561097440186737,14.941949855707486,0.0026592651367187505,0.002653527832031251,0.00266500244140625,36.44390639809869,1330193623.3210616,0.023785107421875,0.02197001953125,0.025600195312500004,1.0355538011579426,194953251.13521406,d_zeta,
152784.37839426746,3.335471887550201,3.32213,0.02338,0.01,0.0040079999357435945,1.169,600.0,100.0,0.35,420,-5.810982654446806,0.0025,16.91021078285456,3.289089259163965,3.3680576442201726,3.328573451692069,0.01971305534189784,884.1893436961684,975.7670628257428,16.29346645017501,0.43756757736162144,0.0025899242983073215,13.734873832039998,0.00259568365831386,14.59793343144543,0.0026166407542249815,14.652587342133476,0.0026193481445312508,0.0026163940429687507,0.002622302246093751,17.117156371742755,307238813.48801327,0.022994482421875004,0.02038876953125,0.025600195312500004,1.020737481176032,43680650.36389896,d_zeta,
154020.52589321043,3.348921370967742,3.32213,0.02338,0.01,0.008031998967775265,1.169,600.0,100.0,0.35,420,-5.810982654446806,0.0025,16.585330301329854,3.294065154683799,3.3765302964022785,3.3352977255430387,0.016689194519157013,715.4861663266173,1154.0814620839212,14.284044750492908,2.137467264678426,0.0026042414787890177,12.940759893979514,0.0026104459707451135,13.91350511716268,0.00262858321790649,14.228007412109926,0.002630969238281251,0.002632287597656251,0.002629650878906251,7.689138032881498,67651306.11965296,0.021658447265625,0.017716699218749996,0.025600195312500004,1.0187812842542483,8717517.16062957,d_zeta,
156220.13165329496,3.3727208121827412,3.32213,0.02338,0.01,0.015112487152482553,1.169,600.0,100.0,0.35,420,-5.810982654446806,0.0025,16.23444518257038,3.3005962183974114,3.393796991119433,3.3471966047584223,0.012726544223158916,491.56804725909876,1456.0654738471765,11.161435521954617,4.9307447868620535,0.002594105923930126,11.816780114423107,0.0027052731018693227,12.931785808862166,0.002716004883541242,13.843473964091974,0.0027185546875,0.00272606201171875,0.0027110473632812495,3.2980654696078644,15510599.351084145,0.027046923828125007,0.014238183593749999,0.03985566406250001,1.0961896117503434,1616378.756987359,d_zeta,
159444.98762692578,3.4073128205128205,3.32213,0.02338,0.01,0.02531239987183604,1.169,600.0,100.0,0.35,420,-5.810982654446806,0.0025,16.019144977637684,3.306507604699637,3.4224751063805416,3.364491355540089,0.009145429242484626,303.3514162623443,1797.229725316186,7.5812411094181895,8.314908578025701,0.0025223809793550474,11.19962337443576,0.0029318506221455163,13.313078057881825,0.0029377625256075215,14.626820756769483,0.0029418212890625003,0.00296092529296875,0.0029227172851562506,1.4157412136456897,3903207.856017168,0.031171508789062503,0.011142626953125,0.05120039062500001,1.356475666809095,315025.9894513519,d_zeta,
164472.53851561085,3.4605520833333334,3.32213,0.02338,0.01,0.04079933388842641,1.169,600.0,100.0,0.35,420,-5.810982654446806,0.0025,15.931790839146453,3.3113339486384503,3.4708840284511324,3.3911089885447914,0.00622417135883583,177.59156845566073,2100.7386453216513,3.6364443845198986,12.179204628074912,0.0024200017318086794,11.663410893527956,0.0034032346737734006,18.825346365788736,0.0034069079314849016,20.09772681909814,0.0034196777343750004,0.0034795654296875004,0.0033597900390625003,0.5655167417112282,831298.3199041605,0.029911889648437506,0.008623388671875001,0.05120039062500001,1.981935154893701,54608.41599451692,d_zeta,
171553.97505586015,3.53418085106383,3.32213,0.02338,0.01,0.06179655977914639,1.169,600.0,100.0,0.35,420,-5.810982654446806,0.0025,15.903340604886726,3.3145527397007086,3.5412882063832063,3.4279204730419575,0.004274910618731184,116.44490853393302,2291.6075420401658,-0.09731580888186053,15.886392911545151,0.002336487571857912,11.692745000731499,0.003982133979855645,27.26128313492899,0.003982229211188109,28.51876267649217,0.004013842773437501,0.0041456787109375014,0.0038820068359375,0.2928537815425841,250175.963033095,0.028857690429687506,0.006514990234375,0.05120039062500001,2.904862344853217,15709.947079715088,d_zeta,
134869.71628896202,3.134084905660377,3.32213,0.02338,0.02,-0.058203051422113454,0.5845,600.0,100.0,0.35,420,-5.810982654446806,0.0025,10.202795127747304,3.126554586261782,3.329217979032559,3.2278862826471704,0.004520306227530767,677.5616214765,129.830881787156,0.03200154282892545,9.734340985827487,0.004543734311275554,36.153769759409464,0.04433168381623869,489.4171943546493,0.05307312484282058,975.4076141681505,0.009316748046875002,,0.009316748046875002,75.24878388396769,2049936225.297231,0.010074462890625002,,0.010074462890625002,136.43426647015895,274266720.67148143,d_zeta,
140114.24932624522,3.1943557692307696,3.32213,0.02338,0.02,-0.03920061491160636,0.5845,600.0,100.0,0.35,420,-5.810982654446806,0.0025,10.23873602680097,3.1836277715413788,3.332412148817786,3.258019960179582,0.0064427045278039885,649.3802817502904,171.9222874179615,2.5455532465732893,7.261236164738393,0.004609324599117934,38.58213791816815,0.016666978383569803,77.09363214056016,0.019246910760120504,156.97496790151698,0.010677294921875,,0.010677294921875,54.70660054041502,1084822049.891884,,,,17.436024835227453,140865574.50751683,d_zeta,
144250.74762393459,3.2411024390243908,3.32213,0.02338,0.02,-0.02468759524535182,0.5845,600.0,100.0,0.35,420,-5.810982654446806,0.0025,10.378773359411133,3.2255896025782946,3.3371941017700264,3.2813918521741607,0.009313901177575187,599.0293422469088,229.53026883120157,5.02608429942094,4.935726753269264,0.004666211903805061,42.87028639028947,0.009831839182761757,47.002346569758984,0.010481581611119659,81.2518725988843,0.010624169921875003,,0.010624169921875003,59.460019878370616,1198400943.5125568,,,,5.0457383461932785,162375755.8169485,d_zeta,
147110.88106874525,3.273034482758621,3.32213,0.02338,0.02,-0.014887512467829728,0.5845,600.0,100.0,0.35,420,-5.810982654446806,0.0025,10.70707678893804,3.251650745607598,3.3430629504716998,3.297356848039649,0.012830034816873975,538.206429456533,282.24851302822833,7.136163524429435,3.1852431681408175,0.004605288530605541,51.53768641756791,0.00739200981912603,62.747843450855,0.007645444734004502,88.98642345995424,0.029098632812500004,,0.029098632812500004,72.02432425309748,1690388787.227279,,,,2.7560799836657126,244593378.03345138,d_zeta,
149163.82325092924,3.2957638888888887,3.32213,0.02338,0.02,-0.007968001015840826,0.5845,600.0,100.0,0.35,420,-5.810982654446806,0.0025,11.227767120598529,3.2678510795294393,3.349590522768759,3.308720801149099,0.016732473477343315,479.29898353464415,321.18422434952424,8.970444952945282,1.9164247903976648,0.004415621405257475,60.354483483600944,0.0060396252288762485,78.58542428192202,0.0062879742457691195,92.99105214951008,0.014894396972656251,0.0060761962890625,0.023712597656250004,114.45828572606786,4395042489.303078,0.11462089843750004,0.05120039062500001,0.17804140625000006,2.0278594388576097,671909550.527579,d_zeta,
150356.26019298862,3.308894422310757,3.32213,0.02338,0.02,-0.003992000063744512,0.5845,600.0,100.0,0.35,420,-5.810982654446806,0.0025,11.698056048215664,3.2759635319790457,3.3546077225277195,3.315285627253383,0.019726357057037194,440.41127581060533,342.27895567051024,10.203226676629606,1.1861596314599123,0.004237701318044643,63.56280428124862,0.005316511324543544,84.3424505665006,0.005633344171555686,90.58619318491934,0.012492321777343753,0.0054404052734375,0.019544238281250004,214.66773489833434,16320079577.706043,0.07360009765625002,0.04479941406250001,0.10240078125000002,1.7671437699365387,2566095769.060855,d_zeta,
150957.84103875133,3.315499001996008,3.32213,0.02338,0.02,-0.001998000003991942,0.5845,600.0,100.0,0.35,420,-5.810982654446806,0.0025,11.983999196452759,3.2796466423055013,3.357528744590398,3.3185876934479497,0.021467216892852456,419.9690969638687,352.40825165812765,10.872017202306628,0.8184956233672741,0.004136310277781681,63.79131630271291,0.004975205055739169,84.65453869851031,0.005336300244985779,87.85584528938358,0.0056768554687499995,0.005166723632812499,0.0061869873046875,416.3653309777164,63798183945.476425,0.06400048828125002,0.025600195312500004,0.10240078125000002,1.664386926420976,10132646757.878305,d_zeta,
151563.03497787408,3.32213,3.32213,0.02338,0.02,0.0,0.5845,600.0,100.0,0.35,420,-5.810982654446806,0.0025,12.30725301842785,3.2830646126464336,3.360741320451296,3.3219029665488646,0.02338,399.0557524492753,362.2794042979071,11.578637515873416,0.4476368484492962,0.004031275983457435,62.876465578030675,0.004656957433602035,82.86379991560709,0.005060567064552497,84.22468944871252,0.00529912109375,0.0049183349609375005,0.0056799072265625,inf,inf,0.025600195312500004,0.025600195312500004,0.025600195312500004,1.5758443062848513,inf,d_zeta,
152171.87100203056,3.3287875751503004,3.32213,0.02338,0.02,0.002001999995991978,0.5845,600.0,100.0,0.35,420,-5.810982654446806,0.0025,12.665163476655856,3.286211947526664,3.3642511043779164,3.32523152595229,0.02146355782784745,377.85960367216126,371.97129880503786,12.319345376492745,0.07217595758934467,0.003927255431114944,60.866275073071186,0.0043710576476859424,79.13635157342507,0.004808591068716879,79.90341155895325,0.00496787109375,0.0046944580078125,0.005241284179687501,382.98787866810045,59590542214.29067,0.025600195312500004,0.025600195312500004,0.025600195312500004,1.4991924726065817,9510246201.79861,d_zeta,
152784.37839426746,3.335471887550201,3.32213,0.02338,0.02,0.0040079999357435945,0.5845,600.0,100.0,0.35,420,-5.810982654446806,0.0025,12.778196736874037,3.289089259163965,3.3680576442201726,3.328573451692069,0.01971305534189784,358.9940174339456,383.9901066437389,12.227097383315805,0.3092241467198249,0.0038925081543575704,59.18761636373676,0.004185417172885284,75.43010301432489,0.004661944326729307,76.6377758286589,0.0047722412109375,0.0045741455078124995,0.004970336914062501,183.61241613414927,14105642724.944534,0.025600195312500004,0.025600195312500004,0.025600195312500004,1.434415943002777,2225076919.531953,d_zeta,
154020.52589321043,3.348921370967742,3.32213,0.02338,0.02,0.008031998967775265,0.5845,600.0,100.0,0.35,420,-5.810982654446806,0.0025,12.059503910781686,3.294065154683799,3.3765302964022785,3.3352977255430387,0.016689194519157013,327.0183448658051,413.27204723292164,10.686981071221926,1.093337738681104,0.003976986230860331,56.33467236384924,0.0040551750468439006,68.46174158500904,0.0046064429253606575,72.68370191212433,0.004666699218750001,0.004563793945312501,0.0047696044921875,84.08787552573769,3150029711.1051774,0.03200395507812501,0.023397167968750004,0.040610742187500014,1.341600508941355,447052559.4728088,d_zeta,
156220.13165329496,3.3727208121827412,3.32213,0.02338,0.02,0.015112487152482553,0.5845,600.0,100.0,0.35,420,-5.810982654446806,0.0025,11.218160042909355,3.3005962183974114,3.393796991119433,3.3471966047584223,0.012726544223158916,273.27493119305905,461.64777380922476,8.337624084693267,2.5294863607010933,0.004125980438145687,46.58559634878109,0.004148932351124608,53.08770595569092,0.004674120973912359,64.26800944981024,0.0047065673828125005,0.0046794677734375,0.004733666992187501,34.92011658273289,651807662.6589676,0.05430312500000001,0.05740585937500001,0.05120039062500001,1.2833513379987034,71630344.64132683,d_zeta,
159444.98762692578,3.4073128205128205,3.32213,0.02338,0.02,0.02531239987183604,0.5845,600.0,100.0,0.35,420,-5.810982654446806,0.0025,10.633220408279762,3.306507604699637,3.4224751063805416,3.364491355540089,0.009145429242484626,209.0004066088071,519.9104113656298,5.606834987631442,4.619006477909514,0.004285866189519467,34.700329716372046,0.004733288889612883,38.686149625949966,0.005148177402143246,54.896890967156175,0.005179150390625001,0.005206274414062501,0.0051520263671875005,13.785117448456742,136789561.7541665,0.044460400390625016,0.012800097656250002,0.07612070312500004,1.4428786010295644,10345315.168524167,d_zeta,
164472.53851561085,3.4605520833333334,3.32213,0.02338,0.02,0.04079933388842641,0.5845,600.0,100.0,0.35,420,-5.810982654446806,0.0025,10.340012277383806,3.3113339486384503,3.4708840284511324,3.3911089885447914,0.00622417135883583,146.9496387705844,579.1029227478409,2.4030713289096677,7.5065478154117695,0.0043540791361598745,28.13733339965042,0.006247396615094471,40.67738140435384,0.006633933794436725,58.79226618763354,0.0064356445312500005,0.006400048828125001,0.006471240234375,4.3846677156572955,20015429.73508715,0.08032529296875,0.034612304687500005,0.12603828125,2.3213981271367556,1014099.8934770335,d_zeta,
171553.97505586015,3.53418085106383,3.32213,0.02338,0.02,0.06179655977914639,0.5845,600.0,100.0,0.35,420,-5.810982654446806,0.0025,10.240005289107117,3.3145527397007086,3.5412882063832063,3.4279204730419575,0.004274910618731184,106.96319653534582,621.552773816271,-0.8788825162300308,10.68219167200784,0.004334834553752156,26.854197713996484,0.00941436139164331,88.49693885895442,0.009548060699588506,101.3935713888991,0.008892871093750001,0.008983544921875,0.008802197265625,1.5287622137753516,3183331.796489583,0.009661181640625,0.009661181640625,,4.851603374381456,124375.49621898853,d_zeta,
134869.71628896202,3.134084905660377,3.32213,0.02338,0.04,-0.058203051422113454,0.29225,600.0,100.0,0.35,420,-5.810982654446806,0.0025,5.291685414868805,3.126554586261782,3.329217979032559,3.2278862826471704,0.004520306227530767,218.5100716724289,115.70193996135103,-1.0295629727522024,4.792630749305319,0.010898968757570125,190.43386763187712,0.1111944943451675,725.2322495288084,0.22699410288044844,4397.316002735058,0.01553134765625,,0.01553134765625,inf,inf,0.018909863281249998,,0.018909863281249998,433.76882312072956,inf,d_zeta,
140114.24932624522,3.1943557692307696,3.32213,0.02338,0.04,-0.03920061491160636,0.29225,600.0,100.0,0.35,420,-5.810982654446806,0.0025,5.367195901396558,3.1836277715413788,3.332412148817786,3.258019960179582,0.0064427045278039885,211.30182228952657,135.62785131280228,0.8154541638075874,3.0543513749220135,0.010837160476383962,229.2705309468756,0.0467593599637256,254.24985438017018,0.06453580511028079,1090.0875833619855,0.01620556640625,,0.01620556640625,970.8097054493168,68246009067.30006,,,,35.462590406667296,8024855296.945404,d_zeta,
144250.74762393459,3.2411024390243908,3.32213,0.02338,0.04,-0.02468759524535182,0.29225,600.0,100.0,0.35,420,-5.810982654446806,0.0025,5.6082997219457456,3.2255896025782946,3.3371941017700264,3.2813918521741607,0.009313901177575187,199.31936824101803,151.90304200920093,2.472859844286513,1.728314282790819,0.010597137188214662,271.2650344926327,0.033597005793031175,443.42132849106287,0.03405162790787338,1257.4976923509869,0.016305566406250003,,0.016305566406250003,643.6847713221057,30200873438.86884,,,,10.325204092314522,3689515639.3518705,d_zeta,
147110.88106874525,3.273034482758621,3.32213,0.02338,0.04,-0.014887512467829728,0.29225,600.0,100.0,0.35,420,-5.810982654446806,0.0025,6.088968669672818,3.251650745607598,3.3430629504716998,3.297356848039649,0.012830034816873975,184.8881715918549,157.784372540062,3.891714562111956,0.9408307567493008,0.009999333341642895,299.93640827249277,0.03025507223507028,806.9947055676379,0.030410813621243656,1540.4840989479658,0.12606484375000002,,0.12606484375000002,754.1325414079727,44799615436.37769,,,,9.249409049120901,5687917254.3399,d_zeta,
149163.82325092924,3.2957638888888887,3.32213,0.02338,0.04,-0.007968001015840826,0.29225,600.0,100.0,0.35,420,-5.810982654446806,0.0025,6.7948757546496,3.2678510795294393,3.349590522768759,3.308720801149099,0.016732473477343315,170.4730137653565,156.64248614336626,5.231467521938377,0.47183452393148423,0.009201386408045482,302.54472065313206,0.02779599380302101,1210.4527629957504,0.02780275112290632,1542.2699508340813,0.10574296875,,0.10574296875,inf,inf,,,,9.129962759250352,inf,d_zeta,
150356.26019298862,3.308894422310757,3.32213,0.02338,0.04,-0.003992000063744512,0.29225,600.0,100.0,0.35,420,-5.810982654446806,0.0025,7.419586700153524,3.2759635319790457,3.3546077225277195,3.315285627253383,0.019726357057037194,160.797410188317,154.0194886942788,6.196544281756953,0.23076167568386263,0.008618359242714674,290.8098943246634,0.024671654546959413,1308.1403109711414,0.025249164739640447,1415.0248511539307,0.09085898437500002,,0.09085898437500002,inf,inf,,,,8.583113308406483,inf,d_zeta,
150957.84103875133,3.315499001996008,3.32213,0.02338,0.04,-0.001998000003991942,0.29225,600.0,100.0,0.35,420,-5.810982654446806,0.0025,7.801892034551422,3.2796466423055013,3.357528744590398,3.3185876934479497,0.021467216892852456,155.72892356010001,152.37591650664763,6.7373152703236725,0.11430506949560569,0.008312535373723357,281.13969234140984,0.022505231225417872,1262.5405267696212,0.023760812865343595,1323.5997707394902,0.08311132812500001,,0.08311132812500001,inf,inf,,,,8.170630577077306,inf,d_zeta,
151563.03497787408,3.32213,3.32213,0.02338,0.04,0.0,0.29225,600.0,100.0,0.35,420,-5.810982654446806,0.0025,8.23608062264634,3.2830646126464336,3.360741320451296,3.3219029665488646,0.02338,150.55844013945148,150.60192770262822,7.318436267051367,0.0014867644065569418,0.008005666257829034,269.29926070599595,0.020110747711093915,1158.8595161924402,0.022201366598580238,1220.893180469562,0.075423828125,,0.075423828125,inf,inf,,,,7.690674912080826,inf,d_zeta,
152171.87100203056,3.3287875751503004,3.32213,0.02338,0.04,0.002001999995991978,0.29225,600.0,100.0,0.35,420,-5.810982654446806,0.0025,8.720820002559279,3.286211947526664,3.3642511043779164,3.32523152595229,0.02146355782784745,145.35070918392717,148.79767093231447,7.822148455273625,0.11836963128329953,0.007706757683284283,255.85672793822138,0.01770428740145632,1021.000125665861,0.020634135841876514,1113.354667413087,0.06802070312500001,,0.06802070312500001,inf,inf,,,,7.168514409034889,inf,d_zeta,
152784.37839426746,3.335471887550201,3.32213,0.02338,0.04,0.0040079999357435945,0.29225,600.0,100.0,0.35,420,-5.810982654446806,0.0025,8.769250265423453,3.289089259163965,3.3680576442201726,3.328573451692069,0.01971305534189784,142.5810737809468,149.47429759364326,7.803012920674302,0.23813538187315086,0.007651344717899759,248.26892434267324,0.015897068161646204,903.3775168514289,0.019714325647794115,1040.5875089527524,0.06486367187499999,,0.06486367187499999,inf,inf,,,,6.638780575853294,inf,d_zeta,
154020.52589321043,3.348921370967742,3.32213,0.02338,0.04,0.008031998967775265,0.29225,600.0,100.0,0.35,420,-5.810982654446806,0.0025,7.884159667298394,3.294065154683799,3.3765302964022785,3.3352977255430387,0.016689194519157013,142.50254989804327,156.5390455652639,6.570758756771166,0.4929362517214949,0.008081912106093164,245.7611056740629,0.013449000267298334,723.7619612187644,0.01921624229119453,964.6245481573856,0.067037109375,,0.067037109375,inf,inf,,,,5.653386609531827,inf,d_zeta,
156220.13165329496,3.3727208121827412,3.32213,0.02338,0.04,0.015112487152482553,0.29225,600.0,100.0,0.35,420,-5.810982654446806,0.0025,6.822440727727482,3.3005962183974114,3.393796991119433,3.3471966047584223,0.012726544223158916,140.29712519615754,167.94697364281177,4.79222096125787,1.0121665730798928,0.008734922968081068,227.8896373670086,0.01034092782963207,463.7864492270852,0.018122623011863234,806.1945831059738,0.066476953125,,0.066476953125,794.610086827282,81968516077.11932,,,,4.304512307686926,8275418934.399229,d_zeta,
159444.98762692578,3.4073128205128205,3.32213,0.02338,0.04,0.02531239987183604,0.29225,600.0,100.0,0.35,420,-5.810982654446806,0.0025,6.033111552576122,3.306507604699637,3.4224751063805416,3.364491355540089,0.009145429242484626,131.97229783646893,180.78943955967165,2.8503833229388635,1.9362374240248097,0.009402670562196833,186.6558664445306,0.009410310226869556,266.7616518495626,0.01728046568475519,606.6564015354786,0.05712695312499999,,0.05712695312499999,314.1281450488869,15023194609.702652,,,,3.3776017699857532,1116120947.8052864,d_zeta,
164472.53851561085,3.4605520833333334,3.32213,0.02338,0.04,0.04079933388842641,0.29225,600.0,100.0,0.35,420,-5.810982654446806,0.0025,5.573711131364895,3.3113339486384503,3.4708840284511324,3.3911089885447914,0.00622417135883583,114.79534247433912,193.31656154335352,0.5678995666005668,3.5873003141810402,0.010043284138409707,138.9879421274564,0.012856190874564891,168.0564392373771,0.020082946135706686,473.9004674493846,0.04526582031250001,,0.04526582031250001,91.3379427649516,1845676694.8928394,,,,3.9985575178482464,82708653.76152767,d_zeta,
171553.97505586015,3.53418085106383,3.32213,0.02338,0.04,0.06179655977914639,0.29225,600.0,100.0,0.35,420,-5.810982654446806,0.0025,5.3821904336807584,3.3145527397007086,3.5412882063832063,3.4279204730419575,0.004274910618731184,96.1470852708201,202.91247902934873,-1.9854238308150343,5.8708962108861265,0.010572297943394655,112.45754912861071,0.024312905880188165,272.2689985184598,0.032296912499868276,629.4154447887374,0.069035546875,,0.069035546875,22.60934442857296,175795567.01346794,,,,9.332182567147363,4573378.569703091,d_zeta,
151563.03497787408,3.32213,3.32213,0.001,0.005,0.0,0.1,600.0,100.0,0.35,420,-5.810982654446806,0.0025,21.828599179109705,3.320468519525987,3.3237906499412535,3.32212958473362,0.001,9768.057304157952,9785.047617770573,21.75973194877512,0.00759773314983689,0.0014357950950839961,7.810492012618633,0.0014569271992008327,22.377437270013086,0.0016392946786758001,22.42422726837364,0.016130175781250002,,0.016130175781250002,inf,inf,0.18881171875000002,,0.18881171875000002,1.303554302737986,inf,s,
151563.03497787408,3.32213,3.32213,0.002,0.005,0.0,0.2,600.0,100.0,0.35,420,-5.810982654446806,0.0025,21.828599179109702,3.3188062072718556,3.3254504705939913,3.3221283389329237,0.002,9018.493640000534,9036.906870165598,21.665117361455266,0.008918342055053406,0.0014438240527381906,7.989152255871345,0.00146445170071335,20.93998120498973,0.0016360715950895037,20.97990370334856,0.015464941406250002,,0.015464941406250002,inf,inf,0.18674921875000003,,0.18674921875000003,1.284032642150755,inf,s,
151563.03497787408,3.32213,3.32213,0.005,0.005,0.0,0.5,600.0,100.0,0.35,420,-5.810982654446806,0.0025,21.828599179109705,3.3138142673082176,3.3304249692170664,3.322119618262642,0.005,6345.317213655372,6249.685341433502,21.64170274314732,0.06640033825660953,0.0014924609691868436,8.992369804914832,0.00151003182807257,14.717440204578185,0.001623109252277915,14.734079948495319,0.008202001953125001,,0.008202001953125001,inf,inf,0.16612890625,,0.16612890625,1.182740700968762,inf,s,
151563.03497787408,3.32213,3.32213,0.01,0.005,0.0,1.0,600.0,100.0,0.35,420,-5.810982654446806,0.0025,21.828599179109702,3.305477614435015,3.338699329719434,3.3220884720772244,0.01,4254.164324109727,3828.1376402484907,21.300232306229553,0.4614898876376441,0.0016346750866095652,9.191878071947608,0.0016462530901039164,9.363384108745763,0.0016709237394639937,9.36938512632201,0.0016730590820312502,0.0016686645507812503,0.0016774536132812502,inf,inf,0.008759960937500002,0.011119873046875004,0.006400048828125001,1.0448413964716474,inf,s,
151563.03497787408,3.32213,3.32213,0.0232,0.005,0.0,2.32,600.0,100.0,0.35,420,-5.810982654446806,0.0025,21.828599179109705,3.2833671481276534,3.3604457508485504,3.321906449488102,0.0232,3542.831274675753,2271.9290563466175,19.796818939153315,1.945851841131799,0.0018979415055929262,6.746955524584001,0.0019115390974050006,7.259408789090196,0.0019750760485527656,7.270536894388376,0.00197596435546875,0.00197728271484375,0.00197464599609375,inf,inf,0.022471582031250003,0.022028417968750002,0.022914746093750004,1.0829340223074766,inf,s,
151563.03497787408,3.32213,3.32213,0.05,0.005,0.0,5.0,600.0,100.0,0.35,420,-5.810982654446806,0.0025,21.828599179109702,3.2380117896720204,3.404170254811736,3.321091022241878,0.05,4256.322259309132,1382.3768458411905,16.85392842236802,4.944173991830232,0.0020771810251671323,12.163908153956168,0.0021028974850679652,12.252928661881828,0.0025700102343495217,12.357473860681825,0.00257086181640625,0.0025766479492187497,0.0025650756835937506,inf,inf,0.04650253906250001,0.04441074218750001,0.048594335937500004,1.530809018636866,inf,s,
151563.03497787408,3.32213,3.32213,0.1,0.005,0.0,10.0,600.0,100.0,0.35,420,-5.810982654446806,0.0025,21.828599179109702,3.1516492449525533,3.484279338771506,3.3179642918620296,0.1,6315.017294864849,509.1638882964528,10.524741050483826,11.275329106338683,0.002336902368790769,8.062780900645043,0.002530028670223907,8.48285253003497,0.0040254392392479275,11.62094120262279,0.004028369140625,0.0040373779296875,0.0040193603515625,inf,inf,0.09129882812500001,0.08317148437500001,0.09942617187500001,2.9671903904276427,inf,s,
151563.03497787408,3.32213,3.32213,0.02338,0.005,0.0,2.338,600.0,100.0,0.35,420,-5.810982654446806,0.0025,40.00043427276863,3.2830646126464336,3.360741320451296,3.3219029665488646,0.02338,3520.9833045535293,2239.0294867835587,37.98001408533955,1.9662932828162194,0.001770711097278973,7.8163119046493925,0.0017827687491883306,8.290858103835566,0.0018404704853173229,8.297607525708212,0.0018406738281250001,0.0018421508789062502,0.00183919677734375,inf,inf,0.0225517578125,0.02209130859375,0.02301220703125,1.0803445773952556,inf,pnr,40.0
151563.03497787408,3.32213,3.32213,0.02338,0.005,0.0,2.338,600.0,100.0,0.35,420,-5.810982654446806,0.0025,30.00434077479319,3.2830646126464336,3.360741320451296,3.3219029665488646,0.02338,3524.1912854317347,2242.237467661764,27.980014085339555,1.9662932828162194,0.00179256321981093,7.542585412325646,0.0018048343382283014,8.022963285933624,0.001863983194972071,8.029779444013423,0.00186468505859375,0.00186571044921875,0.00186365966796875,inf,inf,0.0225666015625,0.02210947265625,0.02302373046875,1.0812721638551155,inf,pnr,30.0
151563.03497787408,3.32213,3.32213,0.02338,0.005,0.0,2.338,600.0,100.0,0.35,420,-5.810982654446806,0.0025,20.043213737826427,3.2830646126464336,3.360741320451296,3.3219029665488646,0.02338,3556.271094213792,2274.3172764438214,17.98001408533955,1.9662932828162194,0.001951635910483594,6.580054626690072,0.001966146851565056,7.099748634596326,0.0020345947968840945,7.114236800987444,0.00203558349609375,0.00203717041015625,0.0020339965820312497,inf,inf,0.022667382812500005,0.022220214843750002,0.023114550781250003,1.0868215915567003,inf,pnr,20.0
151563.03497787408,3.32213,3.32213,0.02338,0.005,0.0,2.338,600.0,100.0,0.35,420,-5.810982654446806,0.0025,15.135209221080384,3.2830646126464336,3.360741320451296,3.3219029665488646,0.02338,3633.343820738143,2351.3900029681727,12.980014085339553,1.9662932828162194,0.0021976612572794565,6.758714903962435,0.002218022472324957,7.266987879602483,0.002296451833508518,7.287814284615084,0.0022980346679687498,0.0023001342773437496,0.00229593505859375,inf,inf,0.022844921875,0.022420605468750004,0.023269238281249997,1.0919259255912424,inf,pnr,15.0
151563.03497787408,3.32213,3.32213,0.02338,0.005,0.0,2.338,600.0,100.0,0.35,420,-5.810982654446806,0.0025,10.41392685158225,3.2830646126464336,3.360741320451296,3.3219029665488646,0.02338,3877.069182034366,2595.1153642643953,7.980014085339549,1.9662932828162194,0.002734115154867448,9.149801482802681,0.002775459158211704,9.532527968200542,0.002863617996934617,9.554718836254207,0.0028677001953125,0.0028655151367187504,0.0028698852539062497,inf,inf,0.023276171875000005,0.022918457031250002,0.023633886718750007,1.0969745754020581,inf,pnr,10.0
151563.03497787408,3.32213,3.32213,0.02338,0.005,0.0,2.338,600.0,100.0,0.35,420,-5.810982654446806,0.0025,6.193310480660946,3.2830646126464336,3.360741320451296,3.3219029665488646,0.02338,4647.796447277877,3365.842629507906,2.980014085339551,1.9662932828162194,0.004027244547115043,15.488188825207196,0.004146349329493883,15.716994632795315,0.00423743733929812,15.77455711138317,0.0042658935546875006,0.004212475585937501,0.0043193115234375,inf,inf,0.02439765625,0.02423876953125,0.02455654296875,1.1071094913671309,inf,pnr,5.0
151563.03497787408,3.32213,3.32213,0.02338,0.005,0.0,2.338,600.0,100.0,0.35,420,-5.810982654446806,0.0025,3.0102999566398108,3.2830646126464336,3.360741320451296,3.3219029665488646,0.02338,7085.050060240103,5803.096242470133,-2.019985914660451,1.9662932828162194,0.007579217653735754,25.67876536203851,0.007982441238339156,25.910442568167678,0.008075529823297012,26.183367226917586,0.008581835937499999,0.007947509765624998,0.009216162109375,inf,inf,0.025600195312500004,0.025600195312500004,0.025600195312500004,1.1352546586922532,inf,pnr,0.0
151563.03497787408,3.32213,3.32213,0.02338,0.02,0.0,0.5845,600.0,100.0,0.35,420,-5.810982654446806,0.0025,30.248239914981284,3.2830646126464336,3.360741320451296,3.3219029665488646,0.02338,375.86228424058504,339.08593608921683,29.778637515873413,0.4476368484492962,0.00333495211792012,51.40435442145717,0.003936587774274535,68.59273874013137,0.004186404306372272,69.30044982519348,0.0040669921875,0.0040579345703125,0.0040760498046875,inf,inf,0.028121289062500006,0.030642382812500008,0.025600195312500004,1.5758073842128009,inf,pnr,40.0
151563.03497787408,3.32213,3.32213,0.02338,0.02,0.0,0.5845,600.0,100.0,0.35,420,-5.810982654446806,0.0025,20.284998906100565,3.2830646126464336,3.360741320451296,3.3219029665488646,0.02338,379.07026511879076,342.29391696742255,19.778637515873413,0.4476368484492962,0.0034441820345108482,52.98571850415618,0.004048464409312772,70.65561133895774,0.004320695692851362,71.45654672590187,0.0044561523437499995,0.0041893310546874995,0.0047229736328124996,inf,inf,0.025600195312500004,0.025600195312500004,0.025600195312500004,1.5737479081616903,inf,pnr,30.0
151563.03497787408,3.32213,3.32213,0.02338,0.02,0.0,0.5845,600.0,100.0,0.35,420,-5.810982654446806,0.0025,10.636427440050554,3.2830646126464336,3.360741320451296,3.3219029665488646,0.02338,411.15007390084816,374.37372574947995,9.778637515873413,0.4476368484492962,0.004342957954311335,68.41556104654119,0.0049842765807525235,89.35240866376829,0.0054629159620348975,91.04407334530917,0.005787719726562501,0.005317797851562501,0.006257641601562502,inf,inf,0.10509765625000002,0.10779453125000002,0.10240078125000002,1.5822597833697958,inf,pnr,20.0
151563.03497787408,3.32213,3.32213,0.02338,0.02,0.0,0.5845,600.0,100.0,0.35,420,-5.810982654446806,0.0025,6.380032601248694,3.2830646126464336,3.360741320451296,3.3219029665488646,0.02338,488.22280042519924,451.446452273831,4.778637515873416,0.4476368484492962,0.006064322471159335,96.68074747066957,0.006818535893974889,120.70863948649878,0.007741668327285152,124.29554338147369,0.035070507812500006,,0.035070507812500006,inf,inf,,,,1.629688302863919,inf,pnr,15.0
151563.03497787408,3.32213,3.32213,0.02338,0.02,0.0,0.5845,600.0,100.0,0.35,420,-5.810982654446806,0.0025,3.1340833850615284,3.2830646126464336,3.360741320451296,3.3219029665488646,0.02338,731.9481617214219,695.1718135700537,-0.22136248412658627,0.4476368484492962,0.010837251349775225,144.60388329239294,0.01196374213201993,172.29711664086466,0.01418737711750953,179.91439872853337,0.10341171875000002,,0.10341171875000002,inf,inf,,,,1.713822868816382,inf,pnr,10.0
151563.03497787408,3.32213,3.32213,0.02338,0.02,0.0,0.5845,600.0,100.0,0.35,420,-5.810982654446806,0.0025,1.2532296690929403,3.2830646126464336,3.360741320451296,3.3219029665488646,0.02338,1502.675426964933,1465.8990788135648,-5.221362484126586,0.4476368484492962,0.02520012164381669,189.99875208916956,0.027498316823541667,223.40503252415607,0.03368895731455366,236.02045528244307,0.18869921875000004,,0.18869921875000004,inf,inf,,,,1.7871864574612768,inf,pnr,5.0
151563.03497787408,3.32213,3.32213,0.02338,0.02,0.0,0.5845,600.0,100.0,0.35,420,-5.810982654446806,0.0025,0.4366969384585285,3.2830646126464336,3.360741320451296,3.3219029665488646,0.02338,3939.9290399271595,3903.152691775791,-10.22136248412659,0.44763684844929963,0.07013356707455608,214.56088467039666,0.07612801331403397,253.02387320808674,0.09474799811005062,268.9651084906476,,,,inf,inf,,,,1.8251065725046367,inf,pnr,0.0
151563.03497787408,3.32213,3.32213,0.02338,0.005,0.0,2.338,60.0,100.0,0.35,42,-5.810982654446806,0.0025,21.828599179109702,3.2830646126464336,3.360741320451296,3.3219029665488646,0.02338,3543.791816520841,2261.8379987508706,19.851592224987858,1.9662932828162194,0.006014917676228805,6.808392908032046,0.006046852880258046,7.364589574562568,0.0062469789123424015,7.370496391286109,0.0062821533203125,0.006304028320312499,0.006260278320312501,inf,inf,0.025600195312500004,0.025600195312500004,0.025600195312500004,1.0786503890097792,inf,dur,
151563.03497787408,3.32213,3.32213,0.02338,0.005,0.0,2.338,150.0,100.0,0.35,105,-5.810982654446806,0.0025,21.828599179109702,3.2830646126464336,3.360741320451296,3.3219029665488646,0.02338,3544.067926484225,2262.1141087142546,19.800133447695274,1.9662932828162194,0.003799332079568322,6.701585131162089,0.0038265065076400844,7.206866639581685,0.003957805925211146,7.218261796434239,0.003964892578125,0.0039703369140625,0.003959448242187501,inf,inf,0.024180175781250004,0.023786230468750006,0.02457412109375,1.0851617555754218,inf,dur,
151563.03497787408,3.32213,3.32213,0.02338,0.005,0.0,2.338,300.0,100.0,0.35,210,-5.810982654446806,0.0025,21.828599179109702,3.2830646126464336,3.360741320451296,3.3219029665488646,0.02338,3544.067926484225,2262.1141087142546,19.800133447695274,1.9662932828162194,0.0026863738769725078,6.7345987508844845,0.002705640581084104,7.243359706792593,0.0027984890250281327,7.2550335009287075,0.0028009887695312507,0.002803723144531251,0.0027982543945312506,inf,inf,0.023272265625000003,0.022845410156250003,0.02369912109375,1.0852112939284946,inf,dur,
151563.03497787408,3.32213,3.32213,0.02338,0.005,0.0,2.338,600.0,100.0,0.35,420,-5.810982654446806,0.0025,21.828599179109702,3.2830646126464336,3.360741320451296,3.3219029665488646,0.02338,3544.176772762219,2262.2229549922486,19.780014085339552,1.9662932828162194,0.0018999962832767143,6.748862711380555,0.0019136467057330826,7.259467312180361,0.001979330946497947,7.271312166702193,0.0019802124023437506,0.0019815795898437505,0.0019788452148437508,inf,inf,0.022633203125000004,0.022182324218750004,0.023084082031250005,1.0852538291923939,inf,dur,
151563.03497787408,3.32213,3.32213,0.02338,0.005,0.0,2.338,1200.0,100.0,0.35,840,-5.810982654446806,0.0025,21.828599179109705,3.2830646126464336,3.360741320451296,3.3219029665488646,0.02338,3544.18261144212,2262.2287936721495,19.77893748159819,1.9662932828162194,0.0013435383524320194,6.740458054100588,0.0013531841827345715,7.250192334556634,0.0013996300739773037,7.261966197019511,0.0013999450683593751,0.001400628662109375,0.0013992614746093752,inf,inf,0.022180761718750004,0.021712597656250002,0.022648925781250006,1.085241504504584,inf,dur,
151563.03497787408,3.32213,3.32213,0.02338,0.005,0.0,2.338,3600.0,100.0,0.35,2520,-5.810982654446806,0.0025,21.828599179109702,3.2830646126464336,3.360741320451296,3.3219029665488646,0.02338,3544.194320621345,2262.2405028513745,19.77677921084839,1.9662932828162194,0.0007757215510512931,6.734696125788246,0.0007812883230828128,7.243857978951793,0.0008081047470226523,7.255586846269016,0.0008081665039062501,0.0008083923339843751,0.0008079406738281251,inf,inf,0.021715722656250006,0.021230957031250008,0.022200488281250003,1.0852345246611588,inf,dur,
157820.2197370807,3.3899285714285714,3.32213,0.02338,0.005,0.020199959192001554,2.338,60.0,100.0,0.35,42,-5.810982654446806,0.0025,21.828599179109702,3.303944376393499,3.407655354343442,3.3557998653684704,0.010697658052027607,773.328213224602,6155.218462264062,13.486977326657223,9.17567727470397,0.005143164829342151,6.80556519886361,0.00593648783977151,8.118574312572553,0.006019859399231523,8.129620039882564,0.0060582763671875005,0.0059611572265625004,0.0061553955078125005,1.1844360361719095,558402.0239191095,0.031356689453125,0.01471357421875,0.0479998046875,1.3699723755430724,53034.97135400539,dur,
157820.2197370807,3.3899285714285714,3.32213,0.02338,0.005,0.020199959192001554,2.338,150.0,100.0,0.35,105,-5.810982654446806,0.0025,21.828599179109702,3.303944376393499,3.407655354343442,3.3557998653684704,0.010697658052027607,780.2512933815935,6162.141542421054,12.663541719494784,9.17567727470397,0.003323238615859685,6.708612288402173,0.0038313934377553283,7.890158896366452,0.0038891878296684773,7.901665133346135,0.0038966064453125,0.0038666259765625004,0.0039265869140624994,0.781773903237713,583026.8766273335,0.029426416015625,0.013050292968750002,0.0458025390625,1.3696032715048736,55340.0167813204,dur,
157820.2197370807,3.3899285714285714,3.32213,0.02338,0.005,0.020199959192001554,2.338,300.0,100.0,0.35,210,-5.810982654446806,0.0025,21.828599179109705,3.303944376393499,3.407655354343442,3.3557998653684704,0.010697658052027607,780.3852309245144,6162.275479963974,12.649054448131778,9.17567727470397,0.0023502241910255415,6.7483607709916935,0.002709844631451002,7.933833912161305,0.002750706382230392,7.945093939652215,0.0027533203125000003,0.0027382202148437504,0.0027684204101562503,0.5533734524221,583990.520175819,0.028434643554687507,0.012171826171875002,0.04469746093750001,1.3698401330612253,55439.340651280094,dur,
157820.2197370807,3.3899285714285714,3.32213,0.02338,0.005,0.020199959192001554,2.338,600.0,100.0,0.35,420,-5.810982654446806,0.0025,21.828599179109702,3.303944376393499,3.407655354343442,3.3557998653684704,0.010697658052027607,780.7059357417672,6162.596184781227,12.614560749690384,9.17567727470397,0.0016626430020192158,6.77118401554398,0.0019174817497776442,7.959124666503473,0.0019463876233133577,7.970371105471183,0.0019473144531249999,0.00193973388671875,0.0019548950195312498,0.3919046403069252,585154.2765513792,0.027728344726562503,0.011535009765624998,0.043921679687500007,1.3704419721416952,55560.0712433794,dur,
157820.2197370807,3.3899285714285714,3.32213,0.02338,0.005,0.020199959192001554,2.338,1200.0,100.0,0.35,840,-5.810982654446806,0.0025,21.828599179109702,3.303944376393499,3.407655354343442,3.3557998653684704,0.010697658052027607,780.7059357417672,6162.596184781227,12.614560749690384,9.17567727470397,0.001175684938383876,6.761562435116985,0.0013558877404117036,7.948592661684777,0.0013763289332593552,7.9599137420326365,0.0013766540527343752,0.0013728576660156251,0.0013804504394531252,0.2770840698861723,585001.6248788423,0.0272130126953125,0.011053564453125,0.0433724609375,1.3704480284785368,55544.51859152447,dur,
157820.2197370807,3.3899285714285714,3.32213,0.02338,0.005,0.020199959192001554,2.338,3600.0,100.0,0.35,2520,-5.810982654446806,0.0025,21.828599179109702,3.303944376393499,3.407655354343442,3.3557998653684704,0.010697658052027607,780.7059357417672,6162.596184781227,12.614560749690384,9.17567727470397,0.0006787747865340684,6.767953921743897,0.0007828131089158274,7.955585597154298,0.0007946142007335214,7.966856920898963,0.000794677734375,0.0007934112548828125,0.0007959442138671874,0.15998773114362272,585102.9745051692,0.026600366210937504,0.010388427734375002,0.042812304687500004,1.370443832291254,55554.846937204566,dur,
151563.03497787408,3.32213,3.32213,0.02338,0.005,0.0,2.338,600.0,100.0,0.03,36,-5.810982654446806,0.0025,21.828599179109702,3.2830646126464336,3.360741320451296,3.3219029665488646,0.02338,3534.76303851468,2252.8092207447094,21.99658717745992,1.9662932828162194,0.009983887176656513,483.1327500298413,0.03167457075456536,3884.4402481113098,0.08153129413238853,43657.32949159062,0.031303320312499994,,0.031303320312499994,inf,inf,,,,66.68825329982708,inf,band,
151563.03497787408,3.32213,3.32213,0.02338,0.005,0.0,2.338,600.0,100.0,0.05,60,-5.810982654446806,0.0025,21.828599179109702,3.2830646126464336,3.360741320451296,3.3219029665488646,0.02338,3544.176772762219,2262.2229549922486,19.780014085339552,1.9662932828162194,0.004864307860559333,151.25356508854244,0.004871243135183295,325.1414994877618,0.005275209155200797,372.2544886419209,0.00673392333984375,0.007267236328124999,0.006200610351562501,inf,inf,0.025600195312500004,0.025600195312500004,0.025600195312500004,1.176081070945756,inf,band,
151563.03497787408,3.32213,3.32213,0.02338,0.005,0.0,2.338,600.0,100.0,0.08,96,-5.810982654446806,0.0025,21.828599179109702,3.2830646126464336,3.360741320451296,3.3219029665488646,0.02338,3544.176772762219,2262.2229549922486,19.780014085339552,1.9662932828162194,0.0024476392176141612,117.25180132969948,0.002456456986153902,149.31644560254009,0.002570784596776795,150.7973629599405,0.002592138671875,0.00260784912109375,0.00257642822265625,inf,inf,0.023024121093750002,0.02259794921875,0.023450292968750005,1.1031550869468612,inf,band,
151563.03497787408,3.32213,3.32213,0.02338,0.005,0.0,2.338,600.0,100.0,0.12,144,-5.810982654446806,0.0025,21.828599179109702,3.2830646126464336,3.360741320451296,3.3219029665488646,0.02338,3544.176772762219,2262.2229549922486,19.780014085339552,1.9662932828162194,0.002090956688234136,43.07025684059159,0.002108776539982178,47.72961088971118,0.002197128756534195,48.254070578905555,0.0022056640625,0.0021985961914062495,0.0022127319335937504,inf,inf,0.02273603515625,0.022295996093750003,0.02317607421875,1.104131862043391,inf,band,
151563.03497787408,3.32213,3.32213,0.02338,0.005,0.0,2.338,600.0,100.0,0.2,240,-5.810982654446806,0.0025,21.828599179109702,3.2830646126464336,3.360741320451296,3.3219029665488646,0.02338,3544.176772762219,2262.2229549922486,19.780014085339552,1.9662932828162194,0.0019431845208340926,11.32695677833715,0.001957949426054264,12.798101986467296,0.002028769436503396,12.848028085451123,0.002030224609375,0.00203319091796875,0.00202725830078125,inf,inf,0.022660546875000003,0.022212988281250002,0.023108105468750004,1.0900271181197159,inf,band,
151563.03497787408,3.32213,3.32213,0.02338,0.005,0.0,2.338,600.0,100.0,0.35,420,-5.810982654446806,0.0025,21.828599179109702,3.2830646126464336,3.360741320451296,3.3219029665488646,0.02338,3544.176772762219,2262.2229549922486,19.780014085339552,1.9662932828162194,0.0018999962832767143,6.748862711380555,0.0019136467057330826,7.259467312180361,0.001979330946497947,7.271312166702193,0.0019802124023437506,0.0019815795898437505,0.0019788452148437508,inf,inf,0.022633203125000004,0.022182324218750004,0.023084082031250005,1.0852538291923939,inf,band,
151563.03497787408,3.32213,3.32213,0.02338,0.005,0.0,2.338,600.0,100.0,0.6,720,-5.810982654446806,0.0025,21.828599179109702,3.2830646126464336,3.360741320451296,3.3219029665488646,0.02338,3544.176772762219,2262.2229549922486,19.780014085339552,1.9662932828162194,0.0018917858355165095,4.740244275667891,0.0019054929202382814,4.994697134629015,0.001970246972554798,5.001310789675303,0.0019710205078125,0.0019715209960937496,0.00197052001953125,inf,inf,0.022626953125000005,0.022175878906250005,0.023078027343750005,1.0846694263721663,inf,band,
151563.03497787408,3.32213,3.32213,0.02338,0.005,0.0,2.338,600.0,100.0,0.85,1020,-5.810982654446806,0.0025,21.828599179109702,3.2830646126464336,3.360741320451296,3.3219029665488646,0.02338,3544.176772762219,2262.2229549922486,19.780014085339552,1.9662932828162194,0.001890795970225124,3.949553068503965,0.001904549715410235,4.144789981684897,0.0019691912026155154,4.151232348279343,0.00196990966796875,0.00197022705078125,0.00196959228515625,inf,inf,0.022626074218750004,0.022174902343750004,0.023077246093750003,1.0846420507726209,inf,band,
151563.03497787408,3.32213,3.32213,0.02338,0.005,0.0,2.338,600.0,100.0,0.35,420,-5.810982654446806,0.0025,21.828599179109702,3.2830646126464336,3.360741320451296,3.3219029665488646,0.02338,3544.176772762219,2262.2229549922486,19.780014085339552,1.9662932828162194,0.0018999962832767143,6.748862711380555,0.0019136467057330826,7.259467312180361,0.001979330946497947,7.271312166702193,0.0019802124023437506,0.0019815795898437505,0.0019788452148437508,inf,inf,0.022633203125000004,0.022182324218750004,0.023084082031250005,1.0852538291923939,inf,one_channel,
151563.03497787408,3.32213,3.32213,0.02338,0.005,0.0,2.338,600.0,100.0,0.35,420,-5.810982654446806,0.0025,21.828599179109702,3.2830646126464336,3.360741320451296,3.3219029665488646,0.02338,3544.176772762219,2262.2229549922486,19.780014085339552,1.9662932828162194,0.0018833972441033016,1.7037617238245288,0.001883758044950265,2.6222797300219725,0.0018877895301356393,2.925264084631429,,,,0.11086019983157364,514935.0376120058,,,,1.0046696549961478,3464.714495065873,two_channel,
154020.52589321043,3.348921370967742,3.32213,0.02338,0.005,0.008031998967775265,2.338,600.0,100.0,0.35,420,-5.810982654446806,0.0025,21.828599179109705,3.294065154683799,3.3765302964022785,3.3352977255430387,0.016689194519157013,1965.6966070448048,3868.791142065011,18.774996928593456,2.9688209842889575,0.0018258789675862758,6.530423174476114,0.0018657084375451585,7.114919051007244,0.001917512754364228,7.119545554669832,0.0019183471679687502,0.0019165893554687501,0.0019201049804687502,1.2910531178548206,4461830.088263993,0.021121435546875005,0.01664267578125001,0.025600195312500004,1.1028908933185684,499970.34974921297,one_channel,
154020.52589321043,3.348921370967742,3.32213,0.02338,0.005,0.008031998967775265,2.338,600.0,100.0,0.35,420,-5.810982654446806,0.0025,21.828599179109705,3.294065154683799,3.3765302964022785,3.3352977255430387,0.016689194519157013,1965.6966070448048,3868.791142065011,18.774996928593456,2.9688209842889575,0.0018101217956051172,1.7581921336256001,0.001818717498532992,2.515762212180773,0.0018202005765475002,3.260615645173914,,,,0.003327394136801071,402.5328435853103,,,,1.0111670279386697,3.379036620964218,two_channel,
159444.98762692578,3.4073128205128205,3.32213,0.02338,0.005,0.02531239987183604,2.338,600.0,100.0,0.35,420,-5.810982654446806,0.0025,21.828599179109705,3.306507604699637,3.4224751063805416,3.364491355540089,0.009145429242484626,557.9694157751912,6861.0343034846765,10.560691670889625,11.235007414083562,0.001608374718135673,7.020919381263643,0.0019460938111924458,8.656703561190515,0.0019676462055671505,8.688103814000574,0.0019686645507812498,0.0019588012695312493,0.0019785278320312506,0.28335070861229,341099.89367004664,0.030119458007812502,0.010091455078125002,0.050147460937500006,1.4966475844582985,31036.599383442575,one_channel,
159444.98762692578,3.4073128205128205,3.32213,0.02338,0.005,0.02531239987183604,2.338,600.0,100.0,0.35,420,-5.810982654446806,0.0025,21.828599179109705,3.306507604699637,3.4224751063805416,3.364491355540089,0.009145429242484626,557.9694157751912,6861.0343034846765,10.560691670889625,11.235007414083562,0.0015876736572827802,2.3825955154681413,0.0016150297751691492,2.8048058920538375,0.001615101141109076,3.3395653022881553,,,,0.0017065184296560052,33.37913886344663,,,,1.0348489656307098,1.1553125408905747,two_channel,
171553.97505586015,3.53418085106383,3.32213,0.02338,0.005,0.06179655977914639,2.338,600.0,100.0,0.35,420,-5.810982654446806,0.0025,21.828599179109702,3.3145527397007086,3.5412882063832063,3.4279204730419575,0.004274910618731184,142.9094703910721,8970.297615746444,1.5452974199661205,20.254882690438354,0.0014431846781728227,6.961149272700978,0.002174580290591994,12.375570821442933,0.0021762422113709738,12.543755474497894,0.00218214111328125,0.0021901000976562502,0.00217418212890625,0.09211760353997475,44128.03323730342,0.028176818847656254,0.0051532470703124994,0.05120039062500001,2.273896225208938,4074.191547440257,one_channel,
171553.97505586015,3.53418085106383,3.32213,0.02338,0.005,0.06179655977914639,2.338,600.0,100.0,0.35,420,-5.810982654446806,0.0025,21.828599179109702,3.3145527397007086,3.5412882063832063,3.4279204730419575,0.004274910618731184,142.9094703910721,8970.297615746444,1.5452974199661205,20.254882690438354,0.0014300381141575782,3.588477477462319,0.001469137590481698,3.8910965198263536,0.0014693215040115079,3.9644478609662825,,,,0.001471947003809851,7.2353766768307075,,,,1.0556949498827986,1.059471119006828,two_channel,
