seed,T_true,T_pseudo,T_host_known,ok_host_known,bound_host_known,nbound_host_known,nfail_host_known,mirror_gap_host_known,peaks_gap_host_known,runner_gap_host_known,runner_T_host_known,won_host_known,s_host_known,zeta_host_known,fh_host_known,crbobs_host_known,T_host_unknown,ok_host_unknown,bound_host_unknown,nbound_host_unknown,nfail_host_unknown,mirror_gap_host_unknown,peaks_gap_host_unknown,runner_gap_host_unknown,runner_T_host_unknown,won_host_unknown,s_host_unknown,zeta_host_unknown,fh_host_unknown,crbobs_host_unknown,label,zeta
20000,140000.0,140010.23117871175,140253.44733250854,True,False,0,0,7.275957614183426e-12,0.0,inf,,peaks,0.0220620583918568,0.004280953029702612,3.321955122079591,0.001357939296765542,140665.52843922089,True,False,0,0,0.0,0.8302532871848598,0.5293227133461187,139892.40824300898,mirror,0.03138695404974579,0.004292787845889323,3.3779959619655395,0.006503525946845702,T=140.0kN,0.005
20001,140000.0,140010.23117871175,139494.4179691763,True,False,0,0,7.548806024715304e-11,0.0,inf,,peaks,0.0220620583918568,0.0058666100162346,3.321955122079591,0.0016585045265207854,138450.107651798,True,False,0,0,0.7304273742629448,0.0,inf,,peaks,0.0099797088214746,0.005662881691279781,3.0848330499412313,0.002050364678163725,T=140.0kN,0.005
20002,140000.0,140010.23117871175,139906.42382941968,True,False,0,0,0.0,2.2737367544323206e-11,inf,,mirror,0.0220620583918568,0.0070256529101906376,3.321955122079591,0.0017777111275442705,138948.21181781002,True,False,0,0,0.7125227068154345,0.0,0.73194806830179,139970.96637389038,peaks,0.007995795897725876,0.004848618914203113,3.1638821341705334,0.0017164555104074498,T=140.0kN,0.005
20003,140000.0,140010.23117871175,140231.70622274076,True,False,0,0,0.0,3.0740920919924974e-10,inf,,mirror,0.0220620583918568,0.0049111776544764115,3.321955122079591,0.0014646208871606494,140264.81388675395,True,False,0,0,0.0,0.926778579949314,0.926778579949314,139124.63426735418,mirror,0.021882086063880323,0.0048389611296965705,3.3141330322972027,0.003756483016239224,T=140.0kN,0.005
20004,140000.0,140010.23117871175,139764.00697642213,True,False,0,0,6.366462912410498e-12,0.0,inf,,peaks,0.0220620583918568,0.0058019963474759285,3.321955122079591,0.0016134182582236488,140339.9386872577,True,False,0,0,7.003109203651547e-11,3.177261247851675,3.177261247851675,138836.76813948672,small_s,0.028756674397452834,0.005829157263970386,3.321979646699137,0.004032819507753869,T=140.0kN,0.005
20005,140000.0,140010.23117871175,140211.86758720153,True,False,0,0,5.356923793442547e-10,0.0,inf,,peaks,0.0220620583918568,0.005602116192185171,3.321955122079591,0.0016135886297742607,139180.32953189316,True,False,0,0,0.052765278345759725,0.0,0.052765278225706425,139964.05869863037,peaks,0.00813382987352719,0.005211109581114857,3.0919376442841,0.0020381689524913696,T=140.0kN,0.005
20006,140000.0,140010.23117871175,140118.02496633554,True,False,0,0,0.0,0.0,inf,,mirror,0.0220620583918568,0.005274955397875911,3.321955122079591,0.0015456592261715988,140121.72183657702,True,False,0,0,2.4010660126805305e-10,0.15785148622035194,inf,,truth,0.024365665407242887,0.005284461565050814,3.3542104424976484,0.005694495807527082,T=140.0kN,0.005
20007,140000.0,140010.23117871175,139703.87731815732,True,False,0,0,0.0,3.637978807091713e-12,inf,,mirror,0.0220620583918568,0.004486733765366645,3.321955122079591,0.0014261902571729944,140502.30845594016,False,False,0,1,0.0,3.394638987426333,3.394638987426333,138702.62704769569,mirror,0.031455235278100555,0.004620355020299755,3.3275172037353298,0.0044521777258136755,T=140.0kN,0.005
20008,140000.0,140010.23117871175,139681.5251809931,True,False,0,0,0.0,2.3010215954855084e-10,inf,,mirror,0.0220620583918568,0.0040538005616595554,3.321955122079591,0.001336941431896883,140431.98252241174,True,False,0,0,6.366462912410498e-12,5.1609543890581335,5.1609543890581335,138598.70457394296,truth,0.03049598430586544,0.004203530294318772,3.3211342106411847,0.003296949377334022,T=140.0kN,0.005
20009,140000.0,140010.23117871175,140109.4291866563,True,False,0,0,1.546140993013978e-11,1.0913936421275139e-11,inf,,truth,0.0220620583918568,0.005264528200058554,3.321955122079591,0.0015515838647647139,138941.25304938323,True,False,0,0,1.0327169456068077,0.0,1.0327169456068077,140219.29778750965,peaks,0.010416819926442547,0.004492091510517807,3.1155439121092154,0.001729822277336025,T=140.0kN,0.005
20010,140000.0,140010.23117871175,139784.2896654004,True,False,0,0,6.184563972055912e-11,0.0,inf,,peaks,0.0220620583918568,0.005721749409423656,3.321955122079591,0.00161131284592969,140911.24360599014,True,False,0,0,0.0,4.867236902884542,4.867236902884542,138788.6675656092,mirror,0.03412045616799554,0.005849981197305744,3.3255230961605937,0.004565655565543742,T=140.0kN,0.005
20011,140000.0,140010.23117871175,140026.40031720517,True,False,0,0,2.0190782379359007e-10,3.2741809263825417e-11,inf,,truth,0.0220620583918568,0.005411224720045143,3.321955122079591,0.0015500434797461444,138878.5548775363,True,False,0,0,2.2194898656853184,0.0,1.3569962102292266,139772.32436331685,peaks,0.012887906661589234,0.005130558128074504,3.066201261607107,0.0018009339919849918,T=140.0kN,0.005
20012,140000.0,140010.23117871175,139812.46816895975,True,False,0,0,5.4569682106375694e-11,0.0,inf,,peaks,0.0220620583918568,0.005494221580427859,3.321955122079591,0.0015721368040089423,140979.67116056877,True,False,0,0,1.0368239600211382e-10,0.9109958387489314,0.9109958387489314,138711.39514345487,small_s,0.03643927847430014,0.005366315835949773,3.344288166777919,0.004733615392059823,T=140.0kN,0.005
20013,140000.0,140010.23117871175,140158.20440448038,True,False,0,0,0.0,1.646185410209e-10,inf,,mirror,0.0220620583918568,0.005517889159114205,3.321955122079591,0.001594310901580778,140432.67780741045,True,False,0,0,2.7284841053187847e-11,0.0,inf,,peaks,0.02487774577491489,0.005508900541259049,3.3160418700602765,0.0037546418263198038,T=140.0kN,0.005
20014,140000.0,140010.23117871175,140033.0168145885,True,False,0,0,3.4651748137548566e-10,0.0,inf,,peaks,0.0220620583918568,0.00508467865607106,3.321955122079591,0.0015361265237452974,138755.77398099072,True,False,0,0,1.3549958400790274,0.0,1.3549958399544266,140311.4208868297,peaks,0.013383705319191854,0.0047891870203687435,3.1006435478621572,0.0017850079058493252,T=140.0kN,0.005
20015,140000.0,140010.23117871175,139904.74623264497,True,False,0,0,3.092281986027956e-11,7.275957614183426e-12,inf,,truth,0.0220620583918568,0.006189050657666697,3.321955122079591,0.0017456214996169161,140352.5847289446,True,False,0,0,4.8203219193965197e-11,0.0,inf,,peaks,0.026308449750864764,0.006211019132588403,3.311610505961782,0.004720938130525787,T=140.0kN,0.005
20016,140000.0,140010.23117871175,140130.9585511037,True,False,0,0,3.601599019020796e-10,0.0,inf,,peaks,0.0220620583918568,0.005116842585530838,3.321955122079591,0.0015320310081684216,140330.6340733259,True,False,0,0,1.5734258340671659e-10,1.0435268102728514,1.0435268102728514,139582.88449286166,small_s,0.024274123286199992,0.005136465420454502,3.319129719306306,0.004013446810593696,T=140.0kN,0.005
20017,140000.0,140010.23117871175,139974.13173889156,True,False,0,0,1.4370016288012266e-10,0.0,inf,,truth,0.0220620583918568,0.004225226332839911,3.321955122079591,0.0013719780405182292,140814.5966328095,True,False,0,0,8.185452315956354e-12,4.882639114478479,4.882639114478479,138908.58919017325,small_s,0.031669186820965624,0.0041564470829764935,3.3265347699747334,0.003629239889862487,T=140.0kN,0.005
20018,140000.0,140010.23117871175,140204.43781611515,True,False,0,0,0.0,8.185452315956354e-12,inf,,mirror,0.0220620583918568,0.0050809145218275505,3.321955122079591,0.0015155473715015844,139250.8968097352,True,False,0,0,0.12420414801272273,0.0,inf,,peaks,0.005537613600648882,0.004786942458939171,3.115216525550282,0.0019045979920782109,T=140.0kN,0.005
20019,140000.0,140010.23117871175,140051.59366539214,True,False,0,0,1.8189894035458565e-11,0.0,inf,,peaks,0.0220620583918568,0.005045617344718333,3.321955122079591,0.0015102673382403652,140460.48159703534,True,False,0,0,4.149472605248775,3.8206631962539177,3.8206631962539177,139024.15989849606,small_s,0.025781558834144087,0.004657179245578346,3.3102760507591387,0.003177896097755381,T=140.0kN,0.005
20020,140000.0,140010.23117871175,139794.30454740545,True,False,0,0,1.0913936421275139e-10,0.0,inf,,peaks,0.0220620583918568,0.0043373361848041345,3.321955122079591,0.0013453119433166816,140602.82319889808,True,False,0,0,0.23503855962644593,0.6882212307264126,0.6882212307264126,138799.72030836056,truth,0.03623335055698509,0.004210559675376101,3.3802683387727956,0.006241647102499415,T=140.0kN,0.005
20021,140000.0,140010.23117871175,140450.80701529444,True,False,0,0,0.0,0.0,inf,,mirror,0.0220620583918568,0.004687584726478174,3.321955122079591,0.0014538549679165235,140571.96915612574,True,False,0,0,2.2907761135847977,2.8147389600926545,2.2907761135847977,142753.88459126814,truth,0.0225694901098221,0.0044421377073970625,3.3108453352610843,0.0032034890522496806,T=140.0kN,0.005
20022,140000.0,140010.23117871175,140154.82261667095,True,False,0,0,0.0,5.547917680814862e-11,inf,,mirror,0.0220620583918568,0.0051620171904495525,3.321955122079591,0.0015166360743228743,140422.56608630574,True,False,0,0,0.0,2.3841021803173135,2.3841021803173135,139122.02805113135,mirror,0.02494656192784788,0.005212749455509603,3.317543842640522,0.0035895999970939375,T=140.0kN,0.005
20023,140000.0,140010.23117871175,140097.05192885175,True,False,0,0,1.1095835361629725e-10,0.0,inf,,peaks,0.0220620583918568,0.004407946101468779,3.321955122079591,0.001421011786641317,140094.91983633788,True,False,0,0,0.0,2.637534635141492e-11,inf,,mirror,0.02143881116056333,0.004311853799736074,3.314530648252099,0.004034575456269742,T=140.0kN,0.005
21000,146000.0,146035.1462098282,146392.68821634882,True,False,0,0,0.0,3.3651303965598345e-11,inf,,mirror,0.022893338555642285,0.005792853349855031,3.321732637774342,0.0018363141658094984,146728.77759339786,True,False,0,0,1.837179297581315e-10,1.4551915228366852e-11,inf,,truth,0.02572433877011971,0.005892989250995586,3.321946934827412,0.0025535896455410444,T=146.0kN,0.005
21001,146000.0,146035.1462098282,145657.08807469349,True,False,0,0,0.0,9.094947017729282e-13,inf,,mirror,0.022893338555642285,0.005104085771113589,3.321732637774342,0.0016281870812869025,145570.8941203899,True,False,0,0,0.0,10.146832639304193,10.146832639304193,144119.52795453055,mirror,0.02295952847393747,0.004704448904882618,3.3291562129038086,0.0024792625930945052,T=146.0kN,0.005
21002,146000.0,146035.1462098282,146187.0414560112,True,False,0,0,0.0,1.1823431123048067e-11,inf,,mirror,0.022893338555642285,0.004625380992066803,3.321732637774342,0.001676370489082869,146525.39568019647,True,False,0,0,9.640643838793039e-11,17.6777967185717,17.6777967185717,144577.52276253887,small_s,0.024715944639678845,0.004557071520868956,3.3165742834456293,0.002577161156355242,T=146.0kN,0.005
21003,146000.0,146035.1462098282,145668.55742914748,True,False,0,0,0.0,1.9554136088117957e-10,inf,,mirror,0.022893338555642285,0.004816773874180601,3.321732637774342,0.0015513785225741265,145593.31485366315,True,False,0,0,2.637534635141492e-11,1.1641532182693481e-10,inf,,truth,0.02299990285375488,0.004652611362569015,3.3285795902350697,0.0023905186366525014,T=146.0kN,0.005
21004,146000.0,146035.1462098282,146002.96424642022,True,False,0,0,2.3646862246096134e-11,5.4569682106375694e-12,inf,,truth,0.022893338555642285,0.005517835074272528,3.321732637774342,0.0017505774689133727,145888.71722334894,True,False,0,0,0.0,7.350474197669428,7.350474197669428,144264.14398152003,mirror,0.021583805776477515,0.005319926432976414,3.319261519876783,0.0025643809090021724,T=146.0kN,0.005
21005,146000.0,146035.1462098282,146247.34016556872,True,False,0,0,1.0550138540565968e-10,0.0,inf,,peaks,0.022893338555642285,0.005384737438122887,3.321732637774342,0.0017387488031920166,146144.49171838505,True,False,0,0,6.366462912410498e-12,1.4551915228366852e-11,inf,,truth,0.0227571634407777,0.005441168940193845,3.327952664937457,0.0028902266457183265,T=146.0kN,0.005
21006,146000.0,146035.1462098282,146122.3977615439,True,False,0,0,0.0,5.093170329928398e-11,inf,,mirror,0.022893338555642285,0.004606913509644098,3.321732637774342,0.0016162970297615756,146260.41561159148,True,False,0,0,0.0,15.3081414202843,15.3081414202843,144579.69485233998,mirror,0.02425640732026712,0.004687023208257109,3.3235013956875825,0.0024956935470604124,T=146.0kN,0.005
21007,146000.0,146035.1462098282,146047.7459697433,True,False,0,0,3.637978807091713e-12,6.366462912410498e-12,inf,,truth,0.022893338555642285,0.003997919478652463,3.321732637774342,0.001466796991908399,146040.6390508797,True,False,1,0,4.3655745685100555e-11,9.311268046601981,9.311268046601981,138629.03163999156,truth,0.023588074969080747,0.003871712052092465,3.3271679693824208,0.002531654565035489,T=146.0kN,0.005
21008,146000.0,146035.1462098282,145760.63103509415,True,False,0,0,0.0,1.2460077414289117e-10,inf,,mirror,0.022893338555642285,0.005047001149853641,3.321732637774342,0.0016911991592335192,145796.4303806314,True,False,0,0,0.0,3.8198777474462986e-11,inf,,mirror,0.022351521396260343,0.004685138781679929,3.315581838893468,0.002540183535274556,T=146.0kN,0.005
21009,146000.0,146035.1462098282,146220.1668798425,True,False,0,0,4.3655745685100555e-11,0.0,inf,,truth,0.022893338555642285,0.004613773057650049,3.321732637774342,0.0016634297228536794,146297.29248935715,True,False,0,0,1.9099388737231493e-11,14.57923394471436,14.57923394471436,144580.86070576118,truth,0.02347875479635385,0.00465081390300206,3.3214423694842057,0.0026027719992536323,T=146.0kN,0.005
21010,146000.0,146035.1462098282,146496.24605343957,True,False,0,0,0.0,2.2737367544323206e-11,inf,,mirror,0.022893338555642285,0.004993597045262597,3.321732637774342,0.001689691182072184,146519.68121868913,True,False,0,0,0.0,12.367411036629164,12.367411036629164,144754.2084563558,mirror,0.023108012730930376,0.00501347491554321,3.321923443860274,0.002554358095594261,T=146.0kN,0.005
21011,146000.0,146035.1462098282,146079.18430244378,True,False,0,0,0.0,1.0186340659856796e-10,inf,,mirror,0.022893338555642285,0.004711457486191635,3.321732637774342,0.0016422799967727194,145590.1410260958,True,False,0,0,7.275957614183426e-12,2.9544169564915137,2.9544169564915137,144012.25347129017,truth,0.018939528344589892,0.00450285478894174,3.325935796007252,0.002384345016700679,T=146.0kN,0.005
21012,146000.0,146035.1462098282,146191.02777008855,True,False,0,0,6.912159733474255e-11,1.2732925824820995e-10,inf,,truth,0.022893338555642285,0.0044702516268724105,3.321732637774342,0.0017141716123695748,146450.00663031527,True,False,0,0,4.18367562815547e-11,18.434156810433706,18.434156810433706,144387.7954321423,small_s,0.025347327327178665,0.004349791276034266,3.323096889737564,0.002385733718971936,T=146.0kN,0.005
21013,146000.0,146035.1462098282,146050.2902848354,True,False,0,0,0.0,5.638867150992155e-11,inf,,mirror,0.022893338555642285,0.004318526264366915,3.321732637774342,0.0016262399899000903,146300.84211737267,True,False,0,0,9.094947017729282e-12,16.27285044430937,16.27285044430937,144289.9454938804,small_s,0.024799125088274754,0.004407280800206381,3.3210593519147404,0.00256089972211803,T=146.0kN,0.005
21014,146000.0,146035.1462098282,145929.70373586405,True,False,0,0,5.4569682106375694e-11,0.0,inf,,peaks,0.022893338555642285,0.004543851806593944,3.321732637774342,0.0016771226921847547,146200.7927608104,True,False,0,0,0.0,16.72830851624167,16.72830851624167,144364.32292935342,mirror,0.02484712503767634,0.00464004110635027,3.319866638801349,0.00251594684826487,T=146.0kN,0.005
21015,146000.0,146035.1462098282,146452.94495309444,True,False,0,0,3.092281986027956e-11,3.183231456205249e-11,inf,,truth,0.022893338555642285,0.005807821373674438,3.321732637774342,0.0018880258391847278,146717.5761013937,True,False,0,0,1.2732925824820995e-11,0.0,inf,,peaks,0.025305835807513284,0.005910109389455816,3.323942199288203,0.0027730544383393935,T=146.0kN,0.005
21016,146000.0,146035.1462098282,146317.9032881821,True,False,0,0,0.0,9.549694368615746e-11,inf,,mirror,0.022893338555642285,0.004463114340904161,3.321732637774342,0.001575493326342606,146273.1329770295,True,False,0,0,8.913048077374697e-11,16.023462736006877,16.023462736006877,144821.43499142103,truth,0.0222806022476115,0.004428642407991264,3.320310774391635,0.0021508898434652417,T=146.0kN,0.005
21017,146000.0,146035.1462098282,145778.77256760426,True,False,0,0,1.0913936421275139e-11,4.9112713895738125e-11,inf,,truth,0.022893338555642285,0.006163961052406705,3.321732637774342,0.0018852999382495683,145826.1476861738,True,False,0,0,5.356923793442547e-10,7.76792544784621,7.76792544784621,144341.03097446717,truth,0.023757394318626,0.006201989013527679,3.325571745754213,0.002731088527637658,T=146.0kN,0.005
21018,146000.0,146035.1462098282,146192.8187162016,True,False,0,0,0.0,3.8198777474462986e-11,inf,,mirror,0.022893338555642285,0.00500662297360974,3.321732637774342,0.0016959146073863742,146461.4336197005,True,False,0,0,3.3651303965598345e-11,16.479130231929048,16.479130231929048,144244.79126436543,truth,0.025750750607409535,0.00496481684012572,3.326211420043214,0.0024027536405671723,T=146.0kN,0.005
21019,146000.0,146035.1462098282,146487.5137729747,True,False,0,0,0.0,4.3655745685100555e-11,inf,,mirror,0.022893338555642285,0.00597014841481488,3.321732637774342,0.0018725908378755176,146716.10305319642,True,False,0,0,0.0,14.45956696695248,13.319970139392353,148336.67928597497,mirror,0.02545121083435993,0.0058266514592261644,3.327500703316725,0.002606613571907487,T=146.0kN,0.005
21020,146000.0,146035.1462098282,146114.15060273372,True,False,0,0,1.4551915228366852e-11,1.8189894035458565e-12,inf,,truth,0.022893338555642285,0.0063874695466543336,3.321732637774342,0.0019235416844776772,146336.6346080176,True,False,0,0,0.0,3.3378455555066466e-10,inf,,mirror,0.02474271080247094,0.006433398821102393,3.321968320859743,0.0028949545288910524,T=146.0kN,0.005
21021,146000.0,146035.1462098282,145933.4229981787,True,False,0,0,8.094502845779061e-11,0.0,inf,,peaks,0.022893338555642285,0.004753014107958467,3.321732637774342,0.0016027236374421714,146118.2191813927,True,False,0,0,0.0,1.6370904631912708e-11,inf,,mirror,0.024627508324166474,0.004848735306302313,3.3236292947192805,0.0025739668442623254,T=146.0kN,0.005
21022,146000.0,146035.1462098282,145719.27328432252,True,False,0,0,1.5279510989785194e-10,0.0,inf,,peaks,0.022893338555642285,0.005132437885185725,3.321732637774342,0.0016616623753395333,146008.612111567,True,False,0,0,1.4733814168721437e-10,13.276800277645634,13.276800277645634,144072.4487001344,truth,0.026254487179308346,0.004917924138669045,3.330424685371102,0.0028368176288803898,T=146.0kN,0.005
21023,146000.0,146035.1462098282,146076.50773587657,True,False,0,0,0.0,1.0913936421275139e-11,inf,,mirror,0.022893338555642285,0.0038871650461831217,3.321732637774342,0.0014805578369200402,145665.45363441904,True,False,0,0,0.0,6.058228304538716,5.885438041548696,147113.8417476903,mirror,0.020761871329487078,0.0034862340632458486,3.331517991884384,0.0024071585815070573,T=146.0kN,0.005
22000,151600.0,151645.83332265692,151685.79298345034,True,False,0,0,0.0,5.547917680814862e-11,inf,,mirror,0.023372291887634282,0.003976338674066269,3.3216686041513657,0.0018720198802679342,151645.48535064756,True,False,0,0,0.0,1.1823431123048067e-11,47.6338706641518,150204.6194320739,mirror,0.024855142863517914,0.004088320120765756,3.324313427058427,0.002057326033862107,T=151.6kN,0.005
22001,151600.0,151645.83332265692,151555.92686612712,True,False,0,0,0.0,7.09405867382884e-11,inf,,mirror,0.023372291887634282,0.004613514953974816,3.3216686041513657,0.0018138976327690159,151519.5088049317,True,False,0,0,0.0,2.1009327610954642e-10,43.471360661783365,150580.03391002276,mirror,0.023644652909785083,0.004563534724961601,3.3228902673814904,0.0019112054059949775,T=151.6kN,0.005
22002,151600.0,151645.83332265692,152199.7071862658,True,False,0,0,0.0,4.547473508864641e-12,inf,,mirror,0.023372291887634282,0.004878411249279757,3.3216686041513657,0.0018857199642582517,152185.21110328412,True,False,1,0,2.7284841053187847e-11,0.0,40.61485112259652,151143.82804924756,peaks,0.023437793914785496,0.004900779357868907,3.322206475189212,0.001968750891923183,T=151.6kN,0.005
22003,151600.0,151645.83332265692,151522.98913272234,True,False,0,0,0.0,3.456079866737127e-11,inf,,mirror,0.023372291887634282,0.005175781516800866,3.3216686041513657,0.0018995848218975133,151404.26593530632,True,False,1,0,0.0,1.4733814168721437e-10,33.02065028142897,150298.67331200847,mirror,0.022915811234091237,0.004993854625878493,3.3256692256945923,0.00195709934989304,T=151.6kN,0.005
22004,151600.0,151645.83332265692,151722.06869703904,True,False,0,0,5.4569682106375694e-12,4.3655745685100555e-11,inf,,truth,0.023372291887634282,0.0063003188206360835,3.3216686041513657,0.0020711003967313103,151789.81957661442,True,False,0,0,3.028617356903851e-10,0.0,inf,,peaks,0.025055535140824484,0.0064589688750130965,3.3197900670492806,0.0021093946684550423,T=151.6kN,0.005
22005,151600.0,151645.83332265692,151945.40037112706,True,False,0,0,6.821210263296962e-11,0.0,inf,,peaks,0.023372291887634282,0.004113294471285921,3.3216686041513657,0.0018578063826719987,151824.08494722674,True,False,0,0,0.0,6.45741238258779e-11,49.39659847370058,150355.231585261,mirror,0.024598650842441044,0.004133828000023691,3.326088998342409,0.0020096824529066254,T=151.6kN,0.005
22006,151600.0,151645.83332265692,151436.49464485858,True,False,0,0,2.1827872842550278e-11,3.092281986027956e-11,inf,,truth,0.023372291887634282,0.004765223551498512,3.3216686041513657,0.0018561393337636332,151419.9700978831,True,False,0,0,3.637978807091713e-12,1.418811734765768e-10,inf,,truth,0.021259074038994148,0.004476725097031451,3.322023915441529,0.0019006028353076073,T=151.6kN,0.005
22007,151600.0,151645.83332265692,151461.24712550035,True,False,0,0,7.548806024715304e-11,0.0,inf,,peaks,0.023372291887634282,0.004052037196852931,3.3216686041513657,0.0017473003055034685,151394.8706774606,True,False,0,0,0.0,3.092281986027956e-11,44.80555921229279,150554.16669997323,mirror,0.022174507962312476,0.0038905789124840874,3.3226932627271286,0.001920393911546801,T=151.6kN,0.005
22008,151600.0,151645.83332265692,151835.2921100863,True,False,0,0,2.000888343900442e-11,2.9103830456733704e-11,inf,,truth,0.023372291887634282,0.005209272068766332,3.3216686041513657,0.0018898167112727654,151839.9254531068,True,False,1,0,4.729372449219227e-11,0.0,32.407257128188576,151036.68995757395,peaks,0.022084553589416144,0.005046646280456409,3.3209872636258844,0.0019329871191382947,T=151.6kN,0.005
22009,151600.0,151645.83332265692,151563.07823355045,True,False,0,0,0.0,5.729816621169448e-11,inf,,mirror,0.023372291887634282,0.004656789118232313,3.3216686041513657,0.0017933361766969565,151601.16307739465,True,False,1,0,3.728928277269006e-11,1.2732925824820995e-11,inf,,truth,0.024341914938090303,0.004769966806240741,3.3202678662806515,0.0018765433204870742,T=151.6kN,0.005
22010,151600.0,151645.83332265692,151704.2695799879,True,False,0,0,0.0,5.4569682106375694e-12,inf,,mirror,0.023372291887634282,0.005233462854512557,3.3216686041513657,0.0019481371948019968,151659.81261691378,True,False,0,0,7.275957614183426e-12,0.0,26.223632067491053,149527.70663651646,peaks,0.02258143635309061,0.005072275740949172,3.3230666239280215,0.0019979114154530177,T=151.6kN,0.005
22011,151600.0,151645.83332265692,151878.62677297732,True,False,0,0,7.639755494892597e-11,9.094947017729282e-12,inf,,truth,0.023372291887634282,0.00500841565619399,3.3216686041513657,0.0019609926352635444,151842.95875799944,True,False,0,0,4.547473508864641e-12,1.1823431123048067e-11,41.07206591725753,150581.99081097072,truth,0.02519271025149153,0.0050952819772964635,3.325670080531651,0.0020480032985323447,T=151.6kN,0.005
22012,151600.0,151645.83332265692,151470.86844213255,True,False,0,0,5.820766091346741e-11,2.53749021794647e-10,inf,,truth,0.023372291887634282,0.004896506763587037,3.3216686041513657,0.0018853832648134071,151447.91322713395,True,False,0,0,0.0,2.091837814077735e-11,38.7809543791609,150234.0103232792,mirror,0.02348171789027226,0.004886193809665895,3.3225820540824267,0.0019709430766912885,T=151.6kN,0.005
22013,151600.0,151645.83332265692,152197.74524162142,True,False,0,0,3.2741809263825417e-11,0.0,inf,,peaks,0.023372291887634282,0.005093291276255446,3.3216686041513657,0.0020020624357526616,152133.93239297313,True,False,0,0,1.3005774235352874e-10,0.0,37.2112182662413,150982.5902657526,peaks,0.02438508363824752,0.005261108838053687,3.325804731394413,0.002106372789567804,T=151.6kN,0.005
22014,151600.0,151645.83332265692,152173.15768250462,True,False,0,0,3.637978807091713e-12,0.0,inf,,peaks,0.023372291887634282,0.005227584488240013,3.3216686041513657,0.0020127009211877212,152227.83710868156,True,False,1,0,4.18367562815547e-11,7.275957614183426e-12,38.85494052789636,151109.70515189247,truth,0.02445097787455897,0.0052840487626460144,3.3201380045166053,0.002084696986772786,T=151.6kN,0.005
22015,151600.0,151645.83332265692,152340.4530069247,True,False,0,0,2.3646862246096134e-11,7.275957614183426e-11,inf,,truth,0.023372291887634282,0.0044124324252824525,3.3216686041513657,0.001825915470278616,152182.6243461272,True,False,0,0,5.638867150992155e-11,4.729372449219227e-11,inf,,truth,0.024099589911636198,0.004214000567416126,3.3256539331253725,0.0018960870596569444,T=151.6kN,0.005
22016,151600.0,151645.83332265692,151301.17000482377,True,False,0,0,8.822098607197404e-11,0.0,inf,,peaks,0.023372291887634282,0.005013359322702822,3.3216686041513657,0.001845890033735017,151210.48498478183,True,False,0,0,2.0736479200422764e-10,1.2460077414289117e-10,inf,,small_s,0.020955560290001885,0.004524248160671027,3.3198925164158863,0.001914424839401291,T=151.6kN,0.005
22017,151600.0,151645.83332265692,151059.0051683451,True,False,0,0,2.546585164964199e-11,3.8198777474462986e-11,inf,,truth,0.023372291887634282,0.006121027040203914,3.3216686041513657,0.0020313846559900936,151075.14905123916,True,False,0,0,3.001332515850663e-11,0.0,inf,,peaks,0.02390549304525307,0.0061424045605345265,3.3224478762090337,0.0020971149780856183,T=151.6kN,0.005
22018,151600.0,151645.83332265692,151151.54923516128,True,False,0,0,5.4569682106375694e-12,0.0,inf,,peaks,0.023372291887634282,0.0050096083210010925,3.3216686041513657,0.001876172015344214,151141.4401730051,True,False,1,0,5.4569682106375694e-11,2.000888343900442e-11,34.16363310012639,180918.4834148729,truth,0.02343599254607517,0.005031682146637095,3.322219643557155,0.002045904207515776,T=151.6kN,0.005
22019,151600.0,151645.83332265692,151578.24422383713,True,False,0,0,9.094947017729282e-13,0.0,inf,,peaks,0.023372291887634282,0.005843462287534736,3.3216686041513657,0.002055152874383025,151518.77390974975,True,False,0,0,9.640643838793039e-11,0.0,27.007215572779387,150366.91588784495,peaks,0.023654981071209693,0.005756360418394828,3.325673861130376,0.002113984920366109,T=151.6kN,0.005
22020,151600.0,151645.83332265692,152058.12931636412,True,False,0,0,4.18367562815547e-11,3.092281986027956e-11,inf,,truth,0.023372291887634282,0.005221197190411905,3.3216686041513657,0.0019444333302055744,152052.26615129603,True,False,1,0,1.4551915228366852e-11,7.275957614183426e-12,32.85050076549669,151239.6283889043,truth,0.022979876220073876,0.005153032694006155,3.3221075018879103,0.0019840109217968893,T=151.6kN,0.005
22021,151600.0,151645.83332265692,151513.8031264111,True,False,0,0,3.637978807091713e-12,1.8735590856522322e-10,inf,,truth,0.023372291887634282,0.005719058257470325,3.3216686041513657,0.0019507653531272225,151566.36547052147,True,False,1,0,3.637978807091713e-12,0.0,33.77026131598541,150713.14492911205,peaks,0.023694269026666503,0.005744283603470743,3.3189492053235523,0.0019925588289606277,T=151.6kN,0.005
22022,151600.0,151645.83332265692,151602.45807240953,True,False,0,0,1.77351466845721e-10,4.638422979041934e-11,inf,,truth,0.023372291887634282,0.004749997149975457,3.3216686041513657,0.0018243721643395859,151638.75123121936,True,False,1,0,1.6370904631912708e-11,9.731593308970332e-11,37.578122269176674,150834.66180729715,truth,0.021697603136732788,0.004541146879139544,3.320372646381656,0.0018767342491645843,T=151.6kN,0.005
22023,151600.0,151645.83332265692,151339.36036689524,True,False,0,0,2.7284841053187847e-11,6.821210263296962e-11,inf,,truth,0.023372291887634282,0.005808918062267691,3.3216686041513657,0.0020345060943011395,151313.42372390287,True,False,1,0,6.912159733474255e-11,0.0,24.299144835813422,150239.3081959946,peaks,0.022489601069437756,0.005676811751802289,3.321625026411601,0.0020702767729793587,T=151.6kN,0.005
23000,157000.0,157051.56699747924,156984.6072107822,True,False,0,0,2.7284841053187847e-12,0.0,inf,,peaks,0.023738729326472082,0.00504732537011015,3.3216588843928903,0.0016993120102541466,157044.19031424803,True,False,0,0,9.185896487906575e-11,4.547473508864641e-12,inf,,truth,0.022376193750189455,0.004733508773124803,3.326184241555057,0.0019794455519221415,T=157.0kN,0.005
23001,157000.0,157051.56699747924,157327.20339906638,True,False,0,0,0.0,4.547473508864641e-12,inf,,truth,0.023738729326472082,0.0052113379168583765,3.3216588843928903,0.0015584911067503746,157712.22049601388,True,False,0,0,1.546140993013978e-10,1.2641976354643703e-10,inf,,truth,0.021151880246414224,0.004644104524871178,3.314489744528362,0.00212953527567817,T=157.0kN,0.005
23002,157000.0,157051.56699747924,157098.76520078647,True,False,0,0,0.0,6.730260793119669e-11,inf,,mirror,0.023738729326472082,0.005069697470109344,3.3216588843928903,0.001652576524724964,157054.31549053037,True,False,0,0,1.1550582712516189e-10,37.795337545927396,37.795337545927396,158127.82598486927,truth,0.023905617991978188,0.005039852274372828,3.323058428370875,0.0019812530934500074,T=157.0kN,0.005
23003,157000.0,157051.56699747924,157529.58265802363,True,False,0,0,6.821210263296962e-11,6.921254680491984e-10,inf,,truth,0.023738729326472082,0.006905932608184878,3.3216588843928903,0.001999453126336046,157411.05946557262,True,False,0,0,7.275957614183426e-12,19.91304601340744,19.91304601340744,173687.54135735493,truth,0.02535663327673133,0.007084168162714561,3.3192234682670945,0.0022754126771401535,T=157.0kN,0.005
23004,157000.0,157051.56699747924,156607.6936691983,True,False,0,0,5.638867150992155e-11,0.0,inf,,peaks,0.023738729326472082,0.005732873155740853,3.3216588843928903,0.0017965949436511489,156709.89971543604,True,False,0,0,1.2096279533579946e-10,0.0,inf,,peaks,0.022289575132067935,0.005525966657037782,3.3236060344066116,0.001986227256203513,T=157.0kN,0.005
23005,157000.0,157051.56699747924,157311.85117962796,True,False,0,0,9.094947017729282e-13,0.0,inf,,peaks,0.023738729326472082,0.0053083953841784395,3.3216588843928903,0.0018087738196729702,157212.36561154283,True,False,0,0,9.094947017729282e-11,0.0,inf,,peaks,0.024849964457945208,0.005420368782322114,3.321375822302972,0.0021054605632344786,T=157.0kN,0.005
23006,157000.0,157051.56699747924,157743.0757060685,True,False,0,0,0.0,7.275957614183426e-12,inf,,mirror,0.023738729326472082,0.00508790898889441,3.3216588843928903,0.001624436160738148,157814.34159392698,True,False,0,0,0.0,1.3642420526593924e-11,inf,,mirror,0.02352755472142833,0.005041271138419449,3.318821662304602,0.001973629969874606,T=157.0kN,0.005
23007,157000.0,157051.56699747924,157471.1450536917,True,False,0,0,7.275957614183426e-12,0.0,inf,,peaks,0.023738729326472082,0.0045098607927101,3.3216588843928903,0.0015381084296431898,157594.37390601396,True,False,1,0,9.094947017729282e-13,28.045096842158273,28.045096842158273,217799.17496914082,truth,0.022143655926403293,0.004217207294855596,3.324723104621537,0.0019002360275886352,T=157.0kN,0.005
23008,157000.0,157051.56699747924,156695.03014708977,True,False,0,0,5.820766091346741e-11,0.0,inf,,peaks,0.023738729326472082,0.0050463927210730695,3.3216588843928903,0.0015786926603048243,156808.56646116602,True,False,0,0,5.4569682106375694e-12,39.37650364356614,39.37650364356614,158002.60367138055,truth,0.023736980465387025,0.005024117363159716,3.315521662703917,0.0019796091359500475,T=157.0kN,0.005
23009,157000.0,157051.56699747924,157004.86965257075,True,False,0,0,3.092281986027956e-11,1.0913936421275139e-11,inf,,truth,0.023738729326472082,0.005668800904463188,3.3216588843928903,0.001782988484502881,156911.27587626985,True,False,0,0,0.0,2.7284841053187847e-11,40.069441026235836,157904.6381875818,mirror,0.024522497354370235,0.005757780118547808,3.3235652769006907,0.0019461153811726724,T=157.0kN,0.005
23010,157000.0,157051.56699747924,156978.81167901083,True,False,0,0,0.0,2.1827872842550278e-11,inf,,mirror,0.023738729326472082,0.0052897829059217385,3.3216588843928903,0.0018122148846880012,156805.22023940715,True,False,0,0,0.0,30.99357202957799,30.99357202957799,175335.91524153596,mirror,0.02515188689449389,0.005347471124980686,3.3232472669593345,0.0020884793471204746,T=157.0kN,0.005
23011,157000.0,157051.56699747924,156916.2700144553,True,False,0,0,1.4551915228366852e-11,1.0913936421275139e-11,inf,,truth,0.023738729326472082,0.004937255085355642,3.3216588843928903,0.0016832115715450895,157015.57526324212,True,False,0,0,4.765752237290144e-10,0.0,inf,,peaks,0.023334025294816353,0.004812789855021689,3.3190479631004837,0.002034480784808962,T=157.0kN,0.005
23012,157000.0,157051.56699747924,157111.89310617873,True,False,0,0,1.3369572116062045e-10,2.8194335754960775e-11,inf,,truth,0.023738729326472082,0.004527936890078611,3.3216588843928903,0.0016218424980679724,157170.1148049485,True,False,1,0,0.0,41.590754990706046,inf,,mirror,0.023002367187723118,0.004446696591021446,3.322172176515104,0.0018400607658584337,T=157.0kN,0.005
23013,157000.0,157051.56699747924,157083.3383738847,True,False,0,0,4.2382453102618456e-10,0.0,inf,,peaks,0.023738729326472082,0.004518377365681408,3.3216588843928903,0.0015849397686083847,157158.54904402012,True,False,1,0,1.000444171950221e-11,0.0,42.526264660098605,158004.20858032236,peaks,0.023170101368645574,0.0044536367700402394,3.3208810329916725,0.0018368818198795486,T=157.0kN,0.005
23014,157000.0,157051.56699747924,156819.76718054287,True,False,0,0,1.8189894035458565e-11,0.0,inf,,peaks,0.023738729326472082,0.004451725065083544,3.3216588843928903,0.00155420428951166,156899.94260829448,True,False,0,0,0.0,34.5963736647509,34.5963736647509,173256.1006974008,mirror,0.023212618759009977,0.0043816829213950735,3.3206961469311067,0.0018996801427517028,T=157.0kN,0.005
23015,157000.0,157051.56699747924,157206.89674237106,True,False,0,0,5.4569682106375694e-11,0.0,inf,,peaks,0.023738729326472082,0.005639611848696637,3.3216588843928903,0.0018753732195437964,156987.96419413263,True,False,0,0,0.0,4.729372449219227e-11,inf,,mirror,0.026855458713259606,0.005811189990523314,3.3163858954851673,0.0023444396216880203,T=157.0kN,0.005
23016,157000.0,157051.56699747924,157055.05149246217,True,False,0,0,1.8189894035458565e-12,0.0,inf,,peaks,0.023738729326472082,0.005727231259058714,3.3216588843928903,0.0017245140902698484,157172.08576999567,True,False,0,0,3.092281986027956e-11,5.4569682106375694e-12,inf,,small_s,0.02342592868989775,0.005594091810381167,3.3164039567126995,0.0020008398271400773,T=157.0kN,0.005
23017,157000.0,157051.56699747924,157185.8366551935,True,False,0,0,9.822542779147625e-11,0.0,inf,,peaks,0.023738729326472082,0.005846420899466064,3.3216588843928903,0.0018757661954174984,157028.80181217764,True,False,1,0,1.2005330063402653e-10,1.0732037480920553e-10,35.862771061395506,157891.30032322017,truth,0.025318434091838246,0.005937370879390349,3.322531746913901,0.0020844171383256845,T=157.0kN,0.005
23018,157000.0,157051.56699747924,157113.4709699618,True,False,0,0,1.609805622138083e-10,0.0,inf,,peaks,0.023738729326472082,0.004215268113755856,3.3216588843928903,0.0015585556161259615,157121.12560172784,True,False,0,0,0.0,5.4569682106375694e-12,41.25107740994281,170133.01273002784,mirror,0.02362386931843916,0.004203481986057526,3.321839725091867,0.0018631877012682489,T=157.0kN,0.005
23019,157000.0,157051.56699747924,157131.81007465304,True,False,0,0,0.0,6.366462912410498e-11,inf,,mirror,0.023738729326472082,0.005456077395565832,3.3216588843928903,0.0016800492663062744,157219.86189562376,True,False,0,0,2.3646862246096134e-11,31.905948294543123,31.905948294543123,158832.56168536728,truth,0.022194684705574733,0.004995496419764634,3.3267458010861835,0.0019700422158452358,T=157.0kN,0.005
23020,157000.0,157051.56699747924,157434.02757833689,True,False,0,0,0.0,3.9108272176235914e-11,inf,,mirror,0.023738729326472082,0.004864120954915361,3.3216588843928903,0.0016121308581653153,157635.76556714028,True,False,0,0,1.8189894035458565e-12,7.275957614183426e-11,inf,,truth,0.021669344059833184,0.004622918540110541,3.32244012153201,0.0018866030492307262,T=157.0kN,0.005
23021,157000.0,157051.56699747924,156932.6646573455,False,False,0,1,0.0,5.638867150992155e-11,inf,,mirror,0.023738729326472082,0.005047565131117348,3.3216588843928903,0.0015577602017946305,157005.67339384445,True,False,0,0,2.1827872842550278e-11,0.0,inf,,peaks,0.022228089142494863,0.004600770307443813,3.326914269376556,0.001809491215304106,T=157.0kN,0.005
23022,157000.0,157051.56699747924,157356.1890471309,True,False,0,0,0.0,1.8189894035458565e-12,inf,,mirror,0.023738729326472082,0.005135813292459452,3.3216588843928903,0.0016359015604985746,157445.75489233306,True,False,0,0,2.3646862246096134e-11,4.274625098332763e-11,inf,,truth,0.022277558628566625,0.004779669830110605,3.3258405386452816,0.0019392588594382644,T=157.0kN,0.005
23023,157000.0,157051.56699747924,156809.5711136907,True,False,0,0,5.4569682106375694e-12,0.0,inf,,peaks,0.023738729326472082,0.0047589999423843475,3.3216588843928903,0.001714827549283824,156807.4715986152,True,False,1,0,7.821654435247183e-11,4.9112713895738125e-11,38.09771828619705,157615.6835519681,truth,0.02366934849885543,0.004749911422377916,3.322039121314215,0.0019504400484469987,T=157.0kN,0.005
24000,164000.0,164049.61306120967,164005.53594062594,True,False,0,0,4.547473508864641e-11,9.094947017729282e-12,inf,,truth,0.02414650082591947,0.005045347405737008,3.3219428051828412,0.001470468000496803,164272.06385045522,True,False,0,0,1.2732925824820995e-11,8.079046864964766,8.079046864964766,165638.38398897034,small_s,0.02105667302465628,0.004851774966291457,3.3212884006192143,0.002006780384894549,T=164.0kN,0.005
24001,164000.0,164049.61306120967,163550.6692384048,True,False,0,0,0.0,6.730260793119669e-11,inf,,mirror,0.02414650082591947,0.006846019724863926,3.3219428051828412,0.0017260527871921336,163547.64859816025,True,False,0,0,8.185452315956354e-11,8.235531430587798,8.235531430587798,165332.19285938525,small_s,0.024577128793353248,0.0069417239153890175,3.3170674991946973,0.002457960904423041,T=164.0kN,0.005
24002,164000.0,164049.61306120967,164313.6567788263,True,False,0,0,1.8189894035458565e-11,0.0,inf,,peaks,0.02414650082591947,0.004565714493296143,3.3219428051828412,0.0013458693589632278,164522.07557765848,True,False,0,0,0.0,5.002220859751105e-11,inf,,mirror,0.02195763804859399,0.004372497002363868,3.3186758018760645,0.001935489121386809,T=164.0kN,0.005
24003,164000.0,164049.61306120967,164201.5748969329,True,False,0,0,1.6370904631912708e-11,0.0,inf,,peaks,0.02414650082591947,0.004463570657955386,3.3219428051828412,0.0013972406342775735,164057.2103756487,True,False,0,0,26.147033197808923,25.660068484398835,25.660068484398835,166372.57877208517,truth,0.02632435635669404,0.004518778842860073,3.317135505381809,0.0018872340473999835,T=164.0kN,0.005
24004,164000.0,164049.61306120967,164121.1376319759,True,False,0,0,1.2732925824820995e-11,1.5734258340671659e-10,inf,,truth,0.02414650082591947,0.005251895954912993,3.3219428051828412,0.001384720945251836,164718.94209246043,True,False,0,0,4.191952654336092,6.912159733474255e-10,inf,,truth,0.01734106719448941,0.004596338290991948,3.3134852188989234,0.0019493032660592652,T=164.0kN,0.005
24005,164000.0,164049.61306120967,163781.57009903275,True,False,0,0,3.2741809263825417e-11,0.0,inf,,peaks,0.02414650082591947,0.005434721702067103,3.3219428051828412,0.001494049399161477,163931.6594801488,True,False,0,0,13.71732851681827,12.05588986895873,12.05588986895873,165772.31880565608,truth,0.02208306142463505,0.005197385474301856,3.3256871313996728,0.001918546405756406,T=164.0kN,0.005
24006,164000.0,164049.61306120967,163979.06421795755,True,False,0,0,3.9108272176235914e-11,3.092281986027956e-11,inf,,truth,0.02414650082591947,0.005645170801999013,3.3219428051828412,0.0015449886900138477,164348.8824516899,True,False,0,0,2.637534635141492e-11,1.127773430198431e-10,inf,,small_s,0.02019411364630461,0.0052278714100960156,3.3181934745954544,0.002296506156247226,T=164.0kN,0.005
24007,164000.0,164049.61306120967,164034.45720779145,True,False,0,0,8.731149137020111e-11,6.45741238258779e-11,inf,,truth,0.02414650082591947,0.005696024138623351,3.3219428051828412,0.0016074508652873147,163923.48646517523,True,False,0,0,0.0,18.069571511499817,18.069571511499817,165083.19204867916,truth,0.025128300215032207,0.005764563071232058,3.3245265627294533,0.0021749954185440487,T=164.0kN,0.005
24008,164000.0,164049.61306120967,164142.5386569094,True,False,0,0,0.0,3.2741809263825417e-11,inf,,mirror,0.02414650082591947,0.006590304130255333,3.3219428051828412,0.0017934737855497956,163923.52282847386,True,False,0,0,7.275957614183426e-11,3.456079866737127e-11,inf,,small_s,0.02647474005936615,0.0067054677725640445,3.3234310805692937,0.0022718846244438253,T=164.0kN,0.005
24009,164000.0,164049.61306120967,164089.07806960365,True,False,0,0,1.546140993013978e-11,0.0,inf,,peaks,0.02414650082591947,0.004716000409716565,3.3219428051828412,0.0012859411678453868,164505.46560067558,True,False,0,0,7.174940633375627,4.372797643134618,4.372797643134618,166267.54434247082,small_s,0.01831944647817762,0.0038796318980339837,3.332875215667499,0.0018575747814556442,T=164.0kN,0.005
24010,164000.0,164049.61306120967,163608.08483631792,True,False,0,0,1.8189894035458565e-12,0.0,inf,,peaks,0.02414650082591947,0.004280478096586999,3.3219428051828412,0.0013009084847012858,164040.5666997865,True,False,0,0,5.191208552495482,1.3642420526593924e-11,5.191208552495482,162795.6788161546,truth,0.018866645437677652,0.0038062352421056153,3.3225113636981725,0.0018156054064313327,T=164.0kN,0.005
24011,164000.0,164049.61306120967,164419.7213366796,True,False,0,0,3.637978807091713e-12,8.185452315956354e-12,inf,,truth,0.02414650082591947,0.005463672624118153,3.3219428051828412,0.0016148857123654287,164372.27599788358,True,False,0,0,4.9112713895738125e-11,16.902650459000142,16.902650459000142,165858.2181242496,truth,0.024943932644459543,0.005448404425536927,3.3194858340088027,0.0022436038407425375,T=164.0kN,0.005
24012,164000.0,164049.61306120967,164196.1760519915,True,False,0,0,4.729372449219227e-11,8.913048077374697e-11,inf,,truth,0.02414650082591947,0.004380660533429025,3.3219428051828412,0.0012629713514864648,164355.22906880957,True,False,0,0,17.755515989871128,3.5925040720030665e-10,inf,,small_s,0.021914919686804396,0.004150775560427801,3.325452359794886,0.0016770237353265403,T=164.0kN,0.005
24013,164000.0,164049.61306120967,164045.16124824737,True,False,0,0,0.0,1.0822986951097846e-10,inf,,mirror,0.02414650082591947,0.005555218140003817,3.3219428051828412,0.0015508996623970583,164271.39859931203,True,False,0,0,11.87397169718406,11.880692907785487,inf,,small_s,0.021032299365297966,0.004938288009825588,3.3291824244168513,0.0019939443251310086,T=164.0kN,0.005
24014,164000.0,164049.61306120967,164424.94549268731,True,False,0,0,0.0,5.4569682106375694e-11,inf,,mirror,0.02414650082591947,0.005370166536972033,3.3219428051828412,0.001590807729799407,164607.28624824935,True,False,1,0,0.0,5.838696587207778,5.838696587207778,160511.4627700664,mirror,0.022044255364271282,0.005262426287121714,3.321508838057023,0.0022644021392933963,T=164.0kN,0.005
24015,164000.0,164049.61306120967,164181.30343769246,True,False,0,0,3.637978807091713e-12,0.0,inf,,peaks,0.02414650082591947,0.005303948058108927,3.3219428051828412,0.0014259173172537095,164434.57184313898,True,False,0,0,0.0,9.263280046971886,9.263280046971886,165363.17883391478,mirror,0.02147468271132219,0.005003107439234911,3.3188192797207026,0.002187282035408708,T=164.0kN,0.005
24016,164000.0,164049.61306120967,164264.358519081,True,False,0,0,1.000444171950221e-11,2.091837814077735e-11,inf,,truth,0.02414650082591947,0.004806937433421798,3.3219428051828412,0.001382349073304419,164502.56252117094,True,False,0,0,13.193306996629872,13.03892604993689,13.193306996629872,165396.5223784367,small_s,0.021281048782325757,0.004514008908809571,3.3224076843817016,0.0018280290279098447,T=164.0kN,0.005
24017,164000.0,164049.61306120967,164219.92689614772,True,False,0,0,0.0,4.9112713895738125e-11,inf,,mirror,0.02414650082591947,0.004313949940995203,3.3219428051828412,0.0013976908085789022,164138.50881939934,True,False,0,0,26.455507361941272,26.20442606276265,26.20442606276265,165545.0524713036,small_s,0.024530415635134865,0.0042415952905602945,3.327164675375916,0.0017399316333637364,T=164.0kN,0.005
24018,164000.0,164049.61306120967,164026.49478712238,True,False,0,0,0.0,6.821210263296962e-11,inf,,mirror,0.02414650082591947,0.005667136534397189,3.3219428051828412,0.0016077031594799321,163988.83412842543,True,False,0,0,2.874003257602453e-10,18.38557286755895,18.38557286755895,165294.32729430957,small_s,0.024569174416306617,0.0057068089259213325,3.3219493310259343,0.0020911363384295244,T=164.0kN,0.005
24019,164000.0,164049.61306120967,164269.17283695826,True,False,0,0,0.0,1.2732925824820995e-11,inf,,mirror,0.02414650082591947,0.004473807247130789,3.3219428051828412,0.0013547288015900545,164486.31159378088,True,False,0,0,12.311055182222844,11.753892594506397,11.753892594506397,165704.17513539348,small_s,0.021798411263507556,0.004245389256964655,3.3193737189605197,0.0018361260612500794,T=164.0kN,0.005
24020,164000.0,164049.61306120967,164375.47676163152,True,False,0,0,0.0,3.2741809263825417e-11,inf,,truth,0.02414650082591947,0.0047289796824690295,3.3219428051828412,0.0015503623436987385,164249.35155322976,True,False,0,0,1.1823431123048067e-11,2.128217602148652e-10,inf,,small_s,0.025662856752798283,0.004859138535082724,3.3215438215060575,0.0020023551989100494,T=164.0kN,0.005
24021,164000.0,164049.61306120967,164377.55816950943,True,False,0,0,0.0,4.547473508864641e-11,inf,,mirror,0.02414650082591947,0.004976095051203242,3.3219428051828412,0.0014633559924760342,164415.00010901812,True,False,0,0,4.638422979041934e-11,0.0,inf,,peaks,0.02422357157026957,0.00484966384261264,3.3168870333582468,0.0020572954770064164,T=164.0kN,0.005
24022,164000.0,164049.61306120967,164526.06372819268,True,False,0,0,6.366462912410498e-12,3.637978807091713e-11,inf,,truth,0.02414650082591947,0.004471957648919691,3.3219428051828412,0.0014673989037733866,164370.31108074318,True,False,1,0,0.0,23.586626392445396,23.586626392445396,165667.80596307127,mirror,0.02580749647735296,0.004633505120591548,3.3230163167916364,0.0019679171884176842,T=164.0kN,0.005
24023,164000.0,164049.61306120967,164151.4970474159,True,False,0,0,0.0,1.4551915228366852e-11,inf,,mirror,0.02414650082591947,0.004960096947403444,3.3219428051828412,0.00154451325581338,163996.32979948123,True,False,0,0,0.0,21.17306982313039,19.998635810123233,164995.9089546323,mirror,0.025575384447621724,0.005008682769601831,3.324641737378183,0.002158077987725771,T=164.0kN,0.005
20000,140000.0,140073.2805242366,139808.99610531883,True,False,0,0,7.275957614183426e-11,2.0736479200422764e-10,inf,,truth,0.0227007566209518,0.021223411671392394,3.3224455490147378,inf,138926.76730762047,True,False,0,0,0.0,5.002220859751105e-11,1.9820966631477859,155242.15564266473,mirror,0.022185316505677538,0.013731222074526277,3.13075717439094,inf,T=140.0kN,0.02
20001,140000.0,140073.2805242366,139279.89351253994,True,False,0,0,1.3633325579576194e-09,0.0,inf,,peaks,0.0227007566209518,0.019437301173519255,3.3224455490147378,inf,139167.1498622305,True,False,0,1,5.620677256956697e-10,0.0,0.2489361921152522,140038.7147793489,peaks,0.018715618253624736,0.016533339481649104,3.233854351118678,inf,T=140.0kN,0.02
20002,140000.0,140073.2805242366,140225.8530613219,True,False,0,0,6.548361852765083e-11,0.0,inf,,peaks,0.0227007566209518,0.02092967569408896,3.3224455490147378,inf,142141.86553348476,True,False,0,0,0.0,2.4032487999647856e-08,inf,,mirror,0.044488880130092924,0.02127526193351408,3.3561649445720017,inf,T=140.0kN,0.02
20003,140000.0,140073.2805242366,140542.29007372205,True,False,0,0,8.640199666842818e-11,3.637978807091713e-12,inf,,truth,0.0227007566209518,0.01831361207944788,3.3224455490147378,inf,141965.8027222978,True,False,0,0,7.457856554538012e-11,0.27934320628264686,0.27934320628264686,139539.7189447107,small_s,0.040048244278335386,0.019148646410572748,3.362565767077877,inf,T=140.0kN,0.02
20004,140000.0,140073.2805242366,139594.05625344327,True,False,0,0,0.0,2.3924108063511085e-05,inf,,mirror,0.0227007566209518,0.02296298151538452,3.3224455490147378,0.0034331897429393005,141127.62945447527,True,False,1,0,6.194020897964947e-06,0.0,2.8299083882120613,136792.6580997793,peaks,0.03710860682016648,0.01904591383827544,3.284956976510088,0.005702457271457388,T=140.0kN,0.02
20005,140000.0,140073.2805242366,139707.60288397435,True,False,0,0,1.6370904631912708e-11,4.374669515527785e-10,inf,,truth,0.0227007566209518,0.01874017724145335,3.3224455490147378,inf,139509.04955487052,True,False,0,0,0.062237626658316,0.0,inf,,peaks,0.017881255701984646,0.017488269774393144,3.2664888096599998,inf,T=140.0kN,0.02
20006,140000.0,140073.2805242366,140047.85615965264,True,False,0,0,2.3796928871888667e-08,0.0,inf,,peaks,0.0227007566209518,0.020403546315845348,3.3224455490147378,inf,141993.11062806114,True,False,0,0,1.7539862710691523e-05,4.144561353314202e-05,inf,,truth,0.043278865869261884,0.018965325206580133,3.3395870527066434,0.007608411739613467,T=140.0kN,0.02
20007,140000.0,140073.2805242366,139161.2747734053,True,False,0,0,3.55384690919891e-06,3.230575293855509e-05,inf,,truth,0.0227007566209518,0.022573252682352683,3.3224455490147378,0.0033870148669300666,139524.433777239,True,True,1,0,5.4375362196878996e-05,0.9688368474917297,0.9688368474917297,138388.13748920316,small_s,0.025355085496848923,0.019902292125794006,3.245888323543542,0.005454906419347113,T=140.0kN,0.02
20008,140000.0,140073.2805242366,140545.4410744549,True,False,0,0,3.637978807091713e-12,7.457856554538012e-11,inf,,truth,0.0227007566209518,0.017298733380680876,3.3224455490147378,inf,140360.4449444067,True,False,0,0,0.0,9.276845958083868e-10,inf,,mirror,0.01822152075592473,0.016257400701935907,3.275827971759517,inf,T=140.0kN,0.02
20009,140000.0,140073.2805242366,139785.8039184677,True,False,0,0,2.446540747769177e-10,7.275957614183426e-12,inf,,truth,0.0227007566209518,0.017859579044589437,3.3224455490147378,inf,139143.93278077748,True,False,0,0,1.6492720441929123,0.0,1.3705341624981884,140141.67339429402,peaks,0.017793926260232604,0.012104015514172251,3.1661649700571344,inf,T=140.0kN,0.02
20010,140000.0,140073.2805242366,139550.1178219549,True,False,0,0,0.0,8.913048077374697e-11,inf,,mirror,0.0227007566209518,0.018192535900049624,3.3224455490147378,inf,139949.1899489947,True,False,0,0,2.9740476747974753e-10,0.0,inf,,peaks,0.026512323947181192,0.017337169322584684,3.2978667289732093,inf,T=140.0kN,0.02
20011,140000.0,140073.2805242366,139411.60102219123,True,False,0,0,4.413777787704021e-09,7.98536348156631e-10,inf,,truth,0.0227007566209518,0.021025751973230682,3.3224455490147378,inf,138827.82698017368,True,False,0,0,9.404175216332078e-10,0.0,inf,,peaks,0.013348845962614694,0.018681938165691744,3.1603456269230112,inf,T=140.0kN,0.02
20012,140000.0,140073.2805242366,139588.79436355497,True,False,0,0,4.2746250983327627e-10,0.0,inf,,peaks,0.0227007566209518,0.02311920360681917,3.3224455490147378,inf,142448.53644964634,True,False,0,0,3.152942105414695,0.0,3.152942105180955,139441.86681851087,peaks,0.048518408561074325,0.020894544189526455,3.322295572410606,0.007456143269410443,T=140.0kN,0.02
20013,140000.0,140073.2805242366,140288.6237188489,True,False,0,0,4.18367562815547e-11,2.8194335754960775e-11,inf,,truth,0.0227007566209518,0.022378741322807948,3.3224455490147378,inf,140076.48292496652,True,False,0,0,2.9103830456733704e-10,9.094947017729282e-13,inf,,small_s,0.018781920217915755,0.018340997254068205,3.2194364046442585,inf,T=140.0kN,0.02
20014,140000.0,140073.2805242366,139874.39754979245,True,False,0,0,0.0,6.915323865541723e-06,inf,,mirror,0.0227007566209518,0.024862853975038342,3.3224455490147378,0.0036195922505679336,138336.66390771684,True,True,1,0,0.551984262944643,0.5519782986857535,0.5519637098668682,139741.3094097478,small_s,0.02698974345431477,0.024962920562780752,2.948945078191625,0.007609972438251984,T=140.0kN,0.02
20015,140000.0,140073.2805242366,139148.60301369498,True,False,0,0,2.382997718086699e-05,0.0,inf,,peaks,0.0227007566209518,0.02520232114525975,3.3224455490147378,0.00364642861175481,139103.65149751265,True,False,0,0,3.728928277269006e-11,0.0,inf,,peaks,0.024675569231879465,0.013648382278054448,3.1600375935540668,inf,T=140.0kN,0.02
20016,140000.0,140073.2805242366,140232.96518488464,True,False,0,0,1.8189894035458565e-12,1.6370904631912708e-11,inf,,truth,0.0227007566209518,0.019244588212642234,3.3224455490147378,inf,140723.33883819828,True,False,0,0,0.0,0.015046287051518448,0.015046287051518448,139364.45070752583,mirror,0.02997997139926652,0.01954097826775755,3.3464310695128527,inf,T=140.0kN,0.02
20017,140000.0,140073.2805242366,139281.29856910172,True,False,0,0,5.70253178011626e-10,1.0744770406745374e-08,inf,,truth,0.0227007566209518,0.021944400365982126,3.3224455490147378,inf,139731.9317153076,True,False,0,0,0.16611183999430068,0.16611183839995647,0.16611183839995647,138723.62728115206,truth,0.02939907267017256,0.02204370060399376,3.3376772364028455,inf,T=140.0kN,0.02
20018,140000.0,140073.2805242366,140483.23588656023,True,False,0,0,4.351022653281689e-09,0.0,inf,,peaks,0.0227007566209518,0.023131557237072938,3.3224455490147378,inf,140088.46748675607,True,False,0,0,3.3651303965598345e-10,0.0,inf,,peaks,0.01737627750598776,0.019354767091368144,3.1947080685581044,inf,T=140.0kN,0.02
20019,140000.0,140073.2805242366,140236.99150654735,True,False,0,0,0.0,5.038600647822022e-10,inf,,mirror,0.0227007566209518,0.022561090748712067,3.3224455490147378,inf,141390.44933007855,True,False,0,0,5.338733899407089e-10,1.3224098221071472,1.3224098173404855,139335.15269721727,truth,0.03234436939311461,0.017452858133359818,3.284543612140626,inf,T=140.0kN,0.02
20020,140000.0,140073.2805242366,139431.21820897204,True,False,0,0,3.255991032347083e-10,2.3919710656628013e-10,inf,,truth,0.0227007566209518,0.020624022567887517,3.3224455490147378,inf,139646.02419259024,True,False,0,0,8.36735125631094e-11,0.0,inf,,peaks,0.022766272670070874,0.015742927391742094,3.2209350658617284,inf,T=140.0kN,0.02
20021,140000.0,140073.2805242366,140724.98788401144,True,False,0,0,1.382431946694851e-10,4.43833414465189e-10,inf,,truth,0.0227007566209518,0.024719912719395328,3.3224455490147378,inf,140181.06107849217,True,False,0,0,1.380612957291305e-09,0.0,inf,,peaks,0.019904628427681155,0.018364016221183603,3.1673332395033373,inf,T=140.0kN,0.02
20022,140000.0,140073.2805242366,139864.6539406984,True,False,0,0,0.0,1.8189894035458565e-12,inf,,mirror,0.0227007566209518,0.017784761107317772,3.3224455490147378,inf,141205.82234353462,True,False,0,0,2.346496330574155e-10,1.9662830685065273,1.9662830685065273,138663.7497795101,truth,0.03482290465592135,0.015927680183416157,3.3012145934800086,inf,T=140.0kN,0.02
20023,140000.0,140073.2805242366,140398.59816190565,True,False,0,0,0.0,5.093170329928398e-11,inf,,mirror,0.0227007566209518,0.018236063909033973,3.3224455490147378,inf,141040.81452081146,True,False,0,0,0.5343549533827172,0.5596695247631942,0.5343549533827172,139382.90528462201,small_s,0.029422001303868107,0.017431189630621978,3.3169815785442736,inf,T=140.0kN,0.02
21000,146000.0,146076.90992629115,147034.98960679158,True,False,0,0,0.0,2.4010660126805305e-10,inf,,mirror,0.02315390470491672,0.018727873684024184,3.3226411591321376,inf,147200.32720724697,True,False,0,0,6.912159733474255e-11,6.45741238258779e-11,inf,,truth,0.024771023344211603,0.017750281048151236,3.3164696687435398,inf,T=146.0kN,0.02
21001,146000.0,146076.90992629115,145412.97501410832,True,False,0,0,0.0,7.639755494892597e-11,inf,,mirror,0.02315390470491672,0.01889719484641776,3.3226411591321376,inf,145864.39433366075,True,False,0,0,3.456079866737127e-11,3.6671634909498607,inf,,truth,0.026596764877425745,0.014129641715550478,3.2849640235370425,inf,T=146.0kN,0.02
21002,146000.0,146076.90992629115,146123.67086721628,True,False,0,0,2.1827872842550278e-11,6.702975952066481e-10,inf,,truth,0.02315390470491672,0.021406042085879512,3.3226411591321376,inf,146534.31677785196,True,False,0,0,1.0368239600211382e-10,0.0,1.045867273618569,145157.6205861598,peaks,0.02661584843854984,0.018029140933014644,3.3073345556554723,inf,T=146.0kN,0.02
21003,146000.0,146076.90992629115,145302.23468636136,True,False,0,0,2.000888343900442e-11,5.4569682106375694e-12,inf,,truth,0.02315390470491672,0.01689260167461511,3.3226411591321376,inf,145571.52558888696,True,False,0,0,0.0,3.001332515850663e-11,inf,,mirror,0.025621722152452286,0.015967134534352962,3.3152661428105192,inf,T=146.0kN,0.02
21004,146000.0,146076.90992629115,145436.7265409936,True,False,0,0,1.2732925824820995e-11,0.0,inf,,peaks,0.02315390470491672,0.020099162143331156,3.3226411591321376,inf,147669.9510819662,True,False,0,0,0.0,7.958078640513122e-10,inf,,mirror,0.04487199769194952,0.022419133089801833,3.3872741662574968,inf,T=146.0kN,0.02
21005,146000.0,146076.90992629115,146174.51600209615,True,False,0,0,4.5201886678114533e-10,0.0,inf,,peaks,0.02315390470491672,0.020152777010390126,3.3226411591321376,inf,146744.89491747622,True,False,0,0,6.002665031701326e-11,6.821210263296962e-11,inf,,truth,0.029217189655144707,0.019870245867855695,3.3432389061908254,inf,T=146.0kN,0.02
21006,146000.0,146076.90992629115,146165.82292133698,True,False,0,0,1.0368239600211382e-10,4.092726157978177e-11,inf,,truth,0.02315390470491672,0.016702339757337238,3.3226411591321376,inf,146435.78916212954,True,False,0,0,5.002220859751105e-11,4.9112713895738125e-11,inf,,small_s,0.025488977480433623,0.015598184326622895,3.31556040751038,inf,T=146.0kN,0.02
21007,146000.0,146076.90992629115,146493.93333191297,True,False,0,0,0.0,2.9103830456733704e-11,inf,,mirror,0.02315390470491672,0.014078287526204313,3.3226411591321376,inf,146170.1748139662,True,False,0,0,5.4569682106375694e-12,9.822542779147625e-11,inf,,small_s,0.01970322171957407,0.01254353453338432,3.286389264922916,inf,T=146.0kN,0.02
21008,146000.0,146076.90992629115,146198.06549902586,True,False,0,0,1.861440068751108e-05,1.7201376977027394e-05,inf,,truth,0.02315390470491672,0.023867894617638094,3.3226411591321376,0.0035433168427883703,147191.66127179994,True,False,1,0,9.36779542826116e-10,1.3642420526593924e-11,inf,,truth,0.03306131945345352,0.017258263129854498,3.294547720612551,inf,T=146.0kN,0.02
21009,146000.0,146076.90992629115,146859.80027202642,True,False,0,0,0.0,1.4370016288012266e-10,inf,,mirror,0.02315390470491672,0.020461015121972164,3.3226411591321376,inf,147265.68600262565,True,False,0,0,8.212737157009542e-10,5.4305928642861545e-09,inf,,small_s,0.02773844482476858,0.020551173827421852,3.3525444446279025,inf,T=146.0kN,0.02
21010,146000.0,146076.90992629115,146342.0902861943,True,False,0,0,4.274625098332763e-11,0.0,inf,,peaks,0.02315390470491672,0.021261534256340045,3.3226411591321376,inf,145997.88157945516,True,False,0,0,4.922185325995088e-09,0.0,inf,,peaks,0.018607576811119634,0.02187909790758133,3.304234541638647,inf,T=146.0kN,0.02
21011,146000.0,146076.90992629115,146333.9520728798,True,False,0,0,3.183231456205249e-11,1.7280399333685637e-11,inf,,truth,0.02315390470491672,0.01822261322408258,3.3226411591321376,inf,151309.3998933518,True,False,0,0,0.034271113397153385,0.0,0.03427111269593297,148041.49080051534,peaks,0.09802695524476661,0.02196385586800445,3.711605446880884,inf,T=146.0kN,0.02
21012,146000.0,146076.90992629115,146171.18563177303,True,False,0,0,0.0,2.9940565582364798e-09,inf,,mirror,0.02315390470491672,0.02117154425228989,3.3226411591321376,inf,147017.57335533015,True,False,1,0,0.0,1.0394614946562797e-08,0.7885969015314913,174468.85366398867,mirror,0.03149992126291305,0.01863601491733225,3.3226088780083067,inf,T=146.0kN,0.02
21013,146000.0,146076.90992629115,145919.21135814607,True,False,0,0,7.521521183662117e-10,2.1645973902195692e-10,inf,,truth,0.02315390470491672,0.020825378739832326,3.3226411591321376,inf,146406.20190304975,True,False,0,0,1.9372237147763371e-10,0.0,inf,,peaks,0.02759337270242009,0.01883177240648563,3.319846928051828,inf,T=146.0kN,0.02
21014,146000.0,146076.90992629115,145280.83247557058,True,False,0,0,3.474269760772586e-10,0.0,inf,,peaks,0.02315390470491672,0.023888884818486892,3.3226411591321376,inf,146031.82754943566,True,False,0,0,3.728928277269006e-10,4.2382453102618456e-10,inf,,small_s,0.030537290450337904,0.020506218739641365,3.3123327420822934,inf,T=146.0kN,0.02
21015,146000.0,146076.90992629115,147236.86384185788,True,False,0,0,1.3096723705530167e-10,1.3369572116062045e-10,inf,,truth,0.02315390470491672,0.02236654156051953,3.3226411591321376,inf,146723.73996114844,True,False,0,0,3.9108272176235914e-10,1.0550138540565968e-10,inf,,truth,0.01947562761973435,0.02069037038684547,3.254579910750193,inf,T=146.0kN,0.02
21016,146000.0,146076.90992629115,146823.73852589706,True,False,0,0,4.5656634029001e-10,3.957211447414011e-09,inf,,truth,0.02315390470491672,0.017796819280679162,3.3226411591321376,inf,146573.48262046755,True,False,1,0,9.022187441587448e-10,0.0,inf,,peaks,0.019874409587175405,0.01766476718586984,3.306476946714503,inf,T=146.0kN,0.02
21017,146000.0,146076.90992629115,146394.47096522214,True,False,0,0,0.0,2.6522573534748517e-05,inf,,mirror,0.02315390470491672,0.0232976446058842,3.3226411591321376,0.003580025227697928,147770.99219947483,True,False,1,0,4.027170143672265e-05,5.392945786297787e-05,1.496188311527476,183587.35883505267,truth,0.03687525410048617,0.021240969891534518,3.3587487372790834,0.006257074968426032,T=146.0kN,0.02
21018,146000.0,146076.90992629115,146778.55075790075,True,False,0,0,3.092281986027956e-11,5.038600647822022e-10,inf,,truth,0.02315390470491672,0.018230611839146208,3.3226411591321376,inf,147338.52645268233,True,False,0,0,1.9281287677586079e-10,0.0,inf,,peaks,0.028575405155898417,0.01619786442060001,3.3179256378075825,inf,T=146.0kN,0.02
21019,146000.0,146076.90992629115,145526.0250455664,True,False,0,0,1.1095835361629725e-10,1.4133547665551305e-09,inf,,truth,0.02315390470491672,0.024185152749245563,3.3226411591321376,inf,145772.6452662131,True,False,0,0,0.0,0.4587133851218823,0.4587133851218823,144631.1324647216,mirror,0.025841708672458587,0.0229857569151397,3.318395951690521,inf,T=146.0kN,0.02
21020,146000.0,146076.90992629115,146418.9991411107,True,False,0,0,0.0,9.325958671979606e-09,inf,,mirror,0.02315390470491672,0.018301786216771847,3.3226411591321376,inf,146056.9336390297,True,False,0,0,2.646629582159221e-10,0.0,inf,,peaks,0.01878996058286745,0.01729401332898577,3.2894335188437704,inf,T=146.0kN,0.02
21021,146000.0,146076.90992629115,146157.85855131995,True,False,0,0,2.8194335754960775e-11,2.9467628337442875e-10,inf,,truth,0.02315390470491672,0.017001641805900115,3.3226411591321376,inf,146023.58144672163,True,False,0,0,7.821654435247183e-11,1.6189005691558123e-10,inf,,small_s,0.022860959427196487,0.018371791437629088,3.367626358851368,inf,T=146.0kN,0.02
21022,146000.0,146076.90992629115,146511.29801128202,True,False,0,0,4.4929038267582655e-10,6.548361852765083e-11,inf,,truth,0.02315390470491672,0.022385429755006483,3.3226411591321376,inf,148073.1089563232,True,False,0,0,1.9463186617940664e-10,1.255102688446641e-10,inf,,truth,0.0366557625936205,0.01805385228754721,3.3331907816957815,inf,T=146.0kN,0.02
21023,146000.0,146076.90992629115,145978.1109342027,True,False,0,0,0.0,8.731149137020111e-11,inf,,mirror,0.02315390470491672,0.015662577530816357,3.3226411591321376,inf,146732.878306098,True,False,0,0,0.0,5.538822733797133e-10,inf,,mirror,0.03069341001489589,0.014930347536243331,3.342750818925357,inf,T=146.0kN,0.02
22000,151600.0,151663.24580101194,151402.92046452087,True,False,0,0,1.3096723705530167e-10,0.0,inf,,peaks,0.023357643643813958,0.01945025540696621,3.3223314713859833,inf,151376.00266263622,True,False,0,0,0.0,3.637978807091713e-12,inf,,mirror,0.020998617198791553,0.020503128545344473,3.339174652378075,inf,T=151.6kN,0.02
22001,151600.0,151663.24580101194,152131.479702847,True,False,0,0,0.0,2.5920599000528455e-10,inf,,mirror,0.023357643643813958,0.02088367095592938,3.3223314713859833,inf,152632.9017388377,True,False,0,0,4.611138137988746e-10,1.1823431123048067e-10,1.9103635516248687,151375.1564838772,truth,0.028086207426262166,0.017594177708478393,3.336878272930692,inf,T=151.6kN,0.02
22002,151600.0,151663.24580101194,151821.54701932875,True,False,0,0,4.638422979041934e-10,3.0959199648350477e-09,inf,,truth,0.023357643643813958,0.020977250528387642,3.3223314713859833,inf,152279.3783110252,True,False,0,0,2.573870006017387e-10,6.502887117676437e-10,inf,,small_s,0.02496270766803533,0.022288397501695468,3.404513652705944,inf,T=151.6kN,0.02
22003,151600.0,151663.24580101194,150627.2205275191,True,False,0,0,3.8744474295526743e-10,0.0,inf,,peaks,0.023357643643813958,0.019392347596878877,3.3223314713859833,inf,149759.28364309328,True,False,0,0,0.25665711570036365,0.0,inf,,peaks,0.014575545334949393,0.02227281504872036,3.187948785498085,inf,T=151.6kN,0.02
22004,151600.0,151663.24580101194,151360.38012286313,True,False,0,0,3.0391907785087824e-05,0.0,inf,,peaks,0.023357643643813958,0.025686371507817354,3.3223314713859833,0.0036602282447853966,151219.38206872361,True,True,1,0,5.103706644149497e-05,4.056771831528749e-05,inf,,small_s,0.022586168644446503,0.025606260675955346,3.3028228970916826,0.004684211658825857,T=151.6kN,0.02
22005,151600.0,151663.24580101194,150766.45129390585,True,False,0,0,1.0654930520104244e-06,0.0,inf,,peaks,0.023357643643813958,0.024546031893918307,3.3223314713859833,0.003587573789367587,152036.58662106172,True,False,0,0,6.844498511782149e-05,0.0,inf,,peaks,0.03609840387622254,0.019049287371994558,3.3405195852193414,0.004014709931413462,T=151.6kN,0.02
22006,151600.0,151663.24580101194,152188.29227880237,True,False,0,0,0.0,5.82986103836447e-10,inf,,mirror,0.023357643643813958,0.019676143807032295,3.3223314713859833,inf,151624.50831706394,True,False,0,0,1.382431946694851e-09,7.848939276300371e-10,inf,,truth,0.009978565993708955,0.02361069238454148,3.2630764980674742,inf,T=151.6kN,0.02
22007,151600.0,151663.24580101194,151865.88414918905,True,False,0,0,2.812157617881894e-09,2.3646862246096134e-11,inf,,truth,0.023357643643813958,0.020448516292806102,3.3223314713859833,inf,152701.21894157113,True,False,0,0,0.1280899088942533,0.12808990867597458,0.12808990867597458,151906.35848128278,small_s,0.03201867445633246,0.025890343107883924,3.4726814472570577,inf,T=151.6kN,0.02
22008,151600.0,151663.24580101194,152007.8901538799,True,False,0,0,2.604610926937312e-07,4.6302347982418723e-05,inf,,truth,0.023357643643813958,0.023009063019357498,3.3223314713859833,0.0034225186885652537,152018.8449675604,True,False,0,0,4.7345929488074034e-07,0.0,inf,,peaks,0.01964729355414641,0.02474935202056385,3.3741734876122895,0.0061191669991590494,T=151.6kN,0.02
22009,151600.0,151663.24580101194,151991.18446250434,True,False,0,0,4.0381564758718014e-10,0.0,inf,,peaks,0.023357643643813958,0.016655840014530576,3.3223314713859833,inf,152113.1831691263,True,False,0,0,0.0,3.001332515850663e-11,inf,,mirror,0.02731320063213782,0.014849177629511033,3.3136759548522665,inf,T=151.6kN,0.02
22010,151600.0,151663.24580101194,151547.47039234318,True,False,0,0,2.510205376893282e-10,0.0,inf,,peaks,0.023357643643813958,0.015136381362448385,3.3223314713859833,inf,151632.09319941676,True,False,0,0,0.0,5.638867150992155e-11,inf,,mirror,0.023361692396979772,0.01495663045290238,3.3290856295388775,inf,T=151.6kN,0.02
22011,151600.0,151663.24580101194,151488.22402637903,True,False,0,0,1.0459189070388675e-10,0.0,inf,,peaks,0.023357643643813958,0.020942907147876066,3.3223314713859833,inf,158626.99967023695,True,False,0,0,1.1005370852390115,1.1005370841721742,1.1005370841721742,151806.35274934568,small_s,0.07415693393142755,0.029934149978194182,3.515076190576069,0.025795625829787235,T=151.6kN,0.02
22012,151600.0,151663.24580101194,151696.85406275876,True,False,0,0,4.529101715888828e-08,0.0,inf,,peaks,0.023357643643813958,0.022949169865871,3.3223314713859833,inf,151092.96125385453,True,True,1,0,3.8981137549853884e-05,1.678252920100931e-05,inf,,small_s,0.023703144186005963,0.02304097856146201,3.233895017965921,0.0036060119568765347,T=151.6kN,0.02
22013,151600.0,151663.24580101194,151101.31549690856,True,False,0,0,0.0,4.738467396236956e-09,inf,,mirror,0.023357643643813958,0.02276796563030348,3.3223314713859833,inf,151145.61752266265,True,False,1,0,4.502999217947945e-08,2.533488441258669e-08,inf,,truth,0.024923063979392084,0.021567654689818812,3.312251072972679,inf,T=151.6kN,0.02
22014,151600.0,151663.24580101194,152713.25556769845,True,False,0,0,1.382431946694851e-10,0.0,inf,,peaks,0.023357643643813958,0.015640981279704275,3.3223314713859833,inf,152669.3184400004,True,False,0,0,0.0,2.582964953035116e-10,inf,,mirror,0.022006353105424148,0.016011872116856455,3.322485788031747,inf,T=151.6kN,0.02
22015,151600.0,151663.24580101194,152000.82395182695,True,False,0,0,7.030394044704735e-10,0.0,inf,,peaks,0.023357643643813958,0.018016968809148225,3.3223314713859833,inf,152105.7496835421,True,False,1,0,4.6475179260596633e-10,0.0,inf,,peaks,0.02206288025852778,0.01778421906652521,3.338316511551343,inf,T=151.6kN,0.02
22016,151600.0,151663.24580101194,151870.19442625108,True,False,0,0,2.9103830456733704e-11,2.7284841053187847e-11,inf,,truth,0.023357643643813958,0.01691551982947786,3.3223314713859833,inf,152290.79843357677,True,False,0,0,1.7826096154749393e-10,6.275513442233205e-10,inf,,small_s,0.02423814631979056,0.020737102987905476,3.4374838705413278,inf,T=151.6kN,0.02
22017,151600.0,151663.24580101194,150482.83470224153,True,False,0,0,3.77518172172131e-05,4.52983131253859e-05,inf,,truth,0.023357643643813958,0.024279879557237073,3.3223314713859833,inf,150824.73648495207,True,False,0,0,3.358763933647424e-09,6.544723873957992e-09,2.0138458061974234,149778.64979517146,truth,0.02798982641416914,0.020909918049300074,3.3133319341905767,inf,T=151.6kN,0.02
22018,151600.0,151663.24580101194,151352.99584184212,True,False,0,0,3.637978807091713e-12,1.8189894035458565e-12,inf,,truth,0.023357643643813958,0.01734199520171674,3.3223314713859833,inf,151495.05898828476,True,False,0,1,6.184563972055912e-11,0.0,inf,,peaks,0.026765587506769363,0.015361792710038362,3.3139150355521867,inf,T=151.6kN,0.02
22019,151600.0,151663.24580101194,151289.013716558,True,False,0,0,5.8749074014485814e-05,2.1887228285777383e-05,inf,,truth,0.023357643643813958,0.024495580143831665,3.3223314713859833,0.0035430135403002527,151485.82952311946,True,False,0,0,8.212393368012272e-06,5.998780125082703e-05,0.09082476666753792,154922.50245322185,truth,0.022879368272914306,0.026080870152653996,3.3994812326052,0.007584355576588929,T=151.6kN,0.02
22020,151600.0,151663.24580101194,151663.2380875587,True,False,0,0,0.0,4.394678398966789e-09,inf,,truth,0.023357643643813958,0.02049963598034846,3.3223314713859833,inf,151304.61654708887,True,False,1,0,6.872842277516611e-07,0.0,inf,,peaks,0.01939510266902069,0.022348596995372314,3.2930570863405206,inf,T=151.6kN,0.02
22021,151600.0,151663.24580101194,151965.98864487145,True,False,0,0,2.6821231585927308e-05,2.9761173209408298e-05,inf,,truth,0.023357643643813958,0.0212702858427876,3.3223314713859833,0.0032984077285615173,151973.70207119294,True,True,1,0,7.264741907420103e-05,3.237189775973093e-05,inf,,small_s,0.024127778836095317,0.020861976659007176,3.317761877443068,0.0038951142931405464,T=151.6kN,0.02
22022,151600.0,151663.24580101194,151982.96146471697,True,False,0,0,4.074909884366207e-05,0.0,inf,,peaks,0.023357643643813958,0.01973216031356686,3.3223314713859833,0.0031572184066229283,151785.93309452906,True,True,1,0,5.821379909320967e-05,3.831562844425207e-05,inf,,small_s,0.022193046481075854,0.01978582930398403,3.301789615693079,0.003567159329017977,T=151.6kN,0.02
22023,151600.0,151663.24580101194,150612.1209100514,True,False,0,0,4.158489900873974e-06,0.0,inf,,peaks,0.023357643643813958,0.023907823212050813,3.3223314713859833,0.0036139570156496267,151016.10873875825,True,False,0,0,1.9696437448146753e-05,2.356702862016391e-05,1.2676910143090936,149881.97396594798,truth,0.027378787147629344,0.023215407416594586,3.346193162910428,inf,T=151.6kN,0.02
23000,157000.0,157062.94837111767,156273.93653942127,True,False,0,0,5.340552888810635e-09,0.0,inf,,peaks,0.023687416430500034,0.020566301039531696,3.3217428489748353,inf,156837.7903884492,True,False,1,0,1.5006662579253316e-10,0.0,inf,,peaks,0.029105375544170354,0.013980535903890118,3.352423153855871,inf,T=157.0kN,0.02
23001,157000.0,157062.94837111767,156707.76382176296,True,False,0,0,0.0,3.001332515850663e-11,inf,,mirror,0.023687416430500034,0.020970579234048787,3.3217428489748353,inf,156362.9943651721,True,False,0,0,0.0,7.748894859105349e-10,inf,,mirror,0.02696785124530157,0.022249144772831905,3.286749029620577,inf,T=157.0kN,0.02
23002,157000.0,157062.94837111767,156922.61272245363,True,False,0,0,6.540833965118509e-06,0.0,inf,,peaks,0.023687416430500034,0.02481344850004981,3.3217428489748353,0.0035848512285457353,157200.44615359278,True,True,1,0,1.3983155440655537e-05,9.560188118484803e-06,inf,,small_s,0.02904836892052915,0.022138663022088292,3.341624400095524,0.0037514822627818683,T=157.0kN,0.02
23003,157000.0,157062.94837111767,156962.99602727298,True,False,0,0,1.1641532182693481e-10,0.0,inf,,peaks,0.023687416430500034,0.023356203565538112,3.3217428489748353,inf,156944.78775251255,True,False,0,1,4.0108716348186135e-10,0.0,inf,,peaks,0.02954189792299121,0.020745999200371745,3.3180700045901013,inf,T=157.0kN,0.02
23004,157000.0,157062.94837111767,156595.507272232,True,False,0,0,4.1236853576265275e-07,4.886585884378292e-05,inf,,truth,0.023687416430500034,0.021153861622161443,3.3217428489748353,0.00324081497035817,156531.60454118258,True,True,1,0,6.0018447584297974e-05,4.018305753561435e-05,inf,,small_s,0.02262868310693577,0.02163874695361306,3.3117955317417533,0.003390369561784288,T=157.0kN,0.02
23005,157000.0,157062.94837111767,156567.81317780027,True,False,0,0,0.0,1.7166678844660055e-05,inf,,mirror,0.023687416430500034,0.024638824199447115,3.3217428489748353,0.003532547626316703,156126.74957799067,True,True,1,0,5.0506384468462784e-05,2.1114311493874993e-05,inf,,small_s,0.023170430599200712,0.0257956662498574,3.232436054619662,0.003954939972618449,T=157.0kN,0.02
23006,157000.0,157062.94837111767,157584.0569332752,True,False,0,0,5.547917680814862e-10,2.179149305447936e-09,inf,,truth,0.023687416430500034,0.022856641980398527,3.3217428489748353,inf,156956.9384286872,True,False,0,0,7.34871719032526e-10,0.0,inf,,peaks,0.03341124570973415,0.021391746613835343,3.274221671049217,inf,T=157.0kN,0.02
23007,157000.0,157062.94837111767,156734.66363602265,True,False,0,0,2.764863893389702e-10,2.7284841053187847e-12,inf,,truth,0.023687416430500034,0.020799991109795128,3.3217428489748353,inf,156913.4601713898,True,False,0,0,0.0,2.7557689463719726e-10,inf,,mirror,0.02722216683443294,0.018013338882542366,3.3364322280800724,inf,T=157.0kN,0.02
23008,157000.0,157062.94837111767,156424.2647156658,True,False,0,0,0.0,1.648004399612546e-09,inf,,mirror,0.023687416430500034,0.01979162524390665,3.3217428489748353,inf,156146.68059583576,True,False,0,0,2.637534635141492e-10,0.0,inf,,peaks,0.02053703845236183,0.022410717187939952,3.2734525843576896,inf,T=157.0kN,0.02
23009,157000.0,157062.94837111767,156831.96393915906,True,False,0,0,3.4908570341940504e-05,4.5344180762185715e-05,inf,,truth,0.023687416430500034,0.019509245342204683,3.3217428489748353,0.003115866738460682,157009.6369493034,True,True,1,0,1.1152897059218958e-05,4.2899664549622685e-05,inf,,small_s,0.027652367442264784,0.017724106352282103,3.339420378270727,0.003206298069598093,T=157.0kN,0.02
23010,157000.0,157062.94837111767,156527.74755543438,True,False,0,0,0.0,8.185452315956354e-11,inf,,mirror,0.023687416430500034,0.021576435428549035,3.3217428489748353,inf,156616.64986781162,True,False,0,0,1.3460521586239338e-10,1.7280399333685637e-09,inf,,truth,0.0287244086587557,0.017292491108724495,3.3291546023955916,inf,T=157.0kN,0.02
23011,157000.0,157062.94837111767,157643.42626411028,True,False,0,0,3.80168785341084e-10,0.0,inf,,peaks,0.023687416430500034,0.020002697562320083,3.3217428489748353,inf,157463.83999279587,True,False,0,0,5.138645065017045e-10,1.6370904631912708e-11,inf,,truth,0.027127542314583888,0.019639360256282195,3.3099374366458436,inf,T=157.0kN,0.02
23012,157000.0,157062.94837111767,156544.17850689738,True,False,0,0,1.459103987144772e-05,0.0,inf,,peaks,0.023687416430500034,0.021665987982597237,3.3217428489748353,0.0032956843569315855,156909.38001154282,True,False,1,0,0.0,3.246896085329354e-10,inf,,mirror,0.026770680447257948,0.019660467184670485,3.349361956568369,inf,T=157.0kN,0.02
23013,157000.0,157062.94837111767,157288.57610422274,True,False,0,0,8.185452315956354e-12,0.0,inf,,peaks,0.023687416430500034,0.017250689425906584,3.3217428489748353,inf,157274.2121916571,True,False,0,0,0.0,3.9108272176235914e-11,inf,,mirror,0.025677343506829247,0.01643476175947703,3.326162558401807,inf,T=157.0kN,0.02
23014,157000.0,157062.94837111767,156473.21699287617,True,False,0,0,0.0,2.864908310584724e-10,inf,,mirror,0.023687416430500034,0.022159529136261503,3.3217428489748353,inf,155958.80624494303,True,False,0,0,3.185918649251107e-05,0.9418822998559335,0.9418822998559335,177325.82598127646,truth,0.027053481466623796,0.024455366843163753,3.2612233828485047,0.0037698072331641143,T=157.0kN,0.02
23015,157000.0,157062.94837111767,157582.47440583902,True,False,0,0,0.0,2.5283952709287405e-10,inf,,mirror,0.023687416430500034,0.02238527225854334,3.3217428489748353,inf,156827.76824566378,True,False,0,0,4.267587064532563e-05,0.0,inf,,peaks,0.03333609030367089,0.021764393392266265,3.2679431503045944,0.003523298286123293,T=157.0kN,0.02
23016,157000.0,157062.94837111767,156540.13923550144,True,False,0,0,0.0,2.9511493266909383e-06,inf,,mirror,0.023687416430500034,0.0246627048246679,3.3217428489748353,0.0035426554285378784,156242.60778503903,True,True,1,0,2.3716042960586492e-05,8.483065266773337e-05,inf,,small_s,0.02396815019398879,0.025113910610078373,3.2709238459982743,0.0040790672501863825,T=157.0kN,0.02
23017,157000.0,157062.94837111767,157510.31411628835,True,False,0,0,2.833171129168477e-05,0.0,inf,,peaks,0.023687416430500034,0.024296279017388272,3.3217428489748353,0.0035382156067393427,158079.04902801217,True,False,1,0,2.815795596688986e-09,0.0,inf,,peaks,0.026419730337360187,0.022683682515792863,3.3795405681278154,inf,T=157.0kN,0.02
23018,157000.0,157062.94837111767,157547.9407043171,True,False,0,0,4.43833414465189e-10,1.127773430198431e-10,inf,,truth,0.023687416430500034,0.01794293355771685,3.3217428489748353,inf,157700.9878907558,True,False,0,0,2.9831426218152046e-10,0.0,inf,,peaks,0.017698158694508585,0.01942903435298161,3.322527860404877,inf,T=157.0kN,0.02
23019,157000.0,157062.94837111767,157189.03032828905,True,False,0,0,5.275069270282984e-11,1.0913936421275139e-11,inf,,truth,0.023687416430500034,0.018674435143755445,3.3217428489748353,inf,157160.02781716228,True,False,0,0,0.0,2.1827872842550278e-11,inf,,mirror,0.025157464855093334,0.01814068368838204,3.322376141649295,inf,T=157.0kN,0.02
23020,157000.0,157062.94837111767,157969.32041722094,True,False,0,0,0.0,5.638867150992155e-11,inf,,mirror,0.023687416430500034,0.015622103297348358,3.3217428489748353,inf,158071.67544395968,True,False,0,0,9.094947017729282e-13,0.0,inf,,peaks,0.021803429519166584,0.015793026855293234,3.325363865065498,inf,T=157.0kN,0.02
23021,157000.0,157062.94837111767,156112.02317380748,True,False,0,0,0.0,9.731593308970332e-09,inf,,mirror,0.023687416430500034,0.02133589480721761,3.3217428489748353,inf,156246.61424794712,True,False,0,0,0.0,3.319655661471188e-10,inf,,mirror,0.022316164142952122,0.021122145596040805,3.338999470544857,inf,T=157.0kN,0.02
23022,157000.0,157062.94837111767,157341.66753252863,True,False,0,0,3.8198777474462986e-11,0.0,inf,,peaks,0.023687416430500034,0.015836644512002666,3.3217428489748353,inf,157443.22310384436,True,False,0,0,1.8189894035458565e-10,0.0,inf,,peaks,0.025875149058572414,0.013943862183537471,3.3384893780802147,inf,T=157.0kN,0.02
23023,157000.0,157062.94837111767,157440.72922112726,True,False,0,0,0.0,4.729372449219227e-11,inf,,mirror,0.023687416430500034,0.017192631564671986,3.3217428489748353,inf,157281.1364391033,True,False,0,0,0.0,5.820766091346741e-11,inf,,mirror,0.0252642943189655,0.01735816957411872,3.3090999800826624,inf,T=157.0kN,0.02
24000,164000.0,164060.39771998912,164128.10446762477,True,False,0,0,3.128661774098873e-10,0.0,inf,,peaks,0.024160595623263358,0.024399477300200426,3.321733852111565,inf,164190.55091790037,True,False,0,0,2.6921043172478676e-10,4.893081495538354e-10,inf,,truth,0.021603080363796157,0.02546145398828883,3.301939167943709,inf,T=164.0kN,0.02
24001,164000.0,164060.39771998912,163944.59320778676,True,False,0,0,0.0,9.094947017729282e-12,inf,,mirror,0.024160595623263358,0.019150429480044844,3.321733852111565,0.0031849395006875833,166140.2281568434,True,False,0,0,9.094947017729282e-13,0.0,3.324699375692944,164167.05101796924,peaks,0.023395618608578278,0.01219578540900124,3.4966885592511043,inf,T=164.0kN,0.02
24002,164000.0,164060.39771998912,164727.9356792527,True,False,0,0,0.0,2.9103830456733704e-11,inf,,mirror,0.024160595623263358,0.01671960861699594,3.321733852111565,0.0032112004726048107,165231.15485751315,True,False,1,0,1.4551915228366852e-11,1.0869485170078406,inf,,truth,0.017452288534069767,0.015191980050047463,3.3657354107208324,inf,T=164.0kN,0.02
24003,164000.0,164060.39771998912,163405.68551523105,True,False,0,0,1.2732925824820995e-11,1.673470251262188e-10,inf,,truth,0.024160595623263358,0.019789138500104025,3.321733852111565,inf,163401.62265290902,True,False,1,0,1.509761204943061e-10,3.2568836975879094,3.2568836975879094,226038.00422477693,small_s,0.026366913888527337,0.017635048490928455,3.35029688410106,inf,T=164.0kN,0.02
24004,164000.0,164060.39771998912,164212.03019120602,True,False,0,0,1.1459633242338896e-10,0.0,inf,,peaks,0.024160595623263358,0.019836986757842134,3.321733852111565,inf,163913.4921612337,True,False,0,0,6.184563972055912e-11,2.7284841053187847e-11,inf,,truth,0.027635133151372757,0.020940343351679054,3.2782049423125286,inf,T=164.0kN,0.02
24005,164000.0,164060.39771998912,163534.63336843916,True,False,0,0,0.0,3.3014657674357295e-10,inf,,mirror,0.024160595623263358,0.0213252661768786,3.321733852111565,inf,163672.55059849733,True,False,0,0,0.0,8.458300726488233e-11,inf,,mirror,0.02401214497518629,0.01890656499559024,3.3557565840492645,inf,T=164.0kN,0.02
24006,164000.0,164060.39771998912,163783.89600929077,True,False,0,0,5.4569682106375694e-11,3.0486262403428555e-09,inf,,truth,0.024160595623263358,0.02194025370998176,3.321733852111565,inf,163317.14141923265,True,False,0,0,1.2985164680276284,1.969209552044049e-05,1.2985164680276284,171790.1315359686,small_s,0.02963013754205276,0.0230405503757653,3.2400864767899544,0.0037312158830627344,T=164.0kN,0.02
24007,164000.0,164060.39771998912,163879.53224348702,True,False,0,0,2.2919266484677792e-10,2.255546860396862e-10,inf,,truth,0.024160595623263358,0.021199055375574097,3.321733852111565,inf,163240.9542375499,True,False,0,0,1.267243169422727e-05,4.1170364056597464e-05,inf,,small_s,0.03106204538161137,0.02270761427474134,3.274411812760539,0.0036285830122184237,T=164.0kN,0.02
24008,164000.0,164060.39771998912,164680.42211438995,True,False,0,0,1.6370904631912708e-11,1.546140993013978e-11,inf,,truth,0.024160595623263358,0.024868764998779228,3.321733852111565,inf,163818.3959911024,True,False,0,0,8.949427865445614e-10,2.3650500224903226e-08,inf,,small_s,0.034936831020519865,0.02470380159217393,3.292357001562648,inf,T=164.0kN,0.02
24009,164000.0,164060.39771998912,164109.32445587014,True,False,0,0,0.0,7.912603905424476e-11,inf,,mirror,0.024160595623263358,0.016230686301683422,3.321733852111565,inf,164198.7758632755,True,False,0,0,4.547473508864641e-12,2.3332659434154266,2.3332659434154266,167074.04034566073,small_s,0.022658335057753526,0.013327596786505882,3.3543637916454774,inf,T=164.0kN,0.02
24010,164000.0,164060.39771998912,163911.28503400722,True,False,0,0,0.0,8.549250196665525e-11,inf,,mirror,0.024160595623263358,0.018647669032653167,3.321733852111565,inf,164369.25536027213,True,False,0,0,4.001776687800884e-11,3.356035449542105e-10,inf,,small_s,0.01635153378779099,0.019622896382912175,3.295334558921802,inf,T=164.0kN,0.02
24011,164000.0,164060.39771998912,164551.83244171453,True,False,0,0,2.7466739993542433e-10,5.493347998708487e-10,inf,,truth,0.024160595623263358,0.01916999990853528,3.321733852111565,inf,164602.8520020761,True,False,0,0,3.765308065339923e-10,0.03173353876809415,inf,,truth,0.024800212746672587,0.018057814294784123,3.348085801982215,inf,T=164.0kN,0.02
24012,164000.0,164060.39771998912,163601.57099768816,True,False,0,0,2.5193003239110112e-09,0.0,inf,,peaks,0.024160595623263358,0.01761088335608887,3.321733852111565,0.002879982079466054,163851.59311637242,True,False,0,0,0.094381931308817,0.09438193383539328,inf,,small_s,0.020375678501366942,0.01991474252390179,3.160689964631963,inf,T=164.0kN,0.02
24013,164000.0,164060.39771998912,164287.98391332015,True,False,0,0,0.0,7.275957614183426e-11,inf,,mirror,0.024160595623263358,0.019963565074068858,3.321733852111565,inf,164636.3243658529,True,False,0,0,2.928572939708829e-10,1.5552359400317073e-10,inf,,small_s,0.01920996266394848,0.018839450317281695,3.3545335121400512,inf,T=164.0kN,0.02
24014,164000.0,164060.39771998912,164859.26565176385,True,False,0,0,5.684341886080801e-10,1.4642864698544145e-10,inf,,truth,0.024160595623263358,0.024579243161362063,3.321733852111565,inf,163895.05235925078,True,False,0,0,0.0,2.1160457024416246,2.1160457024416246,166274.90391808722,mirror,0.034755135336998595,0.02658985289791824,3.2254967303739575,0.004202293441278304,T=164.0kN,0.02
24015,164000.0,164060.39771998912,163780.09679399242,True,False,0,0,0.0,3.439018746576039e-05,inf,,mirror,0.024160595623263358,0.018625696992511667,3.321733852111565,0.002974050692384367,163496.72819443696,True,False,0,0,3.1627814678358845e-06,0.00010883353024837561,inf,,truth,0.029852436575330748,0.017093166917406043,3.325520502839036,0.0030207939363909885,T=164.0kN,0.02
24016,164000.0,164060.39771998912,164022.25714592537,True,False,0,0,0.0,1.546140993013978e-10,inf,,mirror,0.024160595623263358,0.01959821656370691,3.321733852111565,inf,163965.3439813248,True,False,0,0,2.6584530132822692e-09,0.0,inf,,peaks,0.02606404261807487,0.018426983590924435,3.339705576038685,inf,T=164.0kN,0.02
24017,164000.0,164060.39771998912,164822.52351331033,True,False,0,0,0.0,6.548361852765083e-11,inf,,mirror,0.024160595623263358,0.018215940622959084,3.321733852111565,inf,165145.26170868735,True,False,0,0,0.0,0.43057371809209144,0.43057371809209144,178517.30794698905,mirror,0.02017903697103331,0.017062237458819678,3.3566494239909606,inf,T=164.0kN,0.02
24018,164000.0,164060.39771998912,163632.6186606776,True,False,0,0,0.0,1.2732925824820995e-11,inf,,mirror,0.024160595623263358,0.018392863689555894,3.321733852111565,inf,163503.14679103906,True,False,0,0,0.0,6.129994289949536e-10,inf,,mirror,0.025903385276452858,0.01853321775867958,3.312786184390582,inf,T=164.0kN,0.02
24019,164000.0,164060.39771998912,164757.335617169,True,False,0,0,2.5556801119819283e-10,6.002665031701326e-11,inf,,truth,0.024160595623263358,0.016418419263436547,3.321733852111565,inf,164934.42698649497,True,False,0,0,1.3005774235352874e-10,0.0,inf,,peaks,0.021721411080984382,0.016196760654839246,3.3338300471629383,inf,T=164.0kN,0.02
24020,164000.0,164060.39771998912,163365.60985423237,True,False,0,0,0.0,2.3737811716273427e-10,inf,,mirror,0.024160595623263358,0.022508950780728277,3.321733852111565,inf,162909.78531210512,True,False,0,0,2.4556356947869062e-09,1.090484147425741e-09,inf,,truth,0.031088298563308945,0.021988648254422854,3.315116224022561,inf,T=164.0kN,0.02
24021,164000.0,164060.39771998912,165182.7792759618,True,False,0,0,0.0,2.9831426218152046e-10,inf,,mirror,0.024160595623263358,0.02012561568875038,3.321733852111565,inf,165020.5641806626,True,False,1,0,2.3646862246096134e-11,4.383591489302489,4.383591489302489,226038.00422477693,small_s,0.027498104839451934,0.017502085249629633,3.3510995870002698,inf,T=164.0kN,0.02
24022,164000.0,164060.39771998912,163552.3846159046,True,False,0,0,5.356923793442547e-10,0.0,inf,,peaks,0.024160595623263358,0.01803998574400673,3.321733852111565,inf,163475.26132853838,True,False,0,0,4.001776687800884e-11,1.8189894035458565e-12,inf,,small_s,0.02518210110648965,0.018016662742933166,3.3197367624205403,inf,T=164.0kN,0.02
24023,164000.0,164060.39771998912,163584.14964965958,True,False,0,0,3.637978807091713e-12,3.292370820418e-10,inf,,truth,0.024160595623263358,0.020416986958030767,3.321733852111565,inf,163256.32421487087,True,False,0,0,2.8161141987220617,2.816114198534706,2.816114198534706,166794.46551816858,truth,0.028888770051717055,0.02049389895518506,3.3040462504953507,inf,T=164.0kN,0.02
