zeta,tol,d_crit,eps_at_dcrit,cv_at_0,cv_at_dcrit,cv_at_2dcrit,weak_snr_0,weak_snr_dcrit
0.002,0.02,0.00366561,0.01999432323801132,0.0014242706966527117,0.0013782654106193613,0.0013588854074995968,27.1000895458721,28.88084538569522
0.002,0.05,0.0,0.02338,0.0014242706966527117,0.0014242706966527117,0.0014242706966527117,27.1000895458721,27.1000895458721
0.002,0.1,0.0,0.02338,0.0014242706966527117,0.0014242706966527117,0.0014242706966527117,27.1000895458721,27.1000895458721
0.005,0.02,0.00366561,0.01999432323801132,0.001979330946497947,0.0019222472245434754,0.0019174969876384787,19.780014085339552,21.36229039979982
0.005,0.05,0.0,0.02338,0.001979330946497947,0.001979330946497947,0.001979330946497947,19.780014085339552,19.780014085339552
0.005,0.1,0.0,0.02338,0.001979330946497947,0.001979330946497947,0.001979330946497947,19.780014085339552,19.780014085339552
0.01,0.02,0.00366561,0.01999432323801132,0.0027351288663687067,0.002617729619573265,0.002624426873116272,15.269962991924608,16.461854341128827
0.01,0.05,0.0,0.02338,0.0027351288663687067,0.0027351288663687067,0.0027351288663687067,15.269962991924608,15.269962991924608
0.01,0.1,0.0,0.02338,0.0027351288663687067,0.0027351288663687067,0.0027351288663687067,15.269962991924608,15.269962991924608
0.02,0.02,0.00366561,0.01999432323801132,0.005060567064552497,0.0046708326877441374,0.004611506886673548,11.578637515873416,12.35665616894613
0.02,0.05,0.0,0.02338,0.005060567064552497,0.005060567064552497,0.005060567064552497,11.578637515873416,11.578637515873416
0.02,0.1,0.0,0.02338,0.005060567064552497,0.005060567064552497,0.005060567064552497,11.578637515873416,11.578637515873416
0.04,0.02,0.00366561,0.01999432323801132,0.022201366598580238,0.019700982046762038,0.01928443196725591,7.318436267051367,7.907834860089434
0.04,0.05,0.0,0.02338,0.022201366598580238,0.022201366598580238,0.022201366598580238,7.318436267051367,7.318436267051367
0.04,0.1,0.0,0.02338,0.022201366598580238,0.022201366598580238,0.022201366598580238,7.318436267051367,7.318436267051367
