record,r_dip,r_3db,s_over_zeta_dip,s_over_zeta_3db,zeta_pct,s_star_dip,s_star_3db,frac_unres_dip,frac_unres_3db,frac_unres_halfpower,n_graded,merged,n_peaks_3db,n_maxima,f_pk1,f_pk2,sep_hz,dip_db,T,f_lo,f_hi,f0,s_bridge,zeta_merge_3db_pct,zeta_dipvanish_pct,zeta_merge_3db_pred_pct,zeta_dipvanish_pred_pct
model_threshold,0.48586850192689335,1.1398034432059767,0.9717370038537867,2.2796068864119534,,,,,,,,,,,,,,,,,,,,,,,
campaign,,,,,0.2,0.0019434740077075735,0.004559213772823907,0.3159144893111639,0.6247030878859857,0.5819477434679335,421.0,,,,,,,,,,,,,,,,
campaign,,,,,0.5,0.004858685019268933,0.011398034432059768,0.6437054631828979,0.8479809976247031,0.833729216152019,421.0,,,,,,,,,,,,,,,,
campaign,,,,,1.0,0.009717370038537867,0.022796068864119536,0.8266033254156769,0.9429928741092637,0.9382422802850356,421.0,,,,,,,,,,,,,,,,
campaign,,,,,2.0,0.019434740077075734,0.04559213772823907,0.9334916864608076,0.9881235154394299,0.9857482185273159,421.0,,,,,,,,,,,,,,,,
frf,,,,,0.2,,,,,,,0.0,2.0,2.0,3.2827,3.3615,0.07879999999999976,22.479462685087,,,,,,,,,
frf,,,,,0.5,,,,,,,0.0,2.0,2.0,3.2805,3.363,0.08250000000000002,8.504327832422959,,,,,,,,,
frf,,,,,1.0,,,,,,,1.0,1.0,2.0,3.2759,,,1.3440090692380124,,,,,,,,,
frf,,,,,2.0,,,,,,,1.0,1.0,1.0,3.269,,,,,,,,,,,,
bridge_summary,,,,,,,,,,,,,,,,,,,151600.0,3.283269380161662,3.3609375564655175,3.32210346831359,0.0233792165249093,0.8120091438293459,1.3708734860759706,1.025581062430796,2.405920164837839
