ratio,d_apparent,err,share_of_s,s
1.02,0.000231694525056542,0.0002305474943458223,0.00985245702332574,0.0234
1.05,0.0005709015426748925,0.0005639382930043256,0.024099927051466904,0.0234
1.1,0.001115551229417344,0.0010889754116531446,0.046537410754407885,0.0234
1.25,0.0026161995336747537,0.0024704037306019673,0.10557280900008408,0.0234
1.5,0.004776504998427198,0.00429398000629121,0.1835034190722739,0.0234
2.0,0.008273149339882605,0.006853701320234787,0.2928932188134524,0.0234
3.0,0.013509996299037244,0.00989000370096276,0.4226497308103743,0.0234
1.25,,0.00033783298880026924,0.10557280900008413,0.0032
1.25,,0.0010557280900008407,0.10557280900008406,0.01
1.25,,0.0024704037306019673,0.10557280900008408,0.0234
1.25,,0.005278640450004202,0.10557280900008403,0.05
