s,u,zeta,resolvable,worst_eps,ratio
0.0032,4.0,0.0004,True,0.0032874351136525926,1.0273234730164351
0.0032,2.0,0.0008,True,0.0034526154405302156,1.0789423251656924
0.0032,1.155,0.0013852813852813853,True,0.0035799968118267467,1.1187490036958583
0.0032,1.2,0.0013333333333333335,True,0.0035784917114907167,1.118278659840849
0.0032,0.8,0.002,True,0.0034119841631623515,1.0662450509882349
0.0032,0.48586827175664576,0.003293073643634387,False,0.0020090421704048733,0.6278256782515229
0.0032,0.35,0.004571428571428572,False,0.0013734729707479687,0.4292103033587402
0.0032,0.15,0.010666666666666668,False,0.0007701293081222582,0.2406654087882057
0.0032,0.1,0.016,False,0.000873711763648588,0.27303492614018376
0.0234,11.7,0.001,True,0.02336673617427576,0.9985784689861436
0.0234,5.85,0.002,True,0.023600469797408874,1.0085670853593536
0.0234,2.34,0.005,True,0.024773861872089298,1.058712045815782
0.0234,1.17,0.01,True,0.026035559263570207,1.1126307377594105
0.0234,0.585,0.02,True,0.01896632200031184,0.8105265812099077
0.0234,0.39,0.03,False,0.011034696747935613,0.4715682370912655
