slice,case,T_true,estimator,sigma_s,rep,err_pct,Z
8,T8,176000.0,string_n1,0.0,-1,0.514399328884197,
8,T8,176000.0,multi_iso,0.0,-1,0.020612791390125163,
8,T8,176000.0,shapefit,0.0,-1,-2.6949535161045127e-08,-3476701.085024414
8,T8,176000.0,pinn_free,0.0,-1,-0.00020628874663088936,-3477800.1443345323
8,T8,176000.0,pinn_free,0.0,-2,12.447023890705713,134807.67013738357
8,T8,176000.0,pinn_free,0.0,-3,3.06088671674264e-05,-3477434.13270089
8,T8,176000.0,string_n1,0.005,0,0.47130072396843886,
8,T8,176000.0,multi_iso,0.005,0,-0.06418977819136093,
8,T8,176000.0,shapefit,0.005,0,0.6044693301847888,
8,T8,176000.0,string_n1,0.005,1,1.0087541428732452,
8,T8,176000.0,multi_iso,0.005,1,0.21722000963815266,
8,T8,176000.0,shapefit,0.005,1,0.09982087963918192,
8,T8,176000.0,string_n1,0.005,2,0.7283165178911903,
8,T8,176000.0,multi_iso,0.005,2,-0.2143886627394915,
8,T8,176000.0,shapefit,0.005,2,0.5289061346802059,
8,T8,176000.0,string_n1,0.005,3,0.07075988208553925,
8,T8,176000.0,multi_iso,0.005,3,-0.07066324230480941,
8,T8,176000.0,shapefit,0.005,3,0.07556686320489958,
8,T8,176000.0,string_n1,0.005,4,0.563482896546107,
8,T8,176000.0,multi_iso,0.005,4,0.0018191541127056223,
8,T8,176000.0,shapefit,0.005,4,1.277946772292853,
8,T8,176000.0,string_n1,0.005,5,0.06155085948695077,
8,T8,176000.0,multi_iso,0.005,5,-0.30032080353748,
8,T8,176000.0,shapefit,0.005,5,-1.4582231100927774,
8,T8,176000.0,string_n1,0.005,6,0.8242126931179552,
8,T8,176000.0,multi_iso,0.005,6,0.09516721003793381,
8,T8,176000.0,shapefit,0.005,6,0.2325125012336767,
8,T8,176000.0,string_n1,0.005,7,0.4235892023269116,
8,T8,176000.0,multi_iso,0.005,7,0.6265615676933687,
8,T8,176000.0,shapefit,0.005,7,-0.4245521098974099,
8,T8,176000.0,string_n1,0.005,8,0.6961339573955146,
8,T8,176000.0,multi_iso,0.005,8,0.13111280428322722,
8,T8,176000.0,shapefit,0.005,8,-0.5857388508209294,
8,T8,176000.0,string_n1,0.005,9,0.6081472462387286,
8,T8,176000.0,multi_iso,0.005,9,0.37756793305224245,
8,T8,176000.0,shapefit,0.005,9,0.09670701265658863,
8,T8,176000.0,string_n1,0.005,10,1.182198124354446,
8,T8,176000.0,multi_iso,0.005,10,0.19189456485645762,
8,T8,176000.0,shapefit,0.005,10,-0.8301519574031938,
8,T8,176000.0,string_n1,0.005,11,-0.16834222269196536,
8,T8,176000.0,multi_iso,0.005,11,-0.3143351249222013,
8,T8,176000.0,shapefit,0.005,11,-0.48991720040180964,
8,T8,176000.0,string_n1,0.005,12,0.3733058528551985,
8,T8,176000.0,multi_iso,0.005,12,0.060076441069875065,
8,T8,176000.0,shapefit,0.005,12,-0.12912966912798848,
8,T8,176000.0,string_n1,0.005,13,0.421266250895579,
8,T8,176000.0,multi_iso,0.005,13,-0.05295397075581356,
8,T8,176000.0,shapefit,0.005,13,-0.6025049757571899,
8,T8,176000.0,string_n1,0.005,14,0.5184700657908913,
8,T8,176000.0,multi_iso,0.005,14,0.035144093834870466,
8,T8,176000.0,shapefit,0.005,14,-0.05138338229047473,
8,T8,176000.0,string_n1,0.005,15,0.06446826765880939,
8,T8,176000.0,multi_iso,0.005,15,0.04720462317375429,
8,T8,176000.0,shapefit,0.005,15,-0.16928993245254043,
8,T8,176000.0,string_n1,0.005,16,-0.17262585564898142,
8,T8,176000.0,multi_iso,0.005,16,0.1657200698742434,
8,T8,176000.0,shapefit,0.005,16,-1.936860685552264,
8,T8,176000.0,string_n1,0.005,17,0.458947909774559,
8,T8,176000.0,multi_iso,0.005,17,-0.20415842357797373,
8,T8,176000.0,shapefit,0.005,17,-0.09246270724270289,
8,T8,176000.0,string_n1,0.005,18,0.4333657263906306,
8,T8,176000.0,multi_iso,0.005,18,0.10543741563190204,
8,T8,176000.0,shapefit,0.005,18,-0.675398111014494,
8,T8,176000.0,string_n1,0.005,19,-0.3004307330227675,
8,T8,176000.0,multi_iso,0.005,19,-0.2874678377755117,
8,T8,176000.0,shapefit,0.005,19,-1.9647066015951251,
8,T8,176000.0,string_n1,0.005,20,0.9204935848259,
8,T8,176000.0,multi_iso,0.005,20,-0.26499888224476637,
8,T8,176000.0,shapefit,0.005,20,0.3446220066504545,
8,T8,176000.0,string_n1,0.005,21,0.43923616135352034,
8,T8,176000.0,multi_iso,0.005,21,0.5471700804146828,
8,T8,176000.0,shapefit,0.005,21,0.7473130458412429,
8,T8,176000.0,string_n1,0.005,22,0.34071927730082363,
8,T8,176000.0,multi_iso,0.005,22,-0.2386268969475416,
8,T8,176000.0,shapefit,0.005,22,-0.7416738018053366,
8,T8,176000.0,string_n1,0.005,23,0.70240439260777,
8,T8,176000.0,multi_iso,0.005,23,0.32007594239237896,
8,T8,176000.0,shapefit,0.005,23,0.6150409968992376,
8,T8,176000.0,string_n1,0.005,24,0.1610574788193348,
8,T8,176000.0,multi_iso,0.005,24,0.30714650928947035,
8,T8,176000.0,shapefit,0.005,24,-0.8435023170309168,
8,T8,176000.0,string_n1,0.005,25,0.11767297504634784,
8,T8,176000.0,multi_iso,0.005,25,0.28944683768798063,
8,T8,176000.0,shapefit,0.005,25,-0.6299918503423627,
8,T8,176000.0,string_n1,0.005,26,0.38492072428113966,
8,T8,176000.0,multi_iso,0.005,26,0.2445513855381829,
8,T8,176000.0,shapefit,0.005,26,0.013808482615389618,
8,T8,176000.0,string_n1,0.005,27,0.12094286177199881,
8,T8,176000.0,multi_iso,0.005,27,-0.05643567542415853,
8,T8,176000.0,shapefit,0.005,27,-0.04759331614064153,
8,T8,176000.0,string_n1,0.005,28,0.4732551665984416,
8,T8,176000.0,multi_iso,0.005,28,0.18699241760802,
8,T8,176000.0,shapefit,0.005,28,-1.041894605621581,
8,T8,176000.0,string_n1,0.005,29,-0.022952281774136777,
8,T8,176000.0,multi_iso,0.005,29,-0.22087546175091782,
8,T8,176000.0,shapefit,0.005,29,-0.8539199806362211,
8,T8,176000.0,string_n1,0.005,30,1.5208203679499672,
8,T8,176000.0,multi_iso,0.005,30,0.07442689211956431,
8,T8,176000.0,shapefit,0.005,30,1.6866730319360035,
8,T8,176000.0,string_n1,0.005,31,0.6022667272383841,
8,T8,176000.0,multi_iso,0.005,31,0.04650835779011686,
8,T8,176000.0,shapefit,0.005,31,0.2988959303044877,
8,T8,176000.0,string_n1,0.005,32,0.19616989008397717,
8,T8,176000.0,multi_iso,0.005,32,0.23835858692412082,
8,T8,176000.0,shapefit,0.005,32,-0.7494760014192996,
8,T8,176000.0,string_n1,0.005,33,0.6326035694610751,
8,T8,176000.0,multi_iso,0.005,33,0.3283545664742798,
8,T8,176000.0,shapefit,0.005,33,1.1746399204331366,
8,T8,176000.0,string_n1,0.005,34,0.10399987878718094,
8,T8,176000.0,multi_iso,0.005,34,-0.28747629258381163,
8,T8,176000.0,shapefit,0.005,34,-1.1391558459388431,
8,T8,176000.0,string_n1,0.005,35,0.36175945132130105,
8,T8,176000.0,multi_iso,0.005,35,-0.27714947286377456,
8,T8,176000.0,shapefit,0.005,35,-0.22236300871152873,
8,T8,176000.0,string_n1,0.005,36,0.11500110628373725,
8,T8,176000.0,multi_iso,0.005,36,0.3271153531254061,
8,T8,176000.0,shapefit,0.005,36,-0.6927152962282972,
8,T8,176000.0,string_n1,0.005,37,1.2980108693814227,
8,T8,176000.0,multi_iso,0.005,37,-0.04511994492750091,
8,T8,176000.0,shapefit,0.005,37,0.6448288168876554,
8,T8,176000.0,string_n1,0.005,38,0.8457978387632631,
8,T8,176000.0,multi_iso,0.005,38,-0.26313810769813495,
8,T8,176000.0,shapefit,0.005,38,0.6981757982853444,
8,T8,176000.0,string_n1,0.005,39,0.16201472562934213,
8,T8,176000.0,multi_iso,0.005,39,0.012940008670854944,
8,T8,176000.0,shapefit,0.005,39,-1.280508068084005,
8,T8,176000.0,string_n1,0.005,40,0.42926965654559435,
8,T8,176000.0,multi_iso,0.005,40,-0.3222334159427688,
8,T8,176000.0,shapefit,0.005,40,0.9648345442440834,
8,T8,176000.0,string_n1,0.005,41,0.46298754609681714,
8,T8,176000.0,multi_iso,0.005,41,-0.06320430455304052,
8,T8,176000.0,shapefit,0.005,41,-1.0827537497024506,
8,T8,176000.0,string_n1,0.005,42,0.1923912167679439,
8,T8,176000.0,multi_iso,0.005,42,0.08678182684637828,
8,T8,176000.0,shapefit,0.005,42,-0.345336771540695,
8,T8,176000.0,string_n1,0.005,43,0.8913358996034401,
8,T8,176000.0,multi_iso,0.005,43,0.15174361905759393,
8,T8,176000.0,shapefit,0.005,43,0.933768061957033,
8,T8,176000.0,string_n1,0.005,44,0.2960223035477611,
8,T8,176000.0,multi_iso,0.005,44,0.155137969854348,
8,T8,176000.0,shapefit,0.005,44,-1.4308286454276227,
8,T8,176000.0,string_n1,0.005,45,1.0327377501871193,
8,T8,176000.0,multi_iso,0.005,45,-0.04368741548112832,
8,T8,176000.0,shapefit,0.005,45,1.3932027082356482,
8,T8,176000.0,string_n1,0.005,46,1.316912020870388,
8,T8,176000.0,multi_iso,0.005,46,-0.07882978721804235,
8,T8,176000.0,shapefit,0.005,46,0.7427004656053462,
8,T8,176000.0,string_n1,0.005,47,0.6075783443846872,
8,T8,176000.0,multi_iso,0.005,47,0.146130798775878,
8,T8,176000.0,shapefit,0.005,47,-0.06162149317862548,
8,T8,176000.0,string_n1,0.005,48,0.7865896079820728,
8,T8,176000.0,multi_iso,0.005,48,-0.3812416863138258,
8,T8,176000.0,shapefit,0.005,48,1.764572659136568,
8,T8,176000.0,string_n1,0.005,49,0.2304654130735633,
8,T8,176000.0,multi_iso,0.005,49,0.017403923386717163,
8,T8,176000.0,shapefit,0.005,49,-0.107885726403699,
8,T8,176000.0,string_n1,0.005,50,-0.22532643736765087,
8,T8,176000.0,multi_iso,0.005,50,-0.4220372021963075,
8,T8,176000.0,shapefit,0.005,50,-1.652504232581718,
8,T8,176000.0,string_n1,0.005,51,1.4081284084924846,
8,T8,176000.0,multi_iso,0.005,51,0.0468545693578397,
8,T8,176000.0,shapefit,0.005,51,1.4320681827422794,
8,T8,176000.0,string_n1,0.005,52,0.3955681544210496,
8,T8,176000.0,multi_iso,0.005,52,0.17986958626330637,
8,T8,176000.0,shapefit,0.005,52,-0.18620589469888232,
8,T8,176000.0,string_n1,0.005,53,0.9573723616259899,
8,T8,176000.0,multi_iso,0.005,53,-0.24931493973768243,
8,T8,176000.0,shapefit,0.005,53,1.3534873154968656,
8,T8,176000.0,string_n1,0.005,54,1.136559524519742,
8,T8,176000.0,multi_iso,0.005,54,0.4011316594577445,
8,T8,176000.0,shapefit,0.005,54,1.2791849732355827,
8,T8,176000.0,string_n1,0.005,55,0.04849461863538057,
8,T8,176000.0,multi_iso,0.005,55,-0.4631327199942627,
8,T8,176000.0,shapefit,0.005,55,-0.5555194415202344,
8,T8,176000.0,string_n1,0.005,56,0.11616202913939394,
8,T8,176000.0,multi_iso,0.005,56,0.2430941813958105,
8,T8,176000.0,shapefit,0.005,56,-0.2303100746569147,
8,T8,176000.0,string_n1,0.005,57,0.7974467214043464,
8,T8,176000.0,multi_iso,0.005,57,0.22626460408353688,
8,T8,176000.0,shapefit,0.005,57,0.716924828617514,
8,T8,176000.0,string_n1,0.005,58,0.4213998043310229,
8,T8,176000.0,multi_iso,0.005,58,0.13118189614931247,
8,T8,176000.0,shapefit,0.005,58,-0.12349953051598277,
8,T8,176000.0,string_n1,0.005,59,0.7632090445778059,
8,T8,176000.0,multi_iso,0.005,59,0.44164774976091975,
8,T8,176000.0,shapefit,0.005,59,-0.10649526366985149,
8,T8,176000.0,string_n1,0.005,60,0.7386240698226505,
8,T8,176000.0,multi_iso,0.005,60,0.10490330911535156,
8,T8,176000.0,shapefit,0.005,60,0.7666801924722346,
8,T8,176000.0,string_n1,0.005,61,0.14584909420083766,
8,T8,176000.0,multi_iso,0.005,61,-0.5493147395990573,
8,T8,176000.0,shapefit,0.005,61,-0.05831180619691374,
8,T8,176000.0,string_n1,0.005,62,-0.10961735188803604,
8,T8,176000.0,multi_iso,0.005,62,-0.06235236984342588,
8,T8,176000.0,shapefit,0.005,62,-1.2930972966243148,
8,T8,176000.0,string_n1,0.005,63,0.46182828682006155,
8,T8,176000.0,multi_iso,0.005,63,-0.024121088391802915,
8,T8,176000.0,shapefit,0.005,63,-0.19396907001649777,
8,T8,176000.0,string_n1,0.005,64,0.2506554263362804,
8,T8,176000.0,multi_iso,0.005,64,0.03435865892203186,
8,T8,176000.0,shapefit,0.005,64,-0.39007872620794926,
8,T8,176000.0,string_n1,0.005,65,0.3171680868729295,
8,T8,176000.0,multi_iso,0.005,65,-0.08383924882544472,
8,T8,176000.0,shapefit,0.005,65,0.8549945765464806,
8,T8,176000.0,string_n1,0.005,66,0.4817491912998197,
8,T8,176000.0,multi_iso,0.005,66,0.06702927112740079,
8,T8,176000.0,shapefit,0.005,66,-1.04042101215506,
8,T8,176000.0,string_n1,0.005,67,0.743007275845114,
8,T8,176000.0,multi_iso,0.005,67,0.07958038041458415,
8,T8,176000.0,shapefit,0.005,67,-0.1977111344872438,
8,T8,176000.0,string_n1,0.005,68,1.0335592845059596,
8,T8,176000.0,multi_iso,0.005,68,-0.04569843077234426,
8,T8,176000.0,shapefit,0.005,68,0.11266538799692088,
8,T8,176000.0,string_n1,0.005,69,0.8558901740306365,
8,T8,176000.0,multi_iso,0.005,69,-0.0929030938539654,
8,T8,176000.0,shapefit,0.005,69,0.38354663683042994,
8,T8,176000.0,string_n1,0.005,70,0.12991708693268514,
8,T8,176000.0,multi_iso,0.005,70,0.42454322930293115,
8,T8,176000.0,shapefit,0.005,70,-0.2111698035164657,
8,T8,176000.0,string_n1,0.005,71,1.1232060108501833,
8,T8,176000.0,multi_iso,0.005,71,-0.11285730594766144,
8,T8,176000.0,shapefit,0.005,71,0.7012845757104184,
8,T8,176000.0,string_n1,0.005,72,0.46717947730872267,
8,T8,176000.0,multi_iso,0.005,72,-0.07969388041666124,
8,T8,176000.0,shapefit,0.005,72,-0.9453844007902841,
8,T8,176000.0,string_n1,0.005,73,0.18260002756975485,
8,T8,176000.0,multi_iso,0.005,73,0.31647058794817645,
8,T8,176000.0,shapefit,0.005,73,0.42948263054406033,
8,T8,176000.0,string_n1,0.005,74,0.4539942009973443,
8,T8,176000.0,multi_iso,0.005,74,0.22807416346009135,
8,T8,176000.0,shapefit,0.005,74,-0.1041445364775758,
8,T8,176000.0,string_n1,0.005,75,0.6759375860547318,
8,T8,176000.0,multi_iso,0.005,75,-0.03427986260195956,
8,T8,176000.0,shapefit,0.005,75,0.5722690416126087,
8,T8,176000.0,string_n1,0.005,76,0.9696809340833583,
8,T8,176000.0,multi_iso,0.005,76,0.3388213125494076,
8,T8,176000.0,shapefit,0.005,76,-0.769558066330071,
8,T8,176000.0,string_n1,0.005,77,0.4619182336310835,
8,T8,176000.0,multi_iso,0.005,77,0.12181403748436423,
8,T8,176000.0,shapefit,0.005,77,-0.6122826075505146,
8,T8,176000.0,string_n1,0.005,78,0.8376692572907566,
8,T8,176000.0,multi_iso,0.005,78,-0.07757771909136037,
8,T8,176000.0,shapefit,0.005,78,1.570419040815746,
8,T8,176000.0,string_n1,0.005,79,0.44956233345785057,
8,T8,176000.0,multi_iso,0.005,79,-0.14913351770752672,
8,T8,176000.0,shapefit,0.005,79,0.23667694155539556,
8,T8,176000.0,string_n1,0.005,80,0.030637361974053916,
8,T8,176000.0,multi_iso,0.005,80,-0.022908482586254567,
8,T8,176000.0,shapefit,0.005,80,-0.23606642570339317,
8,T8,176000.0,string_n1,0.005,81,0.5632260618537244,
8,T8,176000.0,multi_iso,0.005,81,0.3607043164160462,
8,T8,176000.0,shapefit,0.005,81,0.1319778811500245,
8,T8,176000.0,string_n1,0.005,82,0.3843534587471037,
8,T8,176000.0,multi_iso,0.005,82,0.17944053141567234,
8,T8,176000.0,shapefit,0.005,82,-1.8328231923368963,
8,T8,176000.0,string_n1,0.005,83,0.6489135837502049,
8,T8,176000.0,multi_iso,0.005,83,0.24469457132671033,
8,T8,176000.0,shapefit,0.005,83,-0.11120964392445207,
8,T8,176000.0,string_n1,0.005,84,0.8196817100087752,
8,T8,176000.0,multi_iso,0.005,84,0.210543470969126,
8,T8,176000.0,shapefit,0.005,84,0.45003606443745164,
8,T8,176000.0,string_n1,0.005,85,0.748453910469735,
8,T8,176000.0,multi_iso,0.005,85,0.21359056522378522,
8,T8,176000.0,shapefit,0.005,85,-1.4174437014723067,
8,T8,176000.0,string_n1,0.005,86,0.2886225314241694,
8,T8,176000.0,multi_iso,0.005,86,-0.4320897196285924,
8,T8,176000.0,shapefit,0.005,86,-0.8743566901819412,
8,T8,176000.0,string_n1,0.005,87,0.4421240255775708,
8,T8,176000.0,multi_iso,0.005,87,-0.18760027094867837,
8,T8,176000.0,shapefit,0.005,87,-0.4865432822748434,
8,T8,176000.0,string_n1,0.005,88,0.1418493483104612,
8,T8,176000.0,multi_iso,0.005,88,-0.2781738209214547,
8,T8,176000.0,shapefit,0.005,88,-0.8970441759047059,
8,T8,176000.0,string_n1,0.005,89,0.2640297200564005,
8,T8,176000.0,multi_iso,0.005,89,0.14614143007888328,
8,T8,176000.0,shapefit,0.005,89,-1.4036584318269227,
8,T8,176000.0,string_n1,0.005,90,0.20875904128165115,
8,T8,176000.0,multi_iso,0.005,90,0.20645493669270018,
8,T8,176000.0,shapefit,0.005,90,-0.3014666628525116,
8,T8,176000.0,string_n1,0.005,91,-0.02262630983186682,
8,T8,176000.0,multi_iso,0.005,91,-0.15260059196832365,
8,T8,176000.0,shapefit,0.005,91,-1.1514916154811792,
8,T8,176000.0,string_n1,0.005,92,0.4187927796618169,
8,T8,176000.0,multi_iso,0.005,92,0.29112127182035524,
8,T8,176000.0,shapefit,0.005,92,0.12158527157663973,
8,T8,176000.0,string_n1,0.005,93,0.7440436289480865,
8,T8,176000.0,multi_iso,0.005,93,0.03434239365071169,
8,T8,176000.0,shapefit,0.005,93,0.23374404388857578,
8,T8,176000.0,string_n1,0.005,94,0.5059262439388146,
8,T8,176000.0,multi_iso,0.005,94,-0.14063713488172983,
8,T8,176000.0,shapefit,0.005,94,-0.2733282154794737,
8,T8,176000.0,string_n1,0.005,95,-0.09147271780080204,
8,T8,176000.0,multi_iso,0.005,95,-0.2621245882658927,
8,T8,176000.0,shapefit,0.005,95,-0.7663900596557142,
8,T8,176000.0,string_n1,0.005,96,1.179710488620681,
8,T8,176000.0,multi_iso,0.005,96,-0.4521575692734173,
8,T8,176000.0,shapefit,0.005,96,1.804118889499147,
8,T8,176000.0,string_n1,0.005,97,0.7693380818044798,
8,T8,176000.0,multi_iso,0.005,97,-0.05773744672377771,
8,T8,176000.0,shapefit,0.005,97,-0.15484711161294729,
8,T8,176000.0,string_n1,0.005,98,0.5577920734876567,
8,T8,176000.0,multi_iso,0.005,98,0.1296862019046702,
8,T8,176000.0,shapefit,0.005,98,1.4975323876869715,
8,T8,176000.0,string_n1,0.005,99,0.377690216752258,
8,T8,176000.0,multi_iso,0.005,99,0.22111289799726033,
8,T8,176000.0,shapefit,0.005,99,0.5591152388473347,
8,T8,176000.0,string_n1,0.01,0,0.47623588025615554,
8,T8,176000.0,multi_iso,0.01,0,-0.11629051992597604,
8,T8,176000.0,shapefit,0.01,0,0.8933477468290717,
8,T8,176000.0,string_n1,0.01,1,0.4392795400949829,
8,T8,176000.0,multi_iso,0.01,1,-0.36937336739792953,
8,T8,176000.0,shapefit,0.01,1,0.036270398014692715,
8,T8,176000.0,string_n1,0.01,2,1.3229183252799803,
8,T8,176000.0,multi_iso,0.01,2,0.2792763646155601,
8,T8,176000.0,shapefit,0.01,2,3.589700249247802,
8,T8,176000.0,string_n1,0.01,3,0.21667481015518372,
8,T8,176000.0,multi_iso,0.01,3,0.2621784500295028,
8,T8,176000.0,shapefit,0.01,3,0.3203275701327088,
8,T8,176000.0,string_n1,0.01,4,0.9793348006180663,
8,T8,176000.0,multi_iso,0.01,4,0.15508526677618978,
8,T8,176000.0,shapefit,0.01,4,-0.040259814474219724,
8,T8,176000.0,string_n1,0.01,5,0.751932081188914,
8,T8,176000.0,multi_iso,0.01,5,0.4239929984764372,
8,T8,176000.0,shapefit,0.01,5,-0.24487535818789183,
8,T8,176000.0,string_n1,0.01,6,0.07964447421069384,
8,T8,176000.0,multi_iso,0.01,6,0.02844104092564521,
8,T8,176000.0,shapefit,0.01,6,1.11627023823426,
8,T8,176000.0,string_n1,0.01,7,0.9468683074032842,
8,T8,176000.0,multi_iso,0.01,7,-0.2898201907796399,
8,T8,176000.0,shapefit,0.01,7,1.1136449159529795,
8,T8,176000.0,string_n1,0.01,8,0.4035298092537315,
8,T8,176000.0,multi_iso,0.01,8,0.12473175529435553,
8,T8,176000.0,shapefit,0.01,8,-0.02610885098843441,
8,T8,176000.0,string_n1,0.01,9,0.2967219766452465,
8,T8,176000.0,multi_iso,0.01,9,-0.014331667924968563,
8,T8,176000.0,shapefit,0.01,9,2.5583355925184645,
8,T8,176000.0,string_n1,0.01,10,1.01917508405667,
8,T8,176000.0,multi_iso,0.01,10,0.6826321103498313,
8,T8,176000.0,shapefit,0.01,10,0.6550221474781707,
8,T8,176000.0,string_n1,0.01,11,1.0683977827271685,
8,T8,176000.0,multi_iso,0.01,11,-0.14550101654265085,
8,T8,176000.0,shapefit,0.01,11,3.1886532342394935,
8,T8,176000.0,string_n1,0.01,12,1.0507667830394976,
8,T8,176000.0,multi_iso,0.01,12,0.20079622839920458,
8,T8,176000.0,shapefit,0.01,12,-1.7019177374833154,
8,T8,176000.0,string_n1,0.01,13,0.832961881561228,
8,T8,176000.0,multi_iso,0.01,13,0.013105755693918168,
8,T8,176000.0,shapefit,0.01,13,-1.464159902233967,
8,T8,176000.0,string_n1,0.01,14,0.3651074201302849,
8,T8,176000.0,multi_iso,0.01,14,0.22980448541245344,
8,T8,176000.0,shapefit,0.01,14,-2.6137147741519087,
8,T8,176000.0,string_n1,0.01,15,0.5565789266053054,
8,T8,176000.0,multi_iso,0.01,15,0.08412743328532418,
8,T8,176000.0,shapefit,0.01,15,-1.2757900503420718,
8,T8,176000.0,string_n1,0.01,16,0.8776454477630977,
8,T8,176000.0,multi_iso,0.01,16,-0.06738786416702748,
8,T8,176000.0,shapefit,0.01,16,1.0288697796829762,
8,T8,176000.0,string_n1,0.01,17,0.7223594779811141,
8,T8,176000.0,multi_iso,0.01,17,-0.1040856257174627,
8,T8,176000.0,shapefit,0.01,17,0.9167207907636608,
8,T8,176000.0,string_n1,0.01,18,0.59192731725052,
8,T8,176000.0,multi_iso,0.01,18,0.8272518785799547,
8,T8,176000.0,shapefit,0.01,18,0.37920851593009336,
8,T8,176000.0,string_n1,0.01,19,1.0721243356376362,
8,T8,176000.0,multi_iso,0.01,19,-0.2369520054224598,
8,T8,176000.0,shapefit,0.01,19,0.983111064361831,
8,T8,176000.0,string_n1,0.01,20,-0.2616172120499951,
8,T8,176000.0,multi_iso,0.01,20,0.5231027736898382,
8,T8,176000.0,shapefit,0.01,20,0.9956546318897876,
8,T8,176000.0,string_n1,0.01,21,0.06076234941273552,
8,T8,176000.0,multi_iso,0.01,21,0.030402575858963908,
8,T8,176000.0,shapefit,0.01,21,-1.6523523285984663,
8,T8,176000.0,string_n1,0.01,22,-0.3605618088422654,
8,T8,176000.0,multi_iso,0.01,22,-0.11704007924226144,
8,T8,176000.0,shapefit,0.01,22,-2.7905769222685195,
8,T8,176000.0,string_n1,0.01,23,0.38263494341931203,
8,T8,176000.0,multi_iso,0.01,23,0.48042388005355446,
8,T8,176000.0,shapefit,0.01,23,1.652057718599016,
8,T8,176000.0,string_n1,0.01,24,-0.13324831143643018,
8,T8,176000.0,multi_iso,0.01,24,0.02036353973804084,
8,T8,176000.0,shapefit,0.01,24,1.0505606666979062,
8,T8,176000.0,string_n1,0.01,25,0.9169295708471261,
8,T8,176000.0,multi_iso,0.01,25,0.3066649262695467,
8,T8,176000.0,shapefit,0.01,25,2.4948537938138213,
8,T8,176000.0,string_n1,0.01,26,0.9128872552473529,
8,T8,176000.0,multi_iso,0.01,26,0.09260503728073673,
8,T8,176000.0,shapefit,0.01,26,1.2389443693149091,
8,T8,176000.0,string_n1,0.01,27,1.0404198712732315,
8,T8,176000.0,multi_iso,0.01,27,0.0134231229750929,
8,T8,176000.0,shapefit,0.01,27,-0.2863957118557003,
8,T8,176000.0,string_n1,0.01,28,-0.09095154736374256,
8,T8,176000.0,multi_iso,0.01,28,-0.03099133119855899,
8,T8,176000.0,shapefit,0.01,28,-1.611599963743108,
8,T8,176000.0,string_n1,0.01,29,0.5062217646374847,
8,T8,176000.0,multi_iso,0.01,29,0.10388225113874797,
8,T8,176000.0,shapefit,0.01,29,2.183957541770955,
8,T8,176000.0,string_n1,0.01,30,0.39414406156799736,
8,T8,176000.0,multi_iso,0.01,30,-0.04163343733833409,
8,T8,176000.0,shapefit,0.01,30,-1.063988553509146,
8,T8,176000.0,string_n1,0.01,31,0.6430846876454697,
8,T8,176000.0,multi_iso,0.01,31,0.32716614786632736,
8,T8,176000.0,shapefit,0.01,31,0.7024107107433586,
8,T8,176000.0,string_n1,0.01,32,0.5159865014475475,
8,T8,176000.0,multi_iso,0.01,32,0.3071791191785947,
8,T8,176000.0,shapefit,0.01,32,-0.5662330496679384,
8,T8,176000.0,string_n1,0.01,33,1.1017639053292771,
8,T8,176000.0,multi_iso,0.01,33,0.28276526995110046,
8,T8,176000.0,shapefit,0.01,33,0.7151218945232937,
8,T8,176000.0,string_n1,0.01,34,-0.2414732891971653,
8,T8,176000.0,multi_iso,0.01,34,-0.07296338504498139,
8,T8,176000.0,shapefit,0.01,34,-1.5548219385460305,
8,T8,176000.0,string_n1,0.01,35,0.5312875236497182,
8,T8,176000.0,multi_iso,0.01,35,0.22771680115937754,
8,T8,176000.0,shapefit,0.01,35,0.15014539157683346,
8,T8,176000.0,string_n1,0.01,36,1.0384819286942895,
8,T8,176000.0,multi_iso,0.01,36,-0.07659389443142572,
8,T8,176000.0,shapefit,0.01,36,-0.08317149168436697,
8,T8,176000.0,string_n1,0.01,37,-0.10496204415745028,
8,T8,176000.0,multi_iso,0.01,37,-0.0986711038117805,
8,T8,176000.0,shapefit,0.01,37,1.2689797612425702,
8,T8,176000.0,string_n1,0.01,38,0.13268570041790637,
8,T8,176000.0,multi_iso,0.01,38,-0.4149960778244184,
8,T8,176000.0,shapefit,0.01,38,0.5153497071186972,
8,T8,176000.0,string_n1,0.01,39,0.6706436156959337,
8,T8,176000.0,multi_iso,0.01,39,-0.06073868011745534,
8,T8,176000.0,shapefit,0.01,39,0.22069916377252163,
8,T8,176000.0,string_n1,0.01,40,0.1432798534672243,
8,T8,176000.0,multi_iso,0.01,40,0.1737797514958815,
8,T8,176000.0,shapefit,0.01,40,0.5679619618595759,
8,T8,176000.0,string_n1,0.01,41,1.0851363203574445,
8,T8,176000.0,multi_iso,0.01,41,0.2557405560335279,
8,T8,176000.0,shapefit,0.01,41,-0.79107979578773,
8,T8,176000.0,string_n1,0.01,42,1.0188741818762124,
8,T8,176000.0,multi_iso,0.01,42,-0.1924110617047931,
8,T8,176000.0,shapefit,0.01,42,1.1446145495228186,
8,T8,176000.0,string_n1,0.01,43,1.0368143748288607,
8,T8,176000.0,multi_iso,0.01,43,0.16557131799323874,
8,T8,176000.0,shapefit,0.01,43,2.2349977436246595,
8,T8,176000.0,string_n1,0.01,44,0.3856071533802606,
8,T8,176000.0,multi_iso,0.01,44,0.05850955413340919,
8,T8,176000.0,shapefit,0.01,44,0.3000946527942274,
8,T8,176000.0,string_n1,0.01,45,0.4407022447708104,
8,T8,176000.0,multi_iso,0.01,45,0.32403501712228305,
8,T8,176000.0,shapefit,0.01,45,1.823115238125518,
8,T8,176000.0,string_n1,0.01,46,0.7947950862571319,
8,T8,176000.0,multi_iso,0.01,46,-0.04123684839325341,
8,T8,176000.0,shapefit,0.01,46,-1.8502814954342202,
8,T8,176000.0,string_n1,0.01,47,0.40247171913885144,
8,T8,176000.0,multi_iso,0.01,47,-0.5092306169368054,
8,T8,176000.0,shapefit,0.01,47,-1.4918732385715803,
8,T8,176000.0,string_n1,0.01,48,0.2629836578881375,
8,T8,176000.0,multi_iso,0.01,48,0.438636924802069,
8,T8,176000.0,shapefit,0.01,48,-0.37224946098292344,
8,T8,176000.0,string_n1,0.01,49,0.47344813012033143,
8,T8,176000.0,multi_iso,0.01,49,0.24739376545291056,
8,T8,176000.0,shapefit,0.01,49,-1.0337808223848035,
8,T8,176000.0,string_n1,0.01,50,1.0574681843076839,
8,T8,176000.0,multi_iso,0.01,50,0.06752389355029167,
8,T8,176000.0,shapefit,0.01,50,0.5199211841397383,
8,T8,176000.0,string_n1,0.01,51,0.9667592747072128,
8,T8,176000.0,multi_iso,0.01,51,0.14757286899761807,
8,T8,176000.0,shapefit,0.01,51,0.8480272780914675,
8,T8,176000.0,string_n1,0.01,52,0.4249486012307071,
8,T8,176000.0,multi_iso,0.01,52,0.051033401365864185,
8,T8,176000.0,shapefit,0.01,52,-0.6390079991837742,
8,T8,176000.0,string_n1,0.01,53,0.7433362033770622,
8,T8,176000.0,multi_iso,0.01,53,-0.08143542962812221,
8,T8,176000.0,shapefit,0.01,53,1.1787764493018338,
8,T8,176000.0,string_n1,0.01,54,0.6811243684731546,
8,T8,176000.0,multi_iso,0.01,54,0.36688479488179426,
8,T8,176000.0,shapefit,0.01,54,-1.4695831955232774,
8,T8,176000.0,string_n1,0.01,55,0.5733769639793536,
8,T8,176000.0,multi_iso,0.01,55,0.21075483118165722,
8,T8,176000.0,shapefit,0.01,55,0.4042970404472395,
8,T8,176000.0,string_n1,0.01,56,0.4806488918030895,
8,T8,176000.0,multi_iso,0.01,56,-0.1807148339613625,
8,T8,176000.0,shapefit,0.01,56,0.10838100234541344,
8,T8,176000.0,string_n1,0.01,57,1.4767121756664974,
8,T8,176000.0,multi_iso,0.01,57,0.23727527418837285,
8,T8,176000.0,shapefit,0.01,57,-0.44431160285196464,
8,T8,176000.0,string_n1,0.01,58,0.13146351017327437,
8,T8,176000.0,multi_iso,0.01,58,0.2601511596817793,
8,T8,176000.0,shapefit,0.01,58,-1.4784266316471655,
8,T8,176000.0,string_n1,0.01,59,0.5313379359563029,
8,T8,176000.0,multi_iso,0.01,59,0.16429853090397625,
8,T8,176000.0,shapefit,0.01,59,0.9238429526996367,
8,T8,176000.0,string_n1,0.01,60,0.654573978906162,
8,T8,176000.0,multi_iso,0.01,60,0.02944160612253406,
8,T8,176000.0,shapefit,0.01,60,1.2945384688907242,
8,T8,176000.0,string_n1,0.01,61,0.4048923070151597,
8,T8,176000.0,multi_iso,0.01,61,0.05922991358374102,
8,T8,176000.0,shapefit,0.01,61,-1.6677578917622502,
8,T8,176000.0,string_n1,0.01,62,0.9465444626730459,
8,T8,176000.0,multi_iso,0.01,62,-0.1267207171546364,
8,T8,176000.0,shapefit,0.01,62,0.018686962372719957,
8,T8,176000.0,string_n1,0.01,63,-0.021079028360128923,
8,T8,176000.0,multi_iso,0.01,63,0.3137552889135722,
8,T8,176000.0,shapefit,0.01,63,-0.18191410623456414,
8,T8,176000.0,string_n1,0.01,64,0.25878097738355293,
8,T8,176000.0,multi_iso,0.01,64,-0.5458726204135514,
8,T8,176000.0,shapefit,0.01,64,-1.6404684368339737,
8,T8,176000.0,string_n1,0.01,65,0.044906652165892326,
8,T8,176000.0,multi_iso,0.01,65,0.16120272640997757,
8,T8,176000.0,shapefit,0.01,65,-0.1404826891754386,
8,T8,176000.0,string_n1,0.01,66,0.9948672381844187,
8,T8,176000.0,multi_iso,0.01,66,-0.38026266238064804,
8,T8,176000.0,shapefit,0.01,66,0.29046496924703125,
8,T8,176000.0,string_n1,0.01,67,1.27744233722485,
8,T8,176000.0,multi_iso,0.01,67,0.08752571887420015,
8,T8,176000.0,shapefit,0.01,67,2.3289101334458047,
8,T8,176000.0,string_n1,0.01,68,1.0792394964873893,
8,T8,176000.0,multi_iso,0.01,68,-0.41640990790562105,
8,T8,176000.0,shapefit,0.01,68,-3.6009449923326677,
8,T8,176000.0,string_n1,0.01,69,0.050342004590856956,
8,T8,176000.0,multi_iso,0.01,69,0.11659507708900492,
8,T8,176000.0,shapefit,0.01,69,-0.5282564698545353,
8,T8,176000.0,string_n1,0.01,70,0.3924119252530959,
8,T8,176000.0,multi_iso,0.01,70,0.046352513964848185,
8,T8,176000.0,shapefit,0.01,70,1.1164946775009164,
8,T8,176000.0,string_n1,0.01,71,0.18246743593775716,
8,T8,176000.0,multi_iso,0.01,71,-0.07013710570256741,
8,T8,176000.0,shapefit,0.01,71,-1.2087717552966006,
8,T8,176000.0,string_n1,0.01,72,0.6946054240413518,
8,T8,176000.0,multi_iso,0.01,72,0.36998532485775454,
8,T8,176000.0,shapefit,0.01,72,0.3337790428521905,
8,T8,176000.0,string_n1,0.01,73,0.3927482110517303,
8,T8,176000.0,multi_iso,0.01,73,-0.29533015957164355,
8,T8,176000.0,shapefit,0.01,73,0.4728166002593174,
8,T8,176000.0,string_n1,0.01,74,0.4844501047421793,
8,T8,176000.0,multi_iso,0.01,74,0.011282401529371617,
8,T8,176000.0,shapefit,0.01,74,0.25935118902571874,
8,T8,176000.0,string_n1,0.01,75,0.5324126460779801,
8,T8,176000.0,multi_iso,0.01,75,-0.1467040014543851,
8,T8,176000.0,shapefit,0.01,75,0.86439154448622,
8,T8,176000.0,string_n1,0.01,76,0.6940725688040899,
8,T8,176000.0,multi_iso,0.01,76,0.10770467688807085,
8,T8,176000.0,shapefit,0.01,76,-0.4391313154085351,
8,T8,176000.0,string_n1,0.01,77,-0.2320687313185772,
8,T8,176000.0,multi_iso,0.01,77,-0.2024369364911267,
8,T8,176000.0,shapefit,0.01,77,-1.0977240217883677,
8,T8,176000.0,string_n1,0.01,78,-0.05351131937312113,
8,T8,176000.0,multi_iso,0.01,78,-0.16216420899659584,
8,T8,176000.0,shapefit,0.01,78,0.9201616671201422,
8,T8,176000.0,string_n1,0.01,79,0.6968144910679092,
8,T8,176000.0,multi_iso,0.01,79,-0.055702157536887335,
8,T8,176000.0,shapefit,0.01,79,1.8973861276806598,
8,T8,176000.0,string_n1,0.01,80,0.7463088931377404,
8,T8,176000.0,multi_iso,0.01,80,-0.3486222231138196,
8,T8,176000.0,shapefit,0.01,80,-0.2360259683749973,
8,T8,176000.0,string_n1,0.01,81,0.16788631463143908,
8,T8,176000.0,multi_iso,0.01,81,0.052595927028381666,
8,T8,176000.0,shapefit,0.01,81,0.6732657781759124,
8,T8,176000.0,string_n1,0.01,82,0.2247431474282745,
8,T8,176000.0,multi_iso,0.01,82,-0.29369665006625756,
8,T8,176000.0,shapefit,0.01,82,1.327688614510093,
8,T8,176000.0,string_n1,0.01,83,0.6804751358869907,
8,T8,176000.0,multi_iso,0.01,83,-0.40662955463292083,
8,T8,176000.0,shapefit,0.01,83,-0.675617184915179,
8,T8,176000.0,string_n1,0.01,84,0.00843739117727554,
8,T8,176000.0,multi_iso,0.01,84,0.1839543560433826,
8,T8,176000.0,shapefit,0.01,84,-1.5785421309647227,
8,T8,176000.0,string_n1,0.01,85,0.12631320575136754,
8,T8,176000.0,multi_iso,0.01,85,-0.34710424417841174,
8,T8,176000.0,shapefit,0.01,85,0.17078089535384192,
8,T8,176000.0,string_n1,0.01,86,0.25836310925821054,
8,T8,176000.0,multi_iso,0.01,86,-0.28691000259487653,
8,T8,176000.0,shapefit,0.01,86,-1.4068005256994598,
8,T8,176000.0,string_n1,0.01,87,0.03617991741317713,
8,T8,176000.0,multi_iso,0.01,87,-0.022984342059201232,
8,T8,176000.0,shapefit,0.01,87,2.7898389979028004,
8,T8,176000.0,string_n1,0.01,88,0.8402400857654687,
8,T8,176000.0,multi_iso,0.01,88,0.13119576854877033,
8,T8,176000.0,shapefit,0.01,88,1.1710303519972678,
8,T8,176000.0,string_n1,0.01,89,-0.009798566746014165,
8,T8,176000.0,multi_iso,0.01,89,0.022919785414276042,
8,T8,176000.0,shapefit,0.01,89,-1.6987555655004558,
8,T8,176000.0,string_n1,0.01,90,1.2444001234390023,
8,T8,176000.0,multi_iso,0.01,90,-0.03562875098556436,
8,T8,176000.0,shapefit,0.01,90,0.36774913775521284,
8,T8,176000.0,string_n1,0.01,91,0.28894437849716764,
8,T8,176000.0,multi_iso,0.01,91,0.43230437838536256,
8,T8,176000.0,shapefit,0.01,91,0.21335129023176375,
8,T8,176000.0,string_n1,0.01,92,0.6103805207248859,
8,T8,176000.0,multi_iso,0.01,92,-0.27253040925553995,
8,T8,176000.0,shapefit,0.01,92,-0.6115515675111304,
8,T8,176000.0,string_n1,0.01,93,1.7217829209348565,
8,T8,176000.0,multi_iso,0.01,93,0.0360082719828907,
8,T8,176000.0,shapefit,0.01,93,2.696877575047934,
8,T8,176000.0,string_n1,0.01,94,0.9802020799612033,
8,T8,176000.0,multi_iso,0.01,94,0.33518361188525886,
8,T8,176000.0,shapefit,0.01,94,-1.027692525848149,
8,T8,176000.0,string_n1,0.01,95,0.07400105327835098,
8,T8,176000.0,multi_iso,0.01,95,0.35513181755073175,
8,T8,176000.0,shapefit,0.01,95,1.6337241043137594,
8,T8,176000.0,string_n1,0.01,96,0.6583058427904854,
8,T8,176000.0,multi_iso,0.01,96,-0.05895862809839772,
8,T8,176000.0,shapefit,0.01,96,-0.6401770472833133,
8,T8,176000.0,string_n1,0.01,97,0.45255252385622124,
8,T8,176000.0,multi_iso,0.01,97,-0.11538800525317625,
8,T8,176000.0,shapefit,0.01,97,0.4223353718966378,
8,T8,176000.0,string_n1,0.01,98,0.09099980903950133,
8,T8,176000.0,multi_iso,0.01,98,-0.000611512398972991,
8,T8,176000.0,shapefit,0.01,98,-0.4460584835789136,
8,T8,176000.0,string_n1,0.01,99,0.39448577591081796,
8,T8,176000.0,multi_iso,0.01,99,-0.2884957625684778,
8,T8,176000.0,shapefit,0.01,99,-1.1636712672656193,
8,T8,176000.0,string_n1,0.02,0,0.6031112834726049,
8,T8,176000.0,multi_iso,0.02,0,-0.008516315396842732,
8,T8,176000.0,shapefit,0.02,0,0.8744278049773625,
8,T8,176000.0,string_n1,0.02,1,0.10549688818236146,
8,T8,176000.0,multi_iso,0.02,1,-0.3511422494820264,
8,T8,176000.0,shapefit,0.02,1,-0.14903480976466776,
8,T8,176000.0,string_n1,0.02,2,0.8341533573409834,
8,T8,176000.0,multi_iso,0.02,2,0.05828321626578889,
8,T8,176000.0,shapefit,0.02,2,1.6167302481064656,
8,T8,176000.0,string_n1,0.02,3,0.3496118566131124,
8,T8,176000.0,multi_iso,0.02,3,0.07943978399147124,
8,T8,176000.0,shapefit,0.02,3,-4.223170072138088,
8,T8,176000.0,string_n1,0.02,4,0.0037712474222644232,
8,T8,176000.0,multi_iso,0.02,4,0.04105131777184645,
8,T8,176000.0,shapefit,0.02,4,-0.4001641749838613,
8,T8,176000.0,string_n1,0.02,5,0.9541393545381818,
8,T8,176000.0,multi_iso,0.02,5,-0.15578654795155505,
8,T8,176000.0,shapefit,0.02,5,0.14309665132914234,
8,T8,176000.0,string_n1,0.02,6,-0.372474786315235,
8,T8,176000.0,multi_iso,0.02,6,0.20174401464777145,
8,T8,176000.0,shapefit,0.02,6,-2.472584291132675,
8,T8,176000.0,string_n1,0.02,7,0.9115091971134461,
8,T8,176000.0,multi_iso,0.02,7,0.38315872969186865,
8,T8,176000.0,shapefit,0.02,7,-0.4514862558346067,
8,T8,176000.0,string_n1,0.02,8,-0.24064709735698256,
8,T8,176000.0,multi_iso,0.02,8,0.015707900335821087,
8,T8,176000.0,shapefit,0.02,8,-2.9015638175587974,
8,T8,176000.0,string_n1,0.02,9,0.22048917615649605,
8,T8,176000.0,multi_iso,0.02,9,0.17358528075494012,
8,T8,176000.0,shapefit,0.02,9,-2.7765173429458874,
8,T8,176000.0,string_n1,0.02,10,0.1545653332701146,
8,T8,176000.0,multi_iso,0.02,10,0.25633591301993874,
8,T8,176000.0,shapefit,0.02,10,-3.344222578401009,
8,T8,176000.0,string_n1,0.02,11,1.3697708155395627,
8,T8,176000.0,multi_iso,0.02,11,-0.38484915280656756,
8,T8,176000.0,shapefit,0.02,11,-4.44831302538868,
8,T8,176000.0,string_n1,0.02,12,1.4309891227720237,
8,T8,176000.0,multi_iso,0.02,12,0.14008824985309978,
8,T8,176000.0,shapefit,0.02,12,3.2092981552026685,
8,T8,176000.0,string_n1,0.02,13,0.7822946500202471,
8,T8,176000.0,multi_iso,0.02,13,-0.07616176042731902,
8,T8,176000.0,shapefit,0.02,13,3.1195609564826636,
8,T8,176000.0,string_n1,0.02,14,-0.16872000902856762,
8,T8,176000.0,multi_iso,0.02,14,-0.12458188925103802,
8,T8,176000.0,shapefit,0.02,14,0.29240645104791013,
8,T8,176000.0,string_n1,0.02,15,0.9618228653752918,
8,T8,176000.0,multi_iso,0.02,15,-0.3685334825683392,
8,T8,176000.0,shapefit,0.02,15,3.241388049073992,
8,T8,176000.0,string_n1,0.02,16,0.16649900739880236,
8,T8,176000.0,multi_iso,0.02,16,0.08798233569334778,
8,T8,176000.0,shapefit,0.02,16,-0.3204911712584197,
8,T8,176000.0,string_n1,0.02,17,0.7058093575333425,
8,T8,176000.0,multi_iso,0.02,17,-0.02357558174133539,
8,T8,176000.0,shapefit,0.02,17,4.61341385458555,
8,T8,176000.0,string_n1,0.02,18,0.46479052261721254,
8,T8,176000.0,multi_iso,0.02,18,-0.492716500462269,
8,T8,176000.0,shapefit,0.02,18,2.843277197999619,
8,T8,176000.0,string_n1,0.02,19,0.8205621912428217,
8,T8,176000.0,multi_iso,0.02,19,0.2058738250444466,
8,T8,176000.0,shapefit,0.02,19,-0.9505674389253148,
8,T8,176000.0,string_n1,0.02,20,0.6121977906185334,
8,T8,176000.0,multi_iso,0.02,20,-0.3006911943460926,
8,T8,176000.0,shapefit,0.02,20,1.9160192575365231,
8,T8,176000.0,string_n1,0.02,21,-0.39030758509602903,
8,T8,176000.0,multi_iso,0.02,21,-0.25701042640604016,
8,T8,176000.0,shapefit,0.02,21,-2.798926174581191,
8,T8,176000.0,string_n1,0.02,22,1.0136068043285955,
8,T8,176000.0,multi_iso,0.02,22,0.010661265629989264,
8,T8,176000.0,shapefit,0.02,22,3.1574526059719243,
8,T8,176000.0,string_n1,0.02,23,0.5052804533606997,
8,T8,176000.0,multi_iso,0.02,23,0.2111327614431337,
8,T8,176000.0,shapefit,0.02,23,1.080791316099848,
8,T8,176000.0,string_n1,0.02,24,0.1410744949195842,
8,T8,176000.0,multi_iso,0.02,24,-0.0682189394864591,
8,T8,176000.0,shapefit,0.02,24,-2.6063344868623477,
8,T8,176000.0,string_n1,0.02,25,0.23861061385070406,
8,T8,176000.0,multi_iso,0.02,25,-0.11188878561284087,
8,T8,176000.0,shapefit,0.02,25,2.2134019201736175,
8,T8,176000.0,string_n1,0.02,26,0.3270388847833436,
8,T8,176000.0,multi_iso,0.02,26,0.0003946561998501155,
8,T8,176000.0,shapefit,0.02,26,2.1261597437030684,
8,T8,176000.0,string_n1,0.02,27,0.750576642501834,
8,T8,176000.0,multi_iso,0.02,27,-0.032080215477848964,
8,T8,176000.0,shapefit,0.02,27,-0.9394427776490292,
8,T8,176000.0,string_n1,0.02,28,0.606773086213401,
8,T8,176000.0,multi_iso,0.02,28,0.03441877473782039,
8,T8,176000.0,shapefit,0.02,28,3.6059143958450726,
8,T8,176000.0,string_n1,0.02,29,0.7203441752058015,
8,T8,176000.0,multi_iso,0.02,29,0.3227998765169766,
8,T8,176000.0,shapefit,0.02,29,3.4384640618359548,
8,T8,176000.0,string_n1,0.02,30,0.4699492359066922,
8,T8,176000.0,multi_iso,0.02,30,-0.1722730964994877,
8,T8,176000.0,shapefit,0.02,30,-3.6218994033159766,
8,T8,176000.0,string_n1,0.02,31,0.5059765971545361,
8,T8,176000.0,multi_iso,0.02,31,-0.1814004998018969,
8,T8,176000.0,shapefit,0.02,31,2.22555662602127,
8,T8,176000.0,string_n1,0.02,32,1.0858643536593016,
8,T8,176000.0,multi_iso,0.02,32,-0.0749133198642746,
8,T8,176000.0,shapefit,0.02,32,2.6334296338971397,
8,T8,176000.0,string_n1,0.02,33,0.022012922071156606,
8,T8,176000.0,multi_iso,0.02,33,-0.13050439435547476,
8,T8,176000.0,shapefit,0.02,33,-1.1579923258038682,
8,T8,176000.0,string_n1,0.02,34,0.61400675584874,
8,T8,176000.0,multi_iso,0.02,34,-0.24997346259455794,
8,T8,176000.0,shapefit,0.02,34,-3.7924600693015402,
8,T8,176000.0,string_n1,0.02,35,0.22430685355406735,
8,T8,176000.0,multi_iso,0.02,35,-0.22595356835344402,
8,T8,176000.0,shapefit,0.02,35,-2.691682565533417,
8,T8,176000.0,string_n1,0.02,36,1.2256164836538368,
8,T8,176000.0,multi_iso,0.02,36,-0.038080130442656145,
8,T8,176000.0,shapefit,0.02,36,-1.0231653739404383,
8,T8,176000.0,string_n1,0.02,37,0.8229401513549006,
8,T8,176000.0,multi_iso,0.02,37,0.10258513318114472,
8,T8,176000.0,shapefit,0.02,37,1.101612593787319,
8,T8,176000.0,string_n1,0.02,38,0.525833927418981,
8,T8,176000.0,multi_iso,0.02,38,0.04194063593506805,
8,T8,176000.0,shapefit,0.02,38,-0.8026677085094145,
8,T8,176000.0,string_n1,0.02,39,0.7728031307409269,
8,T8,176000.0,multi_iso,0.02,39,0.24229076831994792,
8,T8,176000.0,shapefit,0.02,39,2.406098822338688,
8,T8,176000.0,string_n1,0.02,40,0.7067427494199033,
8,T8,176000.0,multi_iso,0.02,40,-0.09737490768511634,
8,T8,176000.0,shapefit,0.02,40,-4.855635486695097,
8,T8,176000.0,string_n1,0.02,41,0.6860882747492227,
8,T8,176000.0,multi_iso,0.02,41,0.3660723238265167,
8,T8,176000.0,shapefit,0.02,41,6.387753130715695,
8,T8,176000.0,string_n1,0.02,42,0.7178030826325167,
8,T8,176000.0,multi_iso,0.02,42,0.02482261785846111,
8,T8,176000.0,shapefit,0.02,42,0.8786920010372837,
8,T8,176000.0,string_n1,0.02,43,0.3005275476226333,
8,T8,176000.0,multi_iso,0.02,43,0.043611577590457855,
8,T8,176000.0,shapefit,0.02,43,-1.2888227648140442,
8,T8,176000.0,string_n1,0.02,44,0.3265558272349484,
8,T8,176000.0,multi_iso,0.02,44,-0.20244962392088464,
8,T8,176000.0,shapefit,0.02,44,1.9164375758896892,
8,T8,176000.0,string_n1,0.02,45,0.4450937876322231,
8,T8,176000.0,multi_iso,0.02,45,0.24363322375413024,
8,T8,176000.0,shapefit,0.02,45,2.55252901513863,
8,T8,176000.0,string_n1,0.02,46,0.8146929757965071,
8,T8,176000.0,multi_iso,0.02,46,-0.061170256533974184,
8,T8,176000.0,shapefit,0.02,46,1.0110793610043733,
8,T8,176000.0,string_n1,0.02,47,0.8708982789415379,
8,T8,176000.0,multi_iso,0.02,47,0.20210111650285398,
8,T8,176000.0,shapefit,0.02,47,-1.1708991607849053,
8,T8,176000.0,string_n1,0.02,48,-0.05282521228172382,
8,T8,176000.0,multi_iso,0.02,48,-0.13627294120241543,
8,T8,176000.0,shapefit,0.02,48,-1.8560206524306109,
8,T8,176000.0,string_n1,0.02,49,-0.1717898017804063,
8,T8,176000.0,multi_iso,0.02,49,0.9019172499770899,
8,T8,176000.0,shapefit,0.02,49,-4.925587523044272,
8,T8,176000.0,string_n1,0.02,50,1.505540314630145,
8,T8,176000.0,multi_iso,0.02,50,0.24983373682169424,
8,T8,176000.0,shapefit,0.02,50,2.4850176008085163,
8,T8,176000.0,string_n1,0.02,51,0.971325582309212,
8,T8,176000.0,multi_iso,0.02,51,-0.13452202110139214,
8,T8,176000.0,shapefit,0.02,51,-0.45090452308886597,
8,T8,176000.0,string_n1,0.02,52,0.8982815040395508,
8,T8,176000.0,multi_iso,0.02,52,0.08632770551685098,
8,T8,176000.0,shapefit,0.02,52,-0.5095240383629392,
8,T8,176000.0,string_n1,0.02,53,0.7854240258959345,
8,T8,176000.0,multi_iso,0.02,53,0.37213687071671303,
8,T8,176000.0,shapefit,0.02,53,-1.728468145059593,
8,T8,176000.0,string_n1,0.02,54,0.7346867938656446,
8,T8,176000.0,multi_iso,0.02,54,0.03164079200216127,
8,T8,176000.0,shapefit,0.02,54,2.793144140885951,
8,T8,176000.0,string_n1,0.02,55,0.5446999837370723,
8,T8,176000.0,multi_iso,0.02,55,0.1283090612232296,
8,T8,176000.0,shapefit,0.02,55,1.7228326437253516,
8,T8,176000.0,string_n1,0.02,56,1.0732140880380692,
8,T8,176000.0,multi_iso,0.02,56,-0.2610724995514333,
8,T8,176000.0,shapefit,0.02,56,-0.45559088150070737,
8,T8,176000.0,string_n1,0.02,57,1.085593917692528,
8,T8,176000.0,multi_iso,0.02,57,-0.3722064363496677,
8,T8,176000.0,shapefit,0.02,57,4.828526719301953,
8,T8,176000.0,string_n1,0.02,58,1.030212078306464,
8,T8,176000.0,multi_iso,0.02,58,0.15615144068244924,
8,T8,176000.0,shapefit,0.02,58,1.7750833855990011,
8,T8,176000.0,string_n1,0.02,59,0.5071674499338935,
8,T8,176000.0,multi_iso,0.02,59,-0.16289290311001836,
8,T8,176000.0,shapefit,0.02,59,-0.6189336516648506,
8,T8,176000.0,string_n1,0.02,60,0.5392461843524209,
8,T8,176000.0,multi_iso,0.02,60,0.5133022575738406,
8,T8,176000.0,shapefit,0.02,60,0.03284703664012341,
8,T8,176000.0,string_n1,0.02,61,0.41297357426081527,
8,T8,176000.0,multi_iso,0.02,61,-0.05057499783721472,
8,T8,176000.0,shapefit,0.02,61,-2.245638059027277,
8,T8,176000.0,string_n1,0.02,62,0.413975205221521,
8,T8,176000.0,multi_iso,0.02,62,-0.11216967242327718,
8,T8,176000.0,shapefit,0.02,62,-1.9259824481054073,
8,T8,176000.0,string_n1,0.02,63,0.012584539954811838,
8,T8,176000.0,multi_iso,0.02,63,-0.22621225366406592,
8,T8,176000.0,shapefit,0.02,63,-4.472690390818041,
8,T8,176000.0,string_n1,0.02,64,0.6926215684828176,
8,T8,176000.0,multi_iso,0.02,64,-0.024788246314214616,
8,T8,176000.0,shapefit,0.02,64,3.6869978406297377,
8,T8,176000.0,string_n1,0.02,65,0.41282034067025963,
8,T8,176000.0,multi_iso,0.02,65,-0.3904298932864218,
8,T8,176000.0,shapefit,0.02,65,0.9299703045875338,
8,T8,176000.0,string_n1,0.02,66,0.5679636722228348,
8,T8,176000.0,multi_iso,0.02,66,-0.0659293614453914,
8,T8,176000.0,shapefit,0.02,66,3.719699994893265,
8,T8,176000.0,string_n1,0.02,67,0.6192810154550568,
8,T8,176000.0,multi_iso,0.02,67,0.3166219596652809,
8,T8,176000.0,shapefit,0.02,67,-0.8561514115598666,
8,T8,176000.0,string_n1,0.02,68,0.6429063615250098,
8,T8,176000.0,multi_iso,0.02,68,-0.00024473163372352823,
8,T8,176000.0,shapefit,0.02,68,0.9556330698372304,
8,T8,176000.0,string_n1,0.02,69,0.6527177097211527,
8,T8,176000.0,multi_iso,0.02,69,-0.08042273105486608,
8,T8,176000.0,shapefit,0.02,69,0.8104094322826396,
8,T8,176000.0,string_n1,0.02,70,0.46976368964460563,
8,T8,176000.0,multi_iso,0.02,70,0.255143107957966,
8,T8,176000.0,shapefit,0.02,70,-1.77994271059549,
8,T8,176000.0,string_n1,0.02,71,0.5685353907349384,
8,T8,176000.0,multi_iso,0.02,71,0.2831809702057481,
8,T8,176000.0,shapefit,0.02,71,1.6884594288040469,
8,T8,176000.0,string_n1,0.02,72,1.4815645232143486,
8,T8,176000.0,multi_iso,0.02,72,-0.3195160347092083,
8,T8,176000.0,shapefit,0.02,72,-0.06278650759660112,
8,T8,176000.0,string_n1,0.02,73,0.5571292457184014,
8,T8,176000.0,multi_iso,0.02,73,-0.25341574496959024,
8,T8,176000.0,shapefit,0.02,73,2.4704759650911168,
8,T8,176000.0,string_n1,0.02,74,0.4339366862539464,
8,T8,176000.0,multi_iso,0.02,74,-0.07330028880972929,
8,T8,176000.0,shapefit,0.02,74,2.041775959196556,
8,T8,176000.0,string_n1,0.02,75,0.5590345797629528,
8,T8,176000.0,multi_iso,0.02,75,-0.021212009325145945,
8,T8,176000.0,shapefit,0.02,75,-4.7420853835206636,
8,T8,176000.0,string_n1,0.02,76,0.35712484508165454,
8,T8,176000.0,multi_iso,0.02,76,0.488830971369961,
8,T8,176000.0,shapefit,0.02,76,-1.6228280669780195,
8,T8,176000.0,string_n1,0.02,77,0.2870650970816397,
8,T8,176000.0,multi_iso,0.02,77,-0.03707399385349907,
8,T8,176000.0,shapefit,0.02,77,-5.4395655871407635,
8,T8,176000.0,string_n1,0.02,78,0.9654663562064261,
8,T8,176000.0,multi_iso,0.02,78,-0.09576280073696662,
8,T8,176000.0,shapefit,0.02,78,-1.268841993064085,
8,T8,176000.0,string_n1,0.02,79,0.380336412216837,
8,T8,176000.0,multi_iso,0.02,79,-0.2524801365559556,
8,T8,176000.0,shapefit,0.02,79,1.0852596882103833,
8,T8,176000.0,string_n1,0.02,80,0.7743674043551436,
8,T8,176000.0,multi_iso,0.02,80,0.4577888874987614,
8,T8,176000.0,shapefit,0.02,80,4.053685560228934,
8,T8,176000.0,string_n1,0.02,81,-0.35966305774434826,
8,T8,176000.0,multi_iso,0.02,81,0.03709158424876064,
8,T8,176000.0,shapefit,0.02,81,-1.5553344771006694,
8,T8,176000.0,string_n1,0.02,82,0.4697294395105763,
8,T8,176000.0,multi_iso,0.02,82,-0.045219586925916454,
8,T8,176000.0,shapefit,0.02,82,0.04765778350766513,
8,T8,176000.0,string_n1,0.02,83,1.0372788525765413,
8,T8,176000.0,multi_iso,0.02,83,-0.02271789054937637,
8,T8,176000.0,shapefit,0.02,83,3.1060309422350243,
8,T8,176000.0,string_n1,0.02,84,1.075381614847472,
8,T8,176000.0,multi_iso,0.02,84,-0.17541532559472134,
8,T8,176000.0,shapefit,0.02,84,1.475605815430324,
8,T8,176000.0,string_n1,0.02,85,0.3639087007314381,
8,T8,176000.0,multi_iso,0.02,85,-0.29505633551836413,
8,T8,176000.0,shapefit,0.02,85,-2.400635492715777,
8,T8,176000.0,string_n1,0.02,86,0.29533294826681167,
8,T8,176000.0,multi_iso,0.02,86,0.4214266305128893,
8,T8,176000.0,shapefit,0.02,86,-1.864677190512901,
8,T8,176000.0,string_n1,0.02,87,0.2581479752892847,
8,T8,176000.0,multi_iso,0.02,87,0.16629116219125784,
8,T8,176000.0,shapefit,0.02,87,0.46654598713870327,
8,T8,176000.0,string_n1,0.02,88,-0.2819274048325249,
8,T8,176000.0,multi_iso,0.02,88,0.4152931249211013,
8,T8,176000.0,shapefit,0.02,88,-2.4685034862791078,
8,T8,176000.0,string_n1,0.02,89,0.7358937568456564,
8,T8,176000.0,multi_iso,0.02,89,-0.11269884581111414,
8,T8,176000.0,shapefit,0.02,89,-0.5871653612019475,
8,T8,176000.0,string_n1,0.02,90,0.4315542770729735,
8,T8,176000.0,multi_iso,0.02,90,0.058113727084442374,
8,T8,176000.0,shapefit,0.02,90,-2.5005610116750177,
8,T8,176000.0,string_n1,0.02,91,0.14530630149299462,
8,T8,176000.0,multi_iso,0.02,91,0.5598602669609715,
8,T8,176000.0,shapefit,0.02,91,5.905482253378613,
8,T8,176000.0,string_n1,0.02,92,1.239006562967552,
8,T8,176000.0,multi_iso,0.02,92,-0.3023244720732691,
8,T8,176000.0,shapefit,0.02,92,3.1059878724958585,
8,T8,176000.0,string_n1,0.02,93,0.13541297607614317,
8,T8,176000.0,multi_iso,0.02,93,-0.3209180492744715,
8,T8,176000.0,shapefit,0.02,93,-2.6312846780916517,
8,T8,176000.0,string_n1,0.02,94,0.6114959688478517,
8,T8,176000.0,multi_iso,0.02,94,-0.2487341470367524,
8,T8,176000.0,shapefit,0.02,94,-0.016692911887201428,
8,T8,176000.0,string_n1,0.02,95,0.3255389487210943,
8,T8,176000.0,multi_iso,0.02,95,0.13211563256139594,
8,T8,176000.0,shapefit,0.02,95,2.5235637001591718,
8,T8,176000.0,string_n1,0.02,96,0.39808903216446856,
8,T8,176000.0,multi_iso,0.02,96,0.15998218440439482,
8,T8,176000.0,shapefit,0.02,96,-0.8418990840937444,
8,T8,176000.0,string_n1,0.02,97,0.808918105894455,
8,T8,176000.0,multi_iso,0.02,97,-0.1897941337132083,
8,T8,176000.0,shapefit,0.02,97,0.7206266767047055,
8,T8,176000.0,string_n1,0.02,98,0.43787390565491724,
8,T8,176000.0,multi_iso,0.02,98,0.06333952682479403,
8,T8,176000.0,shapefit,0.02,98,-2.897276458532939,
8,T8,176000.0,string_n1,0.02,99,0.40822124683578626,
8,T8,176000.0,multi_iso,0.02,99,-0.2474506277946685,
8,T8,176000.0,shapefit,0.02,99,3.285430160570517,
8,T8,176000.0,pinn_free,0.01,0,0.45969343276580976,
8,T8,176000.0,pinn_free,0.01,1,0.9375280945699904,
8,T8,176000.0,pinn_free,0.01,2,-0.026680946365029906,
