T,f_lo,f_hi,f1_iso,T25,err_T25_pct,f1_implied,dev_implied_pct,eps_stay_pct,eps_tall_pct,dev_nearest_pct,flag,unsafe_stay,unsafe_tall,in_window,stay_upper,taller_upper,misassigned
135000.0,3.1292519353502324,3.3279192182900608,3.1355961753505177,135047.50311517296,0.035187492720711866,3.136147022523876,0.01756754194588428,-0.40424987832232695,-0.40424987832232695,0.2198585437520273,0,0,0,0,0,0,0
135250.0,3.1320338696693546,3.3280367453568958,3.1384940963867707,135297.3405012296,0.03500221902372758,3.1390425512564466,0.017475096426244896,-0.4112531491128113,-0.4112531491128113,0.2232745008278636,0,0,0,0,0,0,0
135500.0,3.134809886792713,3.3281575138402535,3.141389344101815,135547.18595179127,0.034823580657761255,3.141935504879317,0.017385962632365803,-0.41844970131277304,-0.41844970131277304,0.2267907178724049,0,0,0,0,0,0,0
135750.0,3.1375798633946426,3.328281654561585,3.1442819258804144,135797.03937561525,0.03465147374972499,3.144825889444047,0.01730008874698541,-0.4258472931660928,-0.4258472931660928,0.23041104036081173,0,0,0,0,0,0,0
136000.0,3.140343669356492,3.328409304850091,3.147171849073397,136046.900696924,0.03448580656177924,3.1477137111523272,0.017217429009774854,-0.43345408211280523,-0.43345408211280523,0.23413952068522814,0,0,0,0,0,0,0
136250.0,3.143101167396873,3.328540609361854,3.150059120997872,136296.76985517476,0.03432649921082387,3.1505989763526863,0.01713794357749432,-0.44127864629216473,-0.44127864629216473,0.23798042886731263,0,0,0,0,0,0,0
136500.0,3.145852212604971,3.3286757202320514,3.152943748937444,136546.6468052035,0.03417348366556716,3.1534816915415242,0.0170615985223721,-0.44933001205083034,-0.44933001205083034,0.24193826642524563,0,0,0,0,0,0,0
136750.0,3.1485966519834734,3.3288147978559666,3.155825740142431,136796.53151687392,0.03402670338128466,3.1563618633584496,0.016988365650205672,-0.4576176806790011,-0.4576176806790011,0.2460177796823948,0,0,0,0,0,0,0
137000.0,3.151334323953708,3.328958011091277,3.158705101830074,137046.42397521262,0.033886113293890574,3.1592394985872327,0.01691822249723085,-0.46615165737227127,-0.46615165737227127,0.25022397437927113,0,0,0,0,0,0,0
137250.0,3.1540650577960823,3.329105537599752,3.1615818411847503,137296.32418092052,0.033751680087812375,3.1621146041610877,0.016851152464170127,-0.4749424841018368,-0.4749424841018368,0.2545621323911784,0,0,0,0,0,0,0
137500.0,3.156788673116034,3.3292575651211553,3.1644559653581807,137546.2321498062,0.033623381677228004,3.1649871871555337,0.016787144557173228,-0.48400127067781407,-0.48400127067781407,0.25903782715998025,0,0,0,0,0,0,0
137750.0,3.159504979194237,3.3294142914153495,3.167327481469637,137796.1479136559,0.033501207735686656,3.167857254797798,0.016726193652560895,-0.4933397329139,-0.4933397329139,0.26365694321963673,0,0,0,0,0,0,0
138000.0,3.1622137743803242,3.3295759253955532,3.170196396606149,138046.07152036834,0.03338515968720479,3.170724814467727,0.016668300492161947,-0.5029702278220749,-0.5029702278220749,0.2684256939791019,0,0,0,0,0,0,0
138250.0,3.1649148453435996,3.329742687190881,3.173062717822708,138296.00303433798,0.03327525087737371,3.1735898737015487,0.016613471769066912,-0.512905797581853,-0.512905797581853,0.2733506440084188,0,0,0,0,0,0,0
138500.0,3.1676079663921697,3.3299148097206017,3.175926452142469,138545.94253709496,0.03317150692776494,3.176452440198552,0.01656172030459757,-0.5231602089437293,-0.5231602089437293,0.2784387291449475,0,0,0,0,0,0,0
138750.0,3.1702928986311867,3.330092538836512,3.1787876065569503,138795.89012755262,0.03307396580367605,3.1793125218232436,0.016513065082124356,-0.5337480024838026,-0.5337480024838026,0.2836972814136751,0,0,0,0,0,0,0
139000.0,3.172969389149751,3.330276134424427,3.181646188026237,139045.8459234831,0.03298267876483685,3.1821701266215285,0.01646753172188653,-0.5446845397580891,-0.5446845397580891,0.28913405335578846,0,0,0,0,0,0,0
139250.0,3.175637170094452,3.330465871227018,3.1845022034791723,139295.81006127893,0.03289771007464193,3.1850252628172337,0.01642515233588604,-0.5559860572619701,-0.5559860572619701,0.294757245174182,0,0,0,0,0,0,0
139500.0,3.1782959577453664,3.330662039853908,3.1873556598135577,139545.78269773783,0.03281913816330917,3.187877938831738,0.016385966108689587,-0.5676697198995551,-0.5676697198995551,0.3005755323832404,0,0,0,0,0,0,0
139750.0,3.1809454514797193,3.3308649480087786,3.1902065638963473,139795.7640109161,0.03274705611169271,3.1907281632928757,0.01635001953890214,-0.579753681137285,-0.579753681137285,0.3065980965003434,0,0,0,0,0,0,0
140000.0,3.1835853326627572,3.33107492084953,3.193054922563838,140045.7542009973,0.0326815721409357,3.193575945043973,0.016317366683971102,-0.5922571473225391,-0.5922571473225391,0.312834657861194,0,0,0,0,0,0,0
140250.0,3.1862152635570755,3.3312923031762076,3.195900742621863,140295.7534916815,0.03262281046809701,3.1964212931587603,0.016288069587244713,-0.605200440442144,-0.605200440442144,0.3192955078708981,0,0,0,0,0,0,0
140500.0,3.1888348860599613,3.3315174598960944,3.198744030845981,140545.762132427,0.03257091275941093,3.1992642169658936,0.01626219900361381,-0.6186050711946889,-0.6186050711946889,0.32599154676331565,0,0,0,0,0,0,0
140750.0,3.191443820401541,3.3317507772287844,3.2015847939816635,140795.78039900033,0.03252603836612078,3.202104726054142,0.01623983451743971,-0.6324938140325642,-0.6324938140325642,0.3329343217871039,0,0,0,0,0,0,0
141000.0,3.1940416638499602,3.3319926649842158,3.2044230387444834,141045.8085965058,0.03248836631617458,3.2049428303056766,0.016221065536869972,-0.6468907812764435,-0.6468907812764435,0.34013606584916145,0,0,0,0,0,0,0
141250.0,3.196627989195857,3.33224355675442,3.2072587718202983,141295.8470606493,0.03245809603491523,3.207778539909174,0.016205991653772678,-0.6618215104545744,-0.6618215104545744,0.3476097422122071,0,0,0,0,0,0,0
141500.0,3.199202343317904,3.3325039126632006,3.2100919998654347,141545.89616056852,0.03243544916502472,3.2106118653905935,0.016194723552498402,-0.6773130460306698,-0.6773130460306698,0.3553690869855908,0,0,0,0,0,0,0
141750.0,3.2017642455434694,3.3327742197296253,3.212922729506871,141795.95630149535,0.03242067124891168,3.2134428176418934,0.01618738384978613,-0.6933940332849109,-0.6933940332849109,0.3634286577096746,0,0,0,0,0,0,0
142000.0,3.2043131860593244,3.3330549945485304,3.215750967342419,142046.0279275424,0.032414033480554494,3.2162714079510066,0.01618410796957459,-0.7100948084560077,-0.7100948084560077,0.3718038801737933,0,0,0,0,0,0,0
142250.0,3.2068486241596905,3.3333467843612095,3.2185767199409,142296.1115254771,0.0324158351332926,3.2190976480428124,0.016185045355143757,-0.7274474983248402,-0.7274474983248402,0.38051110038769265,0,0,0,0,0,0,0
142500.0,3.2093699865007124,3.3336501689819658,3.221399993842326,142546.20762812658,0.03242640570286781,3.2219215501157352,0.016190360539081183,-0.7454861187022099,-0.7454861187022099,0.3895676359522815,0,0,0,0,0,0,0
142750.0,3.2118766653183366,3.3339657627238264,3.2242207955580766,142796.31681906377,0.032446107925587775,3.2247431268926006,0.01620023465029874,-0.7642466744695264,-0.7642466744695264,0.3989918287433447,0,0,0,0,0,0,0
143000.0,3.2143680165328425,3.3342942161841527,3.227039131571072,143046.4397368487,0.03247534045363043,3.2275623916662175,0.016214866749719725,-0.7837672658809969,-0.7837672658809969,0.40880310067572534,0,0,0,0,0,0,0
143250.0,3.216843357961827,3.3346362180911986,3.229855008335946,143296.57708125826,0.03251454189059366,3.2303793583671103,0.016234475845244845,-0.8040881873848771,-0.8040881873848771,0.4190220065090178,0,0,0,0,0,0,0
143500.0,3.219301967377936,3.334992496919006,3.2326684322792234,143546.72961840624,0.032564194011319714,3.233194041618425,0.016259302499221917,-0.8252520352394543,-0.8252520352394543,0.429670290791917,0,0,0,0,0,0,0
143750.0,3.221743080805816,3.3353638231912286,3.2354794097994857,143796.89818879147,0.03262482698536129,3.2360064568234534,0.016289611436604012,-0.8473037995571864,-0.8473037995571864,0.44077093812844303,0,0,0,0,0,0,0
144000.0,3.224165890674926,3.335751010682979,3.2382879472675445,144047.0837145066,0.032697023962913185,3.238816620243292,0.016325693834406962,-0.8702909644302537,-0.8702909644302537,0.452348227336985,0,0,0,0,0,0,0
144250.0,3.2265695442957716,3.3361549187952075,3.2410940510266077,144297.28720837316,0.032781426948469417,3.241624549095705,0.016367870254474504,-0.894263587329025,-0.894263587329025,0.46442777600920193,0,0,0,0,0,0,0
144500.0,3.2289531422231352,3.336576453004618,3.243897727392447,144547.50978432057,0.03287874347444042,3.2444302616674285,0.016416493975279778,-0.9192743846680895,-0.9192743846680895,0.47703658873958776,0,0,0,0,0,0,0
144750.0,3.2313157370986163,3.3370165668368137,3.2466989826535664,144797.75266896098,0.03298975403176474,3.2472337774392965,0.016471954701913205,-0.9453787871497199,-0.9453787871497199,0.4902030907436794,0,0,0,0,0,0,0
145000.0,3.233656332722451,3.3374762631841564,3.249497823071362,145048.01721511336,0.033115320767840295,3.2500351172325312,0.016534682908675435,-0.972634980371756,-0.972634980371756,0.5039571549007582,0,0,0,0,0,0,0
145250.0,3.2359738832558995,3.33795659383114,3.25229425488029,145298.3049173104,0.033256397459813236,3.252834303376463,0.01660515481840541,-1.0011039368083896,-1.0011039368083896,0.5183301253021799,0,0,0,0,0,0,0
145500.0,3.2382672931618104,3.3384586605092674,3.255088284288025,145548.6174292598,0.03341404072838561,3.2556313598972215,0.01668389800111303,-1.0308494020462855,-1.0308494020462855,0.5333548186475023,0,0,0,0,0,0,0
145750.0,3.2405354176042462,3.338983614456081,3.2578799174756234,145798.95658491223,0.033589423610447255,3.2584263127457223,0.0167714981503142,-1.0619378526062984,-1.0619378526062984,0.5490655127444066,0,0,0,0,0,0,0
146000.0,3.2427770633060113,3.3395326548191813,3.2606691605976823,146049.3244222067,0.03378385082650759,3.261219190054348,0.016868606705400246,-1.0944384255897277,-1.0944384255897277,0.5654979218992384,0,0,0,0,0,0,0
146250.0,3.244990990585411,3.34010702780531,3.263456019782496,146299.72321077323,0.03399877659708839,3.264010022436419,0.01697594974665595,-1.128422776362692,-1.128422776362692,0.5826891376029208,0,0,0,0,0,0,0
146500.0,3.2471759157375075,3.340708022813315,3.266240501132216,146550.15548458893,0.03423582565798,3.266798843339286,0.017094338487222416,-1.1639649155853804,-1.1639649155853804,0.6006775605969072,0,0,0,1,0,0,0
146750.0,3.24933051503774,3.341336969951797,3.2690226107230043,146800.62408026314,0.034496817896512155,3.2695856894582396,0.01722468157265844,-1.2011409480097712,-1.2011409480097712,0.6195027854998925,0,0,0,1,0,0,0
147000.0,3.251453429339181,3.3419952341831007,3.27180235460519,147051.13218222558,0.03478379743238058,3.2723706012250395,0.017367999599660067,-1.2400287762477924,-1.2400287762477924,0.6392054701270133,0,0,0,1,0,0,0
147250.0,3.253543270338977,3.3426842099510004,3.2745797388034217,147301.68337557823,0.035099066606614215,3.2751536233790666,0.017525442084798115,-1.280707704508044,-1.280707704508044,0.6598271569867142,0,0,0,1,0,0,0
147500.0,3.255598628041319,3.3434053135523825,3.2773547693168195,147552.28170999585,0.03544522711582676,3.277934805658163,0.017698308000513308,-1.3232579717187276,-1.3232579717187276,0.6814100627714925,0,0,0,1,0,0,0
147750.0,3.257618079352937,3.3441599735013323,3.2801274521191277,147802.93177529942,0.03582522862906057,3.2807142036153745,0.017888070046412352,-1.367760218488523,-1.367760218488523,0.703996838157539,0,0,0,1,0,0,0
148000.0,3.2596001989145296,3.3449496214320398,3.282897793158864,148053.63879251532,0.03624242737521044,3.2834918796030794,0.01809640389820455,-1.4142948217328644,-1.4142948217328644,0.7276302657230227,0,0,0,1,0,0,0
148250.0,3.261543570641315,3.3457756794444182,3.2856657983594677,148304.4087237979,0.036700656861987646,3.2862679039608973,0.018325223512705158,-1.462941190326772,-1.462941190326772,0.7523529438906107,0,0,0,1,0,0,0
148500.0,3.2634468009878606,3.34663954686544,3.288431473619448,148555.24840574161,0.037204313630723185,3.2890423564562212,0.018576723938856787,-1.5137769609539498,-1.5137769609539498,0.778206927561087,0,0,0,1,0,0,0
148750.0,3.26530853350034,3.347542585853579,3.291194824812532,148806.16571256222,0.037758462226689105,3.291815328047463,0.01885343372118875,-1.5668771214308763,-1.5668771214308763,0.8052333410466739,0,0,0,1,0,0,0
149000.0,3.2671274646784547,3.348486106206961,3.293955857787808,149057.1697565936,0.03836896415676527,3.2945869230503155,0.019158279277342594,-1.6223130609442915,-1.6223130609442915,0.8334719651724165,0,0,0,1,0,0,0
149250.0,3.2689023598827727,3.3494713479483162,3.29671457836987,149308.27113582828,0.03904263707088518,3.297357261811941,0.0194946643633509,-1.68015162407682,-1.68015162407682,0.8629608401466315,0,0,0,1,0,0,0
149500.0,3.2706320707282246,3.350499465398341,3.2994709923589642,149559.48224399524,0.03978745417740903,3.3001264840608338,0.019866569622450925,-1.7404540823063752,-1.7404540823063752,0.8937358454308653,0,0,0,1,0,0,0
149750.0,3.272315551784378,3.351571509892365,3.3022251055311274,149810.81765779812,0.040612793187388974,3.302894753089384,0.02027867685745477,-1.8032751547467751,-1.8032751547467751,0.925830327363697,0,0,0,1,0,0,0
150000.0,3.273951876956742,3.3526884132678387,3.3049769236383306,150062.2946291836,0.041529752789060126,3.3056622610708377,0.02073652701188866,-1.8686620556335298,-1.8686620556335298,0.9592747718825678,0,0,0,1,0,0,0
150250.0,3.275540254986802,3.3538509724450405,3.3077264524086183,150313.93371202488,0.04255155542420841,3.3084292358269662,0.021246721228607157,-1.9366536023431302,-1.9366536023431302,0.9940965484166897,0,0,0,1,0,0,0
150500.0,3.277080043429992,3.3550598356218106,3.310473697546247,150565.7595700459,0.043694066475685744,3.311195949552167,0.021817180014305215,-2.007279422106234,-2.007279422106234,1.0303197588408808,1,1,1,1,0,0,0
150750.0,3.278570760473317,3.35631549023633,3.313218664731825,150817.8020260438,0.04497646835408542,3.3139627301414976,0.022457479718829276,-2.0805592950399743,-2.0805592950399743,1.0679652292489572,1,1,1,1,0,0,0
151000.0,3.2800120944199023,3.3576182537338273,3.3159613596224484,151070.09743894235,0.046422144994928694,3.316729976056025,0.0231792940332598,-2.1565026429424483,-2.1565026429424483,1.1070506764552568,1,1,1,1,0,0,0
151250.0,3.2814039099948706,3.3589682669326875,3.3187017878518366,151322.69052939347,0.04805985414444436,3.3194981760270426,0.023996979123630524,-2.2351082132349043,-2.2351082132349043,1.147591112032642,1,1,1,1,0,0,0
151500.0,3.2827462517471555,3.3603654908342566,3.3214399550304674,151575.63682300644,0.04992529571381521,3.322267935421195,0.024928356433884247,2.3576298096616988,-2.3163639402106195,1.1467333807389624,1,1,1,1,1,0,1
151750.0,3.2840393441726685,3.3618097067821107,3.324175866745713,151829.00595608307,0.052063233003663,3.3250400119050814,0.02599577140347531,2.2770679223107493,-2.4002470044218738,1.1058421776994454,1,1,1,1,1,0,1
152000.0,3.2852835879989932,3.3633005195172276,3.3269095285619703,152082.8861941907,0.05453039091494194,3.327815364182133,0.027227539925145372,2.199640226578614,-2.4867241217346847,1.0663198360410187,1,1,1,1,1,0,1
152250.0,3.2864795537931513,3.364837363880365,3.329640946020794,152337.3906622729,0.057399449768724686,3.3305952191683676,0.028659941508535347,2.1253007558329706,-2.5757519911054128,1.0281088651939996,1,1,1,1,1,0,1
152500.0,3.287627972656937,3.3664195144610156,3.3323701246410287,152592.66600338364,0.06076459238271159,3.333381165318586,0.030339987448613215,2.053994181217167,-2.667277913479904,0.9911362518685074,0,1,1,1,1,0,1
152750.0,3.288729723907696,3.368046097342003,3.335097069918938,152848.90446132896,0.06474923818589051,3.3361752827923925,0.03232928010341585,1.9856565713422203,-2.761240586123226,0.9553099537064735,0,0,1,1,1,0,1
153000.0,3.289785821278781,3.3697161044374595,3.3378217873283322,153106.3607166784,0.0695168082865294,3.3389803247118786,0.03470938406431312,1.920216301695965,-2.857570979930024,0.9205139514631089,0,0,1,1,1,0,1
153250.0,3.290797396886856,3.3714284088643742,3.3405442823207,153365.37505446534,0.07528551677999928,3.3417999663650644,0.037589205178623075,1.8575950186445978,-2.9561933430621634,0.8866013165814035,0,0,1,1,1,0,1
153500.0,3.291765685002272,3.3731817818824457,3.343264560325333,153626.40423041047,0.08234803284068448,3.34463913677788,0.041114797460517494,1.7977086902231987,1.7977086902231987,0.8533848925795562,0,0,0,1,1,1,0
153750.0,3.292692004626946,3.3749749098476967,3.3459826267494512,153890.05967937116,0.09109572642027608,3.3475044282284196,0.045481451900020176,1.7404686496791166,1.7404686496791166,0.8206256991813765,0,0,0,1,1,1,0
154000.0,3.2935777427135804,3.3768064114953007,3.348698486978333,154157.1472664103,0.10204367948720705,3.3504045201726824,0.050946157170717044,1.6857826511878171,1.6857826511878171,0.7880210035430935,0,0,0,1,1,1,0
154250.0,3.2944243367034995,3.378674854254724,3.351412146375434,154428.69005002524,0.11584444085914747,3.353350416355951,0.057834426082559176,1.6335558599742006,1.6335558599742006,0.7551980781743906,0,0,0,1,1,1,0
154500.0,3.2952332597782394,3.380578770568918,3.354123610282515,154705.89405316068,0.13326475932728954,3.3563550625659007,0.0665286239464935,1.5836918360541352,1.5836918360541352,0.7217266216315688,0,0,0,1,1,1,0
154750.0,3.296006005402128,3.382516672382334,3.3568328840197617,154990.0001502608,0.15508895008775614,3.3594317328409926,0.07741966642433873,1.5360934017571992,1.5360934017571992,0.6871679908142969,0,0,0,1,1,1,0
155000.0,3.296744073870752,3.3844870645475607,3.359539972885908,155281.9970435103,0.1819335764582597,3.362590921493411,0.0908144755569662,1.4906634391051776,1.4906634391051776,0.6511688030260032,0,0,0,1,1,1,0
155250.0,3.2974489607402857,3.3864884569952642,3.3622448821583575,155582.2901882082,0.21403554796017854,3.3658367766043678,0.10683024502677885,1.4473056084629343,1.4473056084629343,0.6135674948483771,0,0,0,1,1,1,0
155500.0,3.2981221456285104,3.3885193750225757,3.364947617093301,155890.53941462515,0.2511507489550757,3.3691653762170946,0.1253439757091135,1.4059249506040539,1.4059249506040539,0.5744449038358468,0,0,0,1,1,1,0
155750.0,3.2987650840620204,3.3905783685610085,3.3676481829258385,156205.7961940332,0.2926460314820023,3.372566248137345,0.14603856888737443,1.366428424641719,1.366428424641719,0.5340775865740666,0,0,0,1,1,1,0
156000.0,3.299379199422622,3.3926640195048803,3.3703465848700964,156526.82885784857,0.33771080631317396,3.3760259075088377,0.16850856420038696,1.3287253274802735,1.3287253274802735,0.4928312889731279,0,0,0,1,1,1,0
156250.0,3.2999658767475637,3.3947749478580227,3.3730428281193436,156852.41991704408,0.3855487469082153,3.379531073674356,0.19235586043921948,1.2927276409028021,1.2927276409028021,0.4510647735247231,0,0,0,1,1,1,0
156500.0,3.3005264582670018,3.396909816702707,3.3757369178461105,157181.5269325937,0.4354804681109936,3.3830704003326444,0.21724093627570884,1.2583503070705548,1.2583503070705548,0.40907858047241064,0,0,0,1,1,1,0
156750.0,3.3010622394427207,3.3990673357664476,3.378428859202303,157513.32469444507,0.4869695020383258,3.3866349197873906,0.24289576389142642,1.2255114195824257,1.2255114195824257,0.36710233826553473,0,0,0,1,1,1,0
157000.0,3.3015744661713584,3.4012462640667716,3.381118657319319,157847.1856201686,0.539608675266634,3.3902178211025644,0.26911696114384487,1.1941323592361108,1.1941323592361108,0.3253018993517154,0,0,0,1,1,1,0
157250.0,3.3020643336510362,3.4034454117498805,3.38380631730816,158182.6405180805,0.5930941291449887,3.3938140188244783,0.2957527877742061,1.1641378817410342,1.1641378817410342,0.2837925965294419,0,0,0,0,1,1,0
157500.0,3.3025329847377285,3.405663640873281,3.386491844259547,158519.33986897,0.6471999168063514,3.397419729719717,0.32269044080806,1.1354561428379428,1.1354561428379428,0.24265212453582485,0,0,0,0,1,1,0
157750.0,3.302981510264089,3.407899865831498,3.3891752432440327,158857.02223318085,0.7017573585932579,3.40103212823489,0.3498457335451288,1.1080187026899946,1.1080187026899946,0.20193098264473797,0,0,0,0,1,1,0
158000.0,3.3034109488212047,3.4101530529246102,3.3918565193121104,159195.4904277055,0.7566395112060142,3.4046490870541484,0.37715533275659574,1.0817604799911562,1.0817604799911562,0.16166029830768647,0,0,0,0,1,1,0
158250.0,3.303822288134847,3.412422219787402,3.394535677494329,159534.59418299168,0.8117498786677224,3.4082689883975106,0.4045711168756627,1.0566196985903442,1.0566196985903442,0.1218575002157829,0,0,0,0,1,1,0
158500.0,3.3042164651000223,3.414706434060914,3.3972127228014,159874.21768606023,0.8670143129717589,3.4118905885746758,0.43205612868340015,1.0325377900603172,1.0325377900603172,0.0825303570890501,0,0,0,0,1,1,0
158750.0,3.3045943685667205,3.4170048122793384,3.399887660224308,160214.27065791382,0.9223752175835154,3.4155129210164263,0.459581678974863,1.0094593099709837,1.0094593099709837,0.04367986002138391,0,0,0,0,1,1,0
159000.0,3.30495683976077,3.419316518053226,3.4025604947344195,160554.68193513667,0.9777873805891124,3.419135226548986,0.4871252646416302,0.987331813457315,0.987331813457315,0.005302261894524207,0,0,0,0,1,1,0
159250.0,3.3053046746365857,3.421640760408317,3.4052312312835906,160895.39481894174,1.03321495694928,3.422756902885505,0.5146690609703075,0.9661057410114804,0.9661057410114804,0.032609458073018516,0,0,0,0,1,1,0
159500.0,3.30563862549802,3.423976791894144,3.4078998748042726,161236.36367619742,1.0886292640736261,3.4263774677235306,0.5421988203312189,0.9457342916481704,0.9457342916481704,0.07006454636130366,0,0,0,0,1,1,0
159750.0,3.3059594030447372,3.426323906679765,3.41056643020962,161577.55142844855,1.1440071539584151,3.4299965314898917,0.569703058945481,0.9261732962916547,0.9261732962916547,0.10707371790056319,0,0,0,0,1,1,0
160000.0,3.306267678648449,3.428681438618755,3.4132309023935976,161918.92767810053,1.1993297988128315,3.4336137770057573,0.5971724502396247,0.907381090299042,0.907381090299042,0.1436486077739163,0,0,0,0,1,1,0
160250.0,3.3065640854704887,3.4310487591920467,3.4158932962310797,162260.46729638995,1.2545817762183775,3.4372289441656694,0.6245993678470674,0.8893183797207938,0.8893183797207938,0.17980137703986765,0,0,0,0,1,1,0
160500.0,3.3068492210476705,3.433425275655063,3.4185536165779595,162602.14934861602,1.309750372969476,3.4408418182776876,0.6519775378582171,0.8719481204881863,0.8719481204881863,0.21554442239187788,0,0,0,0,1,1,0
160750.0,3.307123649238675,3.4358104291123848,3.4212118682712513,162943.95626618923,1.3648250489513014,3.4444522210828996,0.6793017710239546,0.8552353941784219,0.8552353941784219,0.2508901681846476,0,0,0,0,1,1,0
161000.0,3.307387901671545,3.4382036926674338,3.4238680561291908,163285.8732066406,1.4197970227581402,3.448060003813913,0.7065677557701378,0.8391472890047602,0.8391472890047602,0.28585091719915967,0,0,0,0,1,1,0
161250.0,3.3076424799657524,3.4406045696262257,3.4265221849513394,163627.88754891494,1.474658945063534,3.4516650417223893,0.7337718950565231,0.8236527847524489,0.8236527847524489,0.3204387436923639,0,0,0,0,1,1,0
161500.0,3.3078878570969548,3.4430125917672476,3.429174259518685,161491.98654155163,-0.004961893776078696,3.4290892821808323,-0.0024780699789950233,0.8087226423232119,0.8087226423232119,0.40603520178863484,0,0,0,0,1,1,0
161750.0,3.308124479313574,3.445427317711881,3.431824284593741,161742.8342819915,-0.004430119325193882,3.4317483557509645,-0.0022124921464361513,0.7943292998584983,0.7943292998584983,0.3986003792496362,0,0,0,0,1,1,0
162000.0,3.3083527671196205,3.4478483312920827,3.4344722649206467,161993.6118120908,-0.003943325869881775,3.434404627155171,-0.0019693787067787127,0.7804467693482087,0.7804467693482087,0.39144205754368944,0,0,0,0,1,1,0
162250.0,3.3085731180971623,3.4502752401758814,3.437118205225269,162244.32607448267,-0.0034970265129885547,3.4370581763424433,-0.0017464887513751748,0.7670505489280721,0.7670505489280721,0.38454582830200756,0,0,0,0,1,1,0
162500.0,3.3087859066693786,3.4527076742964784,3.4397621102152973,162494.98312493094,-0.003087307734805922,3.4397090736327405,-0.0015418677471679132,0.7541175242520737,0.7541175242520737,0.3778982578317214,0,0,0,0,1,1,0
162750.0,3.3089914866737584,3.455145284609376,3.4424039845803414,162745.58826811652,-0.002710741556666285,3.442357381189048,-0.001353803664583264,0.7416258895739603,0.7416258895739603,0.37148680407814716,0,0,0,0,1,1,0
163000.0,3.309190192228012,3.4575877417976884,3.445043832992032,162996.1461691285,-0.0023643134180906245,3.445003154226073,-0.001180790954513622,0.729555066280474,0.729555066280474,0.3652997401810021,0,0,0,0,1,1,0
163250.0,3.309382338555637,3.4600347350473606,3.4476816601041125,163246.66094648247,-0.0020453620321769783,3.447646442018443,-0.0010215005079250439,0.7178856259697053,0.7178856259697053,0.35932608628119755,0,0,0,0,1,1,0
163500.0,3.3095682238905537,3.4624859709695706,3.4503174705525383,163497.13624895213,-0.0017515296928838353,3.45028728873359,-0.0008747548365106717,0.7065992225340212,0.7065992225340212,0.35355555103524505,0,0,0,0,1,1,0
163750.0,3.3097481298399827,3.464941172500493,3.4529512689555704,163747.5753202083,-0.0014807204834821341,3.4529257341323456,-0.0007395071993765434,0.6956785233193985,0.6956785233193985,0.3479784766111216,0,0,0,0,1,1,0
164000.0,3.3099223227435783,3.467400077919508,3.4555830599138697,163997.9810528765,-0.0012310653192071364,3.4555618141549185,-0.000614824143507775,0.6851071475520776,0.6851071475520776,0.342585790712735,0,0,0,0,1,1,0
164250.0,3.3100910545555307,3.4698624399227023,3.4582128480105907,164248.35603440684,-0.0010008922941673326,3.4581955614180457,-0.0004998706934711272,0.6748696083216155,0.6748696083216155,0.33736896301701513,0,0,0,0,1,1,0
164500.0,3.3102545635043725,3.4723280247268464,3.4608406378114753,164498.7025856872,-0.0007887017099195148,3.4608270056335915,-0.00039389787945820487,0.6649512566555549,0.6649512566555549,0.3323199649833297,0,0,0,0,1,1,0
164750.0,3.3104130752911862,3.474796611289819,3.4634664338649443,164749.0227947479,-0.0005931443108342371,3.463456173973662,-0.00029623186706961846,0.6553382326495161,0.6553382326495161,0.32743123476992597,0,0,0,0,1,1,0
165000.0,3.3105668034843134,3.477267990480551,3.4660902407021914,164999.31854432766,-0.0004130034377824998,3.4660830913696286,-0.0002062650440781688,0.646017413946165,0.646017413946165,0.3226956427782257,0,0,0,0,1,1,0
165250.0,3.3107159506243975,3.4797419644168017,3.4687120628372705,165249.5915363977,-0.00024717918445382736,3.4687077807778777,-0.0001234481074030569,0.6369763742014589,0.6369763742014589,0.3181064631639252,0,0,0,0,1,1,0
165500.0,3.310860708366994,3.482218345753081,3.4713319047671907,165499.84331350913,-9.467461683509981e-05,3.4713302634110543,-4.728318067082071e-05,0.6282033388970376,0.6282033388970376,0.3136573450469582,0,0,0,0,1,1,0
165750.0,3.3110012587701263,3.4846969570748088,3.473949770972003,165750.0752763797,4.541561369197922e-05,3.473950558928873,2.2681872846597173e-05,0.6196871475256494,0.6196871475256494,0.30934228808510156,0,0,0,0,1,1,0
166000.0,3.3111377742487424,3.487177630281131,3.4765656659148907,166000.28869976048,0.00017391551836443142,3.4765686856100606,8.685856849321993e-05,0.6114172153252939,0.6114172153252939,0.3051556183826243,0,0,0,0,1,1,0
166250.0,3.3112704188114432,3.4896602060651074,3.47917959404226,166250.48474625457,0.0002915766944777687,3.479184660502102,0.0001456222567641774,0.6033835008314004,0.6033835008314004,0.3010919679524493,0,0,0,0,1,1,0
166500.0,3.3113993476705046,3.4921445333640393,3.4817915597838254,166500.6644778367,0.000399085787794462,3.481798499546281,0.00019931585037991084,0.59557647188202,0.59557647188202,0.2971462541300429,0,0,0,0,1,1,0
166750.0,3.3115247087512225,3.4946304688995222,3.4844015675526987,166750.82886703734,0.0004970716865670965,3.484410217698654,0.0002482534170678008,0.5879870769664564,0.5879870769664564,0.29331366177711704,0,0,0,0,1,1,0
167000.0,3.3116466423140363,3.4971178767031765,3.487009621745475,167000.97880526798,0.0005861109389160291,3.487019829020648,0.0002927228852422914,0.5806067159017658,0.5806067159017658,0.28958962603216065,0,0,0,0,1,1,0
167250.0,3.311765281762697,3.4996066277088618,3.4896157267423216,167251.11511156525,0.0006667333723342495,3.489627346773616,0.00033298885047106097,0.5734272144826802,0.5734272144826802,0.28596981693396195,0,0,0,0,1,1,0
167500.0,3.3118807541613657,3.5020965993606565,3.4922198869070598,167501.23853921905,0.0007394263994209282,3.492232783490918,0.00036929472586599843,0.5664408001697874,0.5664408001697874,0.2824501252141287,0,0,0,0,1,1,0
167750.0,3.3119931799658535,3.504587675207622,3.4948221065872547,167751.34978250795,0.0008046393489946624,3.4948361510507975,0.00040186490513072215,0.5596400771450183,0.5596400771450183,0.2790266477554981,0,0,0,0,1,1,0
168000.0,3.3121026747594513,3.507079744615235,3.497422390114296,168001.44948199895,0.00086278690414332,3.4974374607339933,0.00043090647958710093,0.5530180081852354,0.5530180081852354,0.2756956768918961,0,0,0,0,1,1,0
168250.0,3.31220934760175,3.5095727023591183,3.500020741803484,168251.53822954124,0.0009142523276217673,3.5000367232779106,0.0004566108490644538,0.546567889886207,0.546567889886207,0.272453686493801,0,0,0,0,1,1,0
168500.0,3.312313302828151,3.5120664483899167,3.502617165954114,168501.61657297105,0.0009593904872762238,3.5026339489275466,0.00047915523271324645,0.5402833378098659,0.5402833378098659,0.269297323097617,0,0,0,0,1,1,0
168750.0,3.3124146402189796,3.514560887521706,3.5052116668495565,168751.6850196408,0.000998530157514388,3.505229147473987,0.0004987038185522152,0.5341582673344281,0.5341582673344281,0.2662233952505977,0,0,0,0,1,1,0
169000.0,3.3125134543617096,3.517055929138418,3.507804248757343,169001.74404023585,0.0010319764709221246,3.5078223282957115,0.0005154089876890922,0.5281868756311203,0.5281868756311203,0.2632288633384938,0,0,0,0,1,1,0
169250.0,3.3126098360254113,3.519551486995188,3.5103949159292442,169251.7940721587,0.0010600130922799877,3.510413500395226,0.0005294124002297451,0.5223636291530109,0.5223636291530109,0.2603108322974945,0,0,0,0,1,1,0
169500.0,3.312703871558161,3.5220474789228255,3.512983672601355,169501.83552161505,0.0010829036076964726,3.5130026724220973,0.0005408456888345015,0.5166832456590331,0.5166832456590331,0.25746654199076957,0,0,0,0,1,1,0
169750.0,3.3127956431323895,3.5245438266338738,3.5155705229941727,169751.8687670425,0.0011008936921852452,3.5155898527097675,0.0005498315413854371,0.5111406821208142,0.5111406821208142,0.25469336012573507,0,0,0,0,1,1,0
170000.0,3.312885230060631,3.527040455547349,3.5181554713126792,170001.8941609411,0.0011142123182983354,3.5181750492956843,0.0005564843044814083,0.5057311237549156,0.5057311237549156,0.2519887762105544,0,0,0,0,1,1,0
