zeta,u,seed,config,method,tau,dur,n_peaks_pair,eps_peak,eps_ssi_amp,s_true,eps_branch,eps_merged,n_in_band,f_lo,zeta_lo,err_f_lo,err_z_lo,f_hi,zeta_hi,err_f_hi,err_z_hi,n_matched,both_found,split_found,n_orders_pair,first_order_pair,last_order_pair,run_orders_pair,n_orders_swept
0.02,0.5845943950663557,0,stay,cov,16.0,3600.0,1,0.0208136730273496,-0.0175920882585221,0.0233792165249093,0.022942813450352876,0.01881412500545659,2,3.293179753115507,0.011007951530334792,0.003018446495351916,-0.4496024234832604,3.3290219703261466,0.021839480873829538,-0.009496036627629146,0.09197404369147687,2,True,0.010824864209062991,25,14.0,80.0,11,39
0.02,0.5845943950663557,0,stay,cov,32.0,3600.0,1,0.0208136730273496,-0.0017870974734247591,0.0233792165249093,0.022942813450352876,0.01881412500545659,1,3.3195644158833306,0.029238036688262838,0.011054540922219913,0.46190183441314187,3.3195644158833306,0.029238036688262838,-0.012309999780447086,0.46190183441314187,0,False,0.0,17,20.0,74.0,9,38
0.02,0.5845943950663557,0,stay+deck,cov,16.0,3600.0,1,0.0208136730273496,0.026183192804203115,0.0233792165249093,0.022942813450352876,0.01881412500545659,2,3.2807656917688894,0.0195916995879252,-0.0007625595413828665,-0.020415020603740085,3.365750815110815,0.020189599361513676,0.0014321178434387146,0.009479968075683763,2,True,0.025572831498713314,38,6.0,80.0,38,39
0.02,0.5845943950663557,0,stay+deck,cov,32.0,3600.0,1,0.0208136730273496,-0.02908345347003749,0.0233792165249093,0.022942813450352876,0.01881412500545659,5,3.2738627021645264,0.015706701559376063,-0.002865033875676812,-0.2146649220311969,3.368361194648449,0.0048249432518554245,0.0022087997941677125,-0.7587528374072289,2,True,0.049342866170205855,38,6.0,80.0,38,39
0.02,0.5845943950663557,1,stay,cov,16.0,3600.0,1,-0.0232449825595763,0.010199053844726746,0.0233792165249093,0.022942813450352876,0.01881412500545659,1,3.3394349620191672,0.026751135214646678,0.01710660179054203,0.33755676073233387,3.3394349620191672,0.026751135214646678,-0.006397796473482588,0.33755676073233387,1,False,0.0,24,14.0,78.0,11,39
0.02,0.5845943950663557,1,stay,cov,32.0,3600.0,1,-0.0232449825595763,0.003889462863924109,0.0233792165249093,0.022942813450352876,0.01881412500545659,1,3.3289897568197633,0.02402481634702755,0.01392525905256369,0.20124081735137747,3.3289897568197633,0.02402481634702755,-0.00950562130626184,0.20124081735137747,1,False,0.0,31,20.0,80.0,31,38
0.02,0.5845943950663557,1,stay+deck,cov,16.0,3600.0,1,-0.0232449825595763,-0.027204107297867375,0.0233792165249093,0.022942813450352876,0.01881412500545659,2,3.277029682309311,0.018553586094193386,-0.001900452606798797,-0.07232069529033071,3.3655228982352265,0.01877292813969892,0.0013643043623015564,-0.061353593015054005,2,True,0.026644340365510846,38,6.0,80.0,38,39
0.02,0.5845943950663557,1,stay+deck,cov,32.0,3600.0,1,-0.0232449825595763,0.027961738000301217,0.0233792165249093,0.022942813450352876,0.01881412500545659,1,3.368666253839519,0.015483797949247171,0.026009706725206996,-0.22581010253764147,3.368666253839519,0.015483797949247171,0.002299565893193555,-0.22581010253764147,1,False,0.0,38,6.0,80.0,38,39
0.02,0.5845943950663557,2,stay,cov,16.0,3600.0,1,0.013403071949769307,0.020437331843885964,0.0233792165249093,0.022942813450352876,0.01881412500545659,2,3.2654846521136625,0.014384406761432886,-0.005416773949606224,-0.2807796619283557,3.3563147399593016,0.028475487535321205,-0.001375454446430536,0.4237743767660602,2,True,0.02743365736943737,24,18.0,78.0,20,39
0.02,0.5845943950663557,2,stay,cov,32.0,3600.0,1,0.013403071949769307,0.017047043574565546,0.0233792165249093,0.022942813450352876,0.01881412500545659,1,3.350734612142345,0.026869108780221498,0.02054818663016957,0.34345543901107484,3.350734612142345,0.026869108780221498,-0.0030357434947117477,0.34345543901107484,1,False,0.0,25,32.0,80.0,25,38
0.02,0.5845943950663557,2,stay+deck,cov,16.0,3600.0,1,0.013403071949769307,0.02545599016966671,0.0233792165249093,0.022942813450352876,0.01881412500545659,2,3.279146055224772,0.021660131015976233,-0.0012558594679449335,0.08300655079881164,3.364558037520287,0.019463657219774028,0.001077223540736341,-0.02681713901129864,2,True,0.02571215728550732,38,6.0,80.0,38,39
0.02,0.5845943950663557,2,stay+deck,cov,32.0,3600.0,1,0.013403071949769307,0.02684959399104181,0.0233792165249093,0.022942813450352876,0.01881412500545659,2,3.279955433113935,0.020814451907220928,-0.0010093436340467543,0.04072259536104638,3.3668434934608085,0.02039444032844788,0.0017572290160314244,0.01972201642239397,2,True,0.026144332424284385,37,8.0,80.0,37,39
0.02,0.5845943950663557,3,stay,cov,16.0,3600.0,1,0.028251270830166986,0.012438877421070194,0.0233792165249093,0.022942813450352876,0.01881412500545659,2,3.243016358121867,0.009732112891170104,-0.012260042469562082,-0.5133943554414948,3.3431350267140516,0.02680554386514674,-0.005296893932830957,0.34027719325733696,1,False,0.03040278388459141,1,78.0,78.0,1,39
0.02,0.5845943950663557,3,stay,cov,32.0,3600.0,1,0.028251270830166986,0.007911943146175826,0.0233792165249093,0.022942813450352876,0.01881412500545659,2,3.240456550886358,0.006111848807459171,-0.013039694377193026,-0.6944075596270414,3.335652546438689,0.026675110632568944,-0.007523201369268849,0.3337555316284471,1,False,0.028952073070397776,13,24.0,80.0,6,38
0.02,0.5845943950663557,3,stay+deck,cov,16.0,3600.0,1,0.028251270830166986,0.020843819513928663,0.0233792165249093,0.022942813450352876,0.01881412500545659,2,3.26171609635583,0.021193955454158364,-0.006564579786252829,0.059697772707918186,3.3569831615649024,0.016709131348084594,-0.0011765749390398356,-0.16454343259577028,2,True,0.028787247009316685,34,6.0,80.0,29,39
0.02,0.5845943950663557,3,stay+deck,cov,32.0,3600.0,1,0.028251270830166986,0.028999509053841077,0.0233792165249093,0.022942813450352876,0.01881412500545659,3,3.2859257789406,0.017478811331700025,0.0008090712248554722,-0.12605943341499876,3.3703662307584885,0.01922853640622715,0.002805370267838757,-0.03857317968864252,2,True,0.03458504341945484,37,8.0,80.0,37,39
0.02,0.5845943950663557,4,stay,cov,16.0,3600.0,1,-0.0232449825595763,-0.019692331074442904,0.0233792165249093,0.022942813450352876,0.01881412500545659,2,3.289657704080035,0.009890916521456045,0.0019457203106675173,-0.5054541739271978,3.3417448098994162,0.02644512590799639,-0.0057105335174049,0.3222562953998195,2,True,0.015709227636108,25,16.0,80.0,23,39
0.02,0.5845943950663557,4,stay,cov,32.0,3600.0,1,-0.0232449825595763,-0.0023544813031614042,0.0233792165249093,0.022942813450352876,0.01881412500545659,1,3.3186208622169895,0.017404515435733525,0.010767158573381185,-0.1297742282133238,3.3186208622169895,0.017404515435733525,-0.012590740987473082,-0.1297742282133238,0,False,0.0,18,18.0,80.0,13,38
0.02,0.5845943950663557,4,stay+deck,cov,16.0,3600.0,1,-0.0232449825595763,-0.02138510907590052,0.0233792165249093,0.022942813450352876,0.01881412500545659,2,3.2868162154258824,0.017216581456503573,0.0010802754369322767,-0.13917092717482138,3.3614351102003903,0.02177235062608304,0.00014804016037598108,0.08861753130415193,2,True,0.02244767567281422,38,6.0,80.0,38,39
0.02,0.5845943950663557,4,stay+deck,cov,32.0,3600.0,1,-0.0232449825595763,-0.017643647120258343,0.0233792165249093,0.022942813450352876,0.01881412500545659,1,3.2930933354343375,0.011920709375907536,0.0029921258767356554,-0.4039645312046232,3.2930933354343375,0.011920709375907536,-0.020186099828206107,-0.4039645312046232,1,False,0.0,38,6.0,80.0,38,39
0.02,0.5845943950663557,5,stay,cov,16.0,3600.0,1,-0.015969365108181477,0.030769056980995302,0.0233792165249093,0.022942813450352876,0.01881412500545659,2,3.236843712006639,0.024480743754998115,-0.014140072829704005,0.22403718774990575,3.3732629584423295,0.032218455640891805,0.0036672511076860986,0.6109227820445902,1,False,0.041275959144672865,4,22.0,28.0,4,39
0.02,0.5845943950663557,5,stay,cov,32.0,3600.0,1,-0.015969365108181477,-0.001314302127567446,0.0233792165249093,0.022942813450352876,0.01881412500545659,1,3.3203504650337368,0.02087112451077946,0.01129395141809809,0.043556225538973065,3.3203504650337368,0.02087112451077946,-0.012076121840973321,0.043556225538973065,0,False,0.0,13,24.0,66.0,7,38
0.02,0.5845943950663557,5,stay+deck,cov,16.0,3600.0,1,-0.015969365108181477,0.022817640836300557,0.0233792165249093,0.022942813450352876,0.01881412500545659,2,3.26548509942342,0.017825882575342775,-0.005416637710478122,-0.10870587123286128,3.3602269903432713,0.010312073949932648,-0.00021141901933859135,-0.4843963025033676,2,True,0.028598251670542266,38,6.0,80.0,38,39
0.02,0.5845943950663557,5,stay+deck,cov,32.0,3600.0,1,-0.015969365108181477,-0.02790265235900835,0.0233792165249093,0.022942813450352876,0.01881412500545659,1,3.2758528866355308,0.00853695157608982,-0.0022588745142093666,-0.573152421195509,3.2758528866355308,0.00853695157608982,-0.025315754428792435,-0.573152421195509,1,False,0.0,38,6.0,80.0,38,39
0.03,0.3897295967109038,0,stay,cov,16.0,3600.0,1,0.013403071949769307,0.0025143917574392827,0.0233792165249093,0.022942813450352876,0.001194002030686451,1,3.3267090444475578,0.03984989875177548,0.013230612312340014,0.32832995839251594,3.3267090444475578,0.03984989875177548,-0.01018421539909705,0.32832995839251594,0,False,0.0,3,48.0,52.0,3,39
0.03,0.3897295967109038,0,stay,cov,32.0,3600.0,1,0.013403071949769307,0.005356236358564859,0.0233792165249093,0.022942813450352876,0.001194002030686451,1,3.331420847015071,0.033351098363569275,0.01466570703712353,0.11170327878564253,3.331420847015071,0.033351098363569275,-0.008782284393729503,0.11170327878564253,1,False,0.0,13,48.0,80.0,8,38
0.03,0.3897295967109038,0,stay+deck,cov,16.0,3600.0,1,0.013403071949769307,0.026970398651461114,0.0233792165249093,0.022942813450352876,0.001194002030686451,2,3.285017167709804,0.03069260088196294,0.0005323314494700832,0.023086696065431393,3.367041535328602,0.030879441820906156,0.001816153606109689,0.029314727363538573,2,True,0.024661348097043137,36,6.0,80.0,19,39
0.03,0.3897295967109038,0,stay+deck,cov,32.0,3600.0,1,0.013403071949769307,0.026147974001772045,0.0233792165249093,0.022942813450352876,0.001194002030686451,5,3.303766061782198,0.004204605593110477,0.006242765745747876,-0.8598464802296507,3.3656930580110607,0.005641225967233161,0.0014149330255764161,-0.8119591344255613,2,True,0.051951602238714124,39,4.0,80.0,39,39
0.03,0.3897295967109038,1,stay,cov,16.0,3600.0,1,-0.0013371400296803282,0.026258572263378355,0.0233792165249093,0.022942813450352876,0.001194002030686451,2,3.2401977153779926,0.03601492556385971,-0.013118529062500665,0.2004975187953238,3.3658744303770756,0.03521553170983968,0.0014688978383608688,0.17385105699465608,1,False,0.038048847250280286,1,30.0,30.0,1,39
0.03,0.3897295967109038,1,stay,cov,32.0,3600.0,1,-0.0013371400296803282,0.0006540043200962131,0.0233792165249093,0.022942813450352876,0.001194002030686451,1,3.323620888465904,0.03794574086693659,0.012290038870418615,0.2648580288978864,3.323620888465904,0.03794574086693659,-0.011103053053701205,0.2648580288978864,0,False,0.0,12,34.0,74.0,8,38
0.03,0.3897295967109038,1,stay+deck,cov,16.0,3600.0,1,-0.0013371400296803282,0.026231579802139082,0.0233792165249093,0.022942813450352876,0.001194002030686451,2,3.272891267010153,0.029693896920733584,-0.003160908213689682,-0.010203435975547164,3.365830165785791,0.0287939192507254,0.0014557275278327193,-0.04020269164248663,2,True,0.027999035572274716,37,6.0,80.0,34,39
0.03,0.3897295967109038,1,stay+deck,cov,32.0,3600.0,1,-0.0013371400296803282,0.02881243887856999,0.0233792165249093,0.022942813450352876,0.001194002030686451,3,3.259148445893146,0.0024444310981097924,-0.007346620540568662,-0.9185189633963403,3.3700598537124966,0.022665595490626834,0.0027142120594981956,-0.24448015031243883,2,True,0.03826349730707527,32,10.0,80.0,30,39
0.03,0.3897295967109038,2,stay,cov,16.0,3600.0,1,-0.008666750931549339,0.047093110257548476,0.0233792165249093,0.022942813450352876,0.001194002030686451,2,3.2640891813339628,0.037076556789863734,-0.005841798709417737,0.23588522632879116,3.399868830567287,0.0317962776651355,0.011583456534881617,0.05987592217118337,1,False,0.04075045160573751,11,34.0,66.0,10,39
0.03,0.3897295967109038,2,stay,cov,32.0,3600.0,1,-0.008666750931549339,0.010849994920617112,0.0233792165249093,0.022942813450352876,0.001194002030686451,1,3.3405107031382633,0.04246073238761343,0.017434245061482858,0.415357746253781,3.3405107031382633,0.04246073238761343,-0.006077724737241432,0.415357746253781,1,False,0.0,0,,,0,37
0.03,0.3897295967109038,2,stay+deck,cov,16.0,3600.0,1,-0.008666750931549339,0.03331648509515661,0.0233792165249093,0.022942813450352876,0.001194002030686451,2,3.269835239671502,0.030561189837134357,-0.004091696091503356,0.01870632790447862,3.3774287034968724,0.027209426730863833,0.00490671033135694,-0.09301910897120554,2,True,0.03237225563638049,38,6.0,80.0,38,39
0.03,0.3897295967109038,2,stay+deck,cov,32.0,3600.0,1,-0.008666750931549339,0.028252307851059033,0.0233792165249093,0.022942813450352876,0.001194002030686451,2,3.260371460988839,0.030762174181615705,-0.0069741213776664535,0.025405806053856866,3.3691423239370373,0.02604165935866313,0.0024412138975138226,-0.13194468804456236,2,True,0.03281412980708196,37,8.0,80.0,37,39
0.03,0.3897295967109038,3,stay,cov,16.0,3600.0,1,0.013403071949769307,0.009424470027908471,0.0233792165249093,0.022942813450352876,0.001194002030686451,2,3.2437155226990217,0.007377783694719042,-0.012047094795704098,-0.7540738768426986,3.338154437997319,0.03392637307207485,-0.006778798500546349,0.130879102402495,1,False,0.02869668220801678,1,14.0,14.0,1,39
0.03,0.3897295967109038,3,stay,cov,32.0,3600.0,1,0.013403071949769307,0.008438892619824001,0.0233792165249093,0.022942813450352876,0.001194002030686451,2,3.248800619190485,0.003999524446774265,-0.010498304275441435,-0.8666825184408579,3.336524393769123,0.03491361774837719,-0.007263795380378431,0.16378725827923962,1,False,0.026642200470288674,10,26.0,76.0,5,39
0.03,0.3897295967109038,3,stay+deck,cov,16.0,3600.0,1,0.013403071949769307,0.01632617525539004,0.0233792165249093,0.022942813450352876,0.001194002030686451,1,3.3495469253967434,0.02138097547657257,0.020186447580435227,-0.287300817447581,3.3495469253967434,0.02138097547657257,-0.003389123087652046,-0.287300817447581,1,False,0.0,12,22.0,80.0,9,39
0.03,0.3897295967109038,3,stay+deck,cov,32.0,3600.0,1,0.013403071949769307,0.03708304476317048,0.0233792165249093,0.022942813450352876,0.001194002030686451,3,3.28458689793338,0.025052871048913163,0.00040128226446448556,-0.16490429836956122,3.3835786659500897,0.028190476639593297,0.006736545712078748,-0.06031744534689005,2,True,0.038383434340675836,28,12.0,80.0,17,39
0.03,0.3897295967109038,4,stay,cov,16.0,3600.0,1,-0.015969365108181477,-0.006061675158605673,0.0233792165249093,0.022942813450352876,0.001194002030686451,1,3.3124492205760925,0.035682367089221664,0.008887434150466752,0.18941223630738885,3.3124492205760925,0.035682367089221664,-0.014427026707517025,0.18941223630738885,1,False,0.0,8,22.0,78.0,4,39
0.03,0.3897295967109038,4,stay,cov,32.0,3600.0,1,-0.015969365108181477,-0.0047004233974252685,0.0233792165249093,0.022942813450352876,0.001194002030686451,1,3.3147167327663603,0.03260451896101478,0.009578060452398798,0.08681729870049273,3.3147167327663603,0.03260451896101478,-0.013752360144341608,0.08681729870049273,1,False,0.0,10,28.0,80.0,3,38
0.03,0.3897295967109038,4,stay+deck,cov,16.0,3600.0,1,-0.015969365108181477,-0.022410003221344232,0.0233792165249093,0.022942813450352876,0.001194002030686451,2,3.285094638748671,0.022251083563885436,0.0005559271493340001,-0.2582972145371521,3.376131024710891,0.03518138378455009,0.004520604143967374,0.17271279281833632,2,True,0.027333223812429683,33,16.0,80.0,33,39
0.03,0.3897295967109038,4,stay+deck,cov,32.0,3600.0,1,-0.015969365108181477,-0.016315419697662592,0.0233792165249093,0.022942813450352876,0.001194002030686451,1,3.295318851340099,0.012154952124910004,0.0036699611829729356,-0.5948349291696665,3.295318851340099,0.012154952124910004,-0.0195239286725772,-0.5948349291696665,1,False,0.0,38,6.0,80.0,38,39
0.03,0.3897295967109038,5,stay,cov,16.0,3600.0,1,0.013403071949769307,0.004419284999785722,0.0233792165249093,0.022942813450352876,0.001194002030686451,1,3.3298681104002945,0.03811153866671524,0.014192783120445073,0.27038462222384135,3.3298681104002945,0.03811153866671524,-0.009244279473581396,0.27038462222384135,1,False,0.0,1,42.0,42.0,1,39
0.03,0.3897295967109038,5,stay,cov,32.0,3600.0,1,0.013403071949769307,0.005508491627317369,0.0233792165249093,0.022942813450352876,0.001194002030686451,1,3.331673099478124,0.035131829145917184,0.01474253669495697,0.17106097153057287,3.331673099478124,0.035131829145917184,-0.00870723019863815,0.17106097153057287,1,False,0.0,13,38.0,68.0,10,38
0.03,0.3897295967109038,5,stay+deck,cov,16.0,3600.0,1,0.013403071949769307,0.02894913605209748,0.0233792165249093,0.022942813450352876,0.001194002030686451,2,3.2470190833816996,0.027944351296183424,-0.011040914583188231,-0.06852162346055249,3.370283734343113,0.01702779352434341,0.00278082461235144,-0.43240688252188636,1,False,0.03725525470324322,17,6.0,74.0,8,39
0.03,0.3897295967109038,5,stay+deck,cov,32.0,3600.0,1,0.013403071949769307,-0.03310424310937088,0.0233792165249093,0.022942813450352876,0.001194002030686451,3,3.267076758583788,0.005391100014182102,-0.0049318589804765054,-0.8202966661939299,3.3649442202197237,0.003067249639378959,0.0011921268059558268,-0.8977583453540346,2,True,0.034443696545777176,37,8.0,80.0,37,39
