T,d,station_m,ratio_lo_hi,lower_reads_larger,e_lo,e_hi,energy_says_lower,f_lo,f_hi
143000.0,-0.029116878236242406,1.0,8.175409432958402,True,0.8920454116169482,0.10800325065756017,True,3.2143680165328425,3.3342942161841527
143000.0,-0.029116878236242406,2.0,4.974406185333454,True,0.8920454116169482,0.10800325065756017,True,3.2143680165328425,3.3342942161841527
143000.0,-0.029116878236242406,4.0,3.502152223955057,True,0.8920454116169482,0.10800325065756017,True,3.2143680165328425,3.3342942161841527
143000.0,-0.029116878236242406,6.0,3.0997670933844965,True,0.8920454116169482,0.10800325065756017,True,3.2143680165328425,3.3342942161841527
143000.0,-0.029116878236242406,12.5,2.8259617048527628,True,0.8920454116169482,0.10800325065756017,True,3.2143680165328425,3.3342942161841527
143000.0,-0.029116878236242406,20.0,2.734702113113502,True,0.8920454116169482,0.10800325065756017,True,3.2143680165328425,3.3342942161841527
147000.0,-0.015036997071102938,1.0,3.4146842729348967,True,0.7725174835975883,0.22752755999503582,True,3.251453429339181,3.3419952341831007
147000.0,-0.015036997071102938,2.0,2.644425234528575,True,0.7725174835975883,0.22752755999503582,True,3.251453429339181,3.3419952341831007
147000.0,-0.015036997071102938,4.0,2.117621887832497,True,0.7725174835975883,0.22752755999503582,True,3.251453429339181,3.3419952341831007
147000.0,-0.015036997071102938,6.0,1.944596497269124,True,0.7725174835975883,0.22752755999503582,True,3.251453429339181,3.3419952341831007
147000.0,-0.015036997071102938,12.5,1.8185301855072953,True,0.7725174835975883,0.22752755999503582,True,3.251453429339181,3.3419952341831007
147000.0,-0.015036997071102938,20.0,1.7750810482330122,True,0.7725174835975883,0.22752755999503582,True,3.251453429339181,3.3419952341831007
151600.0,0.0004617417787089486,1.0,1.5187985714011003,True,0.4916701315917526,0.5083710170181857,False,3.283269380161662,3.3609375564655175
151600.0,0.0004617417787089486,2.0,1.2914525737438325,True,0.4916701315917526,0.5083710170181857,False,3.283269380161662,3.3609375564655175
151600.0,0.0004617417787089486,4.0,1.0986468949374046,True,0.4916701315917526,0.5083710170181857,False,3.283269380161662,3.3609375564655175
151600.0,0.0004617417787089486,6.0,1.0269952767746893,True,0.4916701315917526,0.5083710170181857,False,3.283269380161662,3.3609375564655175
151600.0,0.0004617417787089486,12.5,0.9720243630123488,False,0.4916701315917526,0.5083710170181857,False,3.283269380161662,3.3609375564655175
151600.0,0.0004617417787089486,20.0,0.9525981685552602,False,0.4916701315917526,0.5083710170181857,False,3.283269380161662,3.3609375564655175
156000.0,0.014641268071064636,1.0,0.8761155987742593,False,0.2372544057567631,0.7627832418662773,False,3.299379199422622,3.3926640195048803
156000.0,0.014641268071064636,2.0,0.7490129827846297,False,0.2372544057567631,0.7627832418662773,False,3.299379199422622,3.3926640195048803
156000.0,0.014641268071064636,4.0,0.6317327689352743,False,0.2372544057567631,0.7627832418662773,False,3.299379199422622,3.3926640195048803
156000.0,0.014641268071064636,6.0,0.5857815596710014,False,0.2372544057567631,0.7627832418662773,False,3.299379199422622,3.3926640195048803
156000.0,0.014641268071064636,12.5,0.549742741299006,False,0.2372544057567631,0.7627832418662773,False,3.299379199422622,3.3926640195048803
156000.0,0.014641268071064636,20.0,0.536895518155437,False,0.2372544057567631,0.7627832418662773,False,3.299379199422622,3.3926640195048803
161000.0,0.03004427081132042,1.0,0.6068899787287979,False,0.1084355605375269,0.8915983303190185,False,3.307387901671545,3.4382036926674338
161000.0,0.03004427081132042,2.0,0.5065901641618826,False,0.1084355605375269,0.8915983303190185,False,3.307387901671545,3.4382036926674338
161000.0,0.03004427081132042,4.0,0.41055014726541134,False,0.1084355605375269,0.8915983303190185,False,3.307387901671545,3.4382036926674338
161000.0,0.03004427081132042,6.0,0.3720420128612794,False,0.1084355605375269,0.8915983303190185,False,3.307387901671545,3.4382036926674338
161000.0,0.03004427081132042,12.5,0.3416125818279559,False,0.1084355605375269,0.8915983303190185,False,3.307387901671545,3.4382036926674338
161000.0,0.03004427081132042,20.0,0.33076673394137585,False,0.1084355605375269,0.8915983303190185,False,3.307387901671545,3.4382036926674338
