zeta,duration,nperseg,snr_db,n_seg,df,bins_per_hpbw,n_pp,n_sv1,n_sv2,sv2_over_sv1,sv2_peak_ratio,f_sv1,f_sv2,f_lo,f_hi
0.005,600.0,8192,20.0,26,0.01220703125,2.7214671612424928,2,2,1,0.027017926757457247,0.003744022853829698,3.2831796238307938,3.3298738216831363,3.283269380161662,3.3609375564655175
0.005,600.0,8192,,26,0.01220703125,2.7214671612424928,2,2,1,0.023755709303561814,0.0029866322281086933,3.283429605969073,3.328314465232327,3.283269380161662,3.3609375564655175
0.005,3600.0,32768,20.0,40,0.0030517578125,10.885868644969971,2,2,1,0.01692370792865238,0.0015195650875645939,3.2798480411389086,3.327260403371166,3.283269380161662,3.3609375564655175
0.005,3600.0,32768,,40,0.0030517578125,10.885868644969971,2,2,1,0.008302277634038107,0.0005513296177384512,3.279753109928514,3.336662621115253,3.283269380161662,3.3609375564655175
0.02,600.0,8192,20.0,26,0.01220703125,10.885868644969971,1,1,1,0.0008097583354130355,0.0004955943724786602,3.3156576050999473,3.3102323788333465,3.283269380161662,3.3609375564655175
0.02,600.0,8192,,26,0.01220703125,10.885868644969971,1,1,1,0.000650062765809304,0.00038902699003012125,3.316358384270555,3.3202229837153077,3.283269380161662,3.3609375564655175
0.02,3600.0,32768,20.0,40,0.0030517578125,43.543474579879884,1,1,1,0.0007460076501761848,0.0005036543335992848,3.3562749699103938,3.3025978764992976,3.283269380161662,3.3609375564655175
0.02,3600.0,32768,,40,0.0030517578125,43.543474579879884,1,1,1,0.0005253167690721562,0.000347968926087827,3.3552945126512776,3.3448915495765688,3.283269380161662,3.3609375564655175
0.03,600.0,8192,20.0,26,0.01220703125,16.328802967454955,1,1,1,0.0006274948276513646,0.00034157738885559337,3.345734964117095,3.3170232237586306,3.283269380161662,3.3609375564655175
0.03,600.0,8192,,26,0.01220703125,16.328802967454955,1,1,1,0.00047760851007816766,0.0002964845657833636,3.318734286961706,3.334034588089969,3.283269380161662,3.3609375564655175
0.03,3600.0,32768,20.0,40,0.0030517578125,65.31521186981982,1,1,1,0.0005951013081371644,0.00036661791305648845,3.3396165686614943,3.3072762939030005,3.283269380161662,3.3609375564655175
0.03,3600.0,32768,,40,0.0030517578125,65.31521186981982,1,1,1,0.0005183245925411708,0.00027127037963216283,3.350058400282163,3.345575776798878,3.283269380161662,3.3609375564655175
