stay_load_ratio,zeta,T,f_lo,f_hi,gamma_corr,gamma_rank2_ratio,mac_sensor,mac_full,deck_over_stay_lo,deck_over_stay_hi,n_sv1_all,n_sv2_all,f_sv1_all_all,f_sv2_all_all,sv2_peak_ratio_all,n_sv1_pair,n_sv2_pair,f_sv1_all_pair,f_sv2_all_pair,sv2_peak_ratio_pair
0.0001,0.005,151600.0,3.283269380161662,3.3609375564655175,0.9634244475367414,0.018623434040509375,0.8584987900706188,0.9910899022279194,0.16993104559562242,0.22081992827061037,2,1,3.28572;3.35634,3.41484,0.000547754641653064,2,1,3.28572;3.35635,3.41303,0.0005559250785795353
0.0003,0.005,151600.0,3.283269380161662,3.3609375564655175,0.8957327076092156,0.05498728445239813,0.8584987900706188,0.9910899022279194,0.16993104559562242,0.22081992827061037,2,1,3.28555;3.35669,3.38396,0.001368571571332582,2,1,3.28555;3.35669,3.38303,0.0013734595456762462
0.001,0.005,151600.0,3.283269380161662,3.3609375564655175,0.6916381324880904,0.18225071922225589,0.8584987900706188,0.9910899022279194,0.16993104559562242,0.22081992827061037,2,1,3.28504;3.35771,3.35119,0.0034711840734599256,2,1,3.28504;3.35771,3.35101,0.003474268290573673
0.003,0.005,151600.0,3.283269380161662,3.3609375564655175,0.293812281936502,0.5457744832562038,0.8584987900706188,0.9910899022279194,0.16993104559562242,0.22081992827061037,2,1,3.28409;3.35957,3.33618,0.006986106099603894,2,1,3.28409;3.35958,3.33614,0.0069848275718970565
0.0055,0.005,151600.0,3.283269380161662,3.3609375564655175,-3.2526065174565153e-16,0.9999999999999991,0.8584987900706188,0.9910899022279194,0.16993104559562242,0.22081992827061037,2,1,3.28343;3.36080,3.33213,0.008950944327858264,2,1,3.28343;3.36080,3.33211,0.008946550662697192
0.01,0.005,151600.0,3.283269380161662,3.3609375564655175,-0.29001409123510763,0.5503260521467035,0.8584987900706188,0.9910899022279194,0.16993104559562242,0.22081992827061037,2,1,3.28281;3.36186,3.32983,0.009964836972225711,2,1,3.28281;3.36186,3.32982,0.009958773527075821
0.03,0.005,151600.0,3.283269380161662,3.3609375564655175,-0.6894338674608608,0.18379310522106743,0.8584987900706188,0.9910899022279194,0.16993104559562242,0.22081992827061037,2,1,3.28203;3.36310,3.32793,0.008107840289082168,2,1,3.28203;3.36310,3.32793,0.00810872331522841
0.1,0.005,151600.0,3.283269380161662,3.3609375564655175,-0.8948501317673813,0.0554785693766242,0.8584987900706188,0.9910899022279194,0.16993104559562242,0.22081992827061037,2,1,3.28165;3.36364,3.32730,0.0038262663352055916,2,1,3.28165;3.36364,3.32730,0.003844831703576057
1.0,0.005,151600.0,3.283269380161662,3.3609375564655175,-0.9881039999278224,0.005981938292219403,0.8584987900706188,0.9910899022279194,0.16993104559562242,0.22081992827061037,2,1,3.28149;3.36387,3.32708,0.00047351818269041925,2,1,3.28149;3.36387,3.32707,0.0005072025894514208
10.0,0.005,151600.0,3.283269380161662,3.3609375564655175,-0.9979372412172536,0.0010321563269114237,0.8584987900706188,0.9910899022279194,0.16993104559562242,0.22081992827061037,2,1,3.28147;3.36389,3.32706,5.3755809867743305e-05,2,1,3.28147;3.36389,3.32705,8.936863448639443e-05
0.0001,0.02,151600.0,3.283269380161662,3.3609375564655175,0.9634244475367414,0.018623434040509375,0.8584987900706188,0.9910899022279194,0.16993104559562242,0.22081992827061037,1,1,3.30376,3.42075,0.009461930574718776,1,1,3.30369,3.41907,0.009645512517541442
0.0003,0.02,151600.0,3.283269380161662,3.3609375564655175,0.8957327076092156,0.05498728445239813,0.8584987900706188,0.9910899022279194,0.16993104559562242,0.22081992827061037,1,1,3.30298,3.39223,0.021648639761641646,1,1,3.30291,3.39118,0.021780718711598777
0.001,0.02,151600.0,3.283269380161662,3.3609375564655175,0.6916381324880904,0.18225071922225589,0.8584987900706188,0.9910899022279194,0.16993104559562242,0.22081992827061037,1,1,3.30066,3.35601,0.039605407561963304,1,1,3.30060,3.35579,0.03969125522170883
0.003,0.02,151600.0,3.283269380161662,3.3609375564655175,0.293812281936502,0.5457744832562038,0.8584987900706188,0.9910899022279194,0.16993104559562242,0.22081992827061037,1,1,3.29665,3.33883,0.04226108047903045,1,1,3.29662,3.33879,0.04226543422518572
0.0055,0.02,151600.0,3.283269380161662,3.3609375564655175,-3.2526065174565153e-16,0.9999999999999991,0.8584987900706188,0.9910899022279194,0.16993104559562242,0.22081992827061037,1,1,3.29431,3.33420,0.034132170424352896,1,1,3.29430,3.33419,0.034115609125635174
0.01,0.02,151600.0,3.283269380161662,3.3609375564655175,-0.29001409123510763,0.5503260521467035,0.8584987900706188,0.9910899022279194,0.16993104559562242,0.22081992827061037,1,1,3.29248,3.33159,0.023965288369053917,1,1,3.29250,3.33158,0.023950341700921148
0.03,0.02,151600.0,3.283269380161662,3.3609375564655175,-0.6894338674608608,0.18379310522106743,0.8584987900706188,0.9910899022279194,0.16993104559562242,0.22081992827061037,1,1,3.29059,3.32941,0.009941577439802849,1,1,3.29063,3.32940,0.009946210701659236
0.1,0.02,151600.0,3.283269380161662,3.3609375564655175,-0.8948501317673813,0.0554785693766242,0.8584987900706188,0.9910899022279194,0.16993104559562242,0.22081992827061037,1,1,3.28982,3.32863,0.0032366525357101455,1,1,3.28987,3.32863,0.0032546453413041486
1.0,0.02,151600.0,3.283269380161662,3.3609375564655175,-0.9881039999278224,0.005981938292219403,0.8584987900706188,0.9910899022279194,0.16993104559562242,0.22081992827061037,1,1,3.28951,3.32835,0.00033791544618358915,1,1,3.28956,3.32833,0.00036225460685857403
10.0,0.02,151600.0,3.283269380161662,3.3609375564655175,-0.9979372412172536,0.0010321563269114237,0.8584987900706188,0.9910899022279194,0.16993104559562242,0.22081992827061037,1,1,3.28948,3.32845,3.769171009719679e-05,1,1,3.28953,3.32830,6.270544705394035e-05
