check,route,n,max_rel_err_f,max_rel_err_zeta,channels,seeds,detection_rate,n_found_min,n_found_max,rms_rel_err_f,rms_rel_err_zeta,n_shift,n_realisation,max_rel_df,max_rel_dzeta,n_cov,n_data,case,T_kN,method,split_pct,f_true_lo,f_true_hi,stay_energy_lo,stay_energy_hi,amp_ratio_at_sensor,n_in_band,err_f_stay_branch,err_zeta_stay_branch,err_f_other_branch,rate,n_max,rel_err_f_lo,rel_err_f_hi
exact_correlations,shift,8.0,8.074349270001138e-16,2.7131075164277263e-13,,,,,,,,,,,,,,,,,,,,,,,,,,,,,,
exact_correlations,realisation,8.0,1.760109673186224e-15,3.7556763254897874e-13,,,,,,,,,,,,,,,,,,,,,,,,,,,,,,
separated_pair,,,0.0020342649221694992,0.48527368305585955,2,8.0,1.0,2.0,3.0,0.0009715252507750217,0.20575343582444822,,,,,,,,,,,,,,,,,,,,,,,
separated_pair,,,0.0025318572187650323,0.33506487832865983,1,8.0,1.0,2.0,5.0,0.001217737538601736,0.17381448304302394,,,,,,,,,,,,,,,,,,,,,,,
A_routes_agree,,,,,,,,,,,,2.0,2.0,0.0002964175106429533,0.04130988217359052,,,,,,,,,,,,,,,,,,,
cov_vs_data,,,,,,,,,,,,,,0.0006238968635847996,0.22548720043794715,2.0,2.0,,,,,,,,,,,,,,,,,
bridge_detuned,,,0.0020191884688623043,0.06733704095912926,stay+deck,,,,,,,,,,,,,detuned low,130.0,cov,7.926096531200272,3.07251418912182,3.326094124934578,0.9806065594970335,0.019455872304952153,0.0005047770758167489,2.0,-0.0017335551892053535,0.0615831852076894,0.0020191884688623043,,,,
bridge_detuned,,,0.0020430245512330835,0.3745233553453795,stay+deck,,,,,,,,,,,,,detuned low,130.0,data,7.926096531200272,3.07251418912182,3.326094124934578,0.9806065594970335,0.019455872304952153,0.0005047770758167489,2.0,-0.0020430245512330835,0.06818870848892908,-0.001338866831327337,,,,
bridge_detuned,,,0.07805452321466419,0.2694541275805501,stay only,,,,,,,,,,,,,detuned low,130.0,cov,7.926096531200272,3.07251418912182,3.326094124934578,0.9806065594970335,0.019455872304952153,0.0005047770758167489,1.0,-0.0019647607478849253,-0.2694541275805501,-0.07805452321466419,,,,
bridge_detuned,,,0.07553133345410763,0.31032543443272603,stay only,,,,,,,,,,,,,detuned low,130.0,data,7.926096531200272,3.07251418912182,3.326094124934578,0.9806065594970335,0.019455872304952153,0.0005047770758167489,1.0,0.0007666722487128701,-0.31032543443272603,-0.07553133345410763,,,,
bridge_detuned,,,0.00045333593295694854,0.041923554795954616,stay+deck,,,,,,,,,,,,,detuned high,175.0,cov,7.622090936168845,3.314313824705549,3.5769427459350163,0.028274203449308782,0.9717500930383542,0.3098089277985865,2.0,6.399506347498982e-05,0.041923554795954616,-0.00045333593295694854,,,,
bridge_detuned,,,0.00020288113325417587,0.07940935268237469,stay+deck,,,,,,,,,,,,,detuned high,175.0,data,7.622090936168845,3.314313824705549,3.5769427459350163,0.028274203449308782,0.9717500930383542,0.3098089277985865,2.0,0.00020288113325417587,0.07940935268237469,-8.373754697610632e-05,,,,
bridge_detuned,,,0.07795317896358561,0.007842460480782762,stay only,,,,,,,,,,,,,detuned high,175.0,cov,7.622090936168845,3.314313824705549,3.5769427459350163,0.028274203449308782,0.9717500930383542,0.3098089277985865,1.0,-0.0011930922057837151,-0.007842460480782762,0.07795317896358561,,,,
bridge_detuned,,,0.07853240972970715,0.0031852303783016715,stay only,,,,,,,,,,,,,detuned high,175.0,data,7.622090936168845,3.314313824705549,3.5769427459350163,0.028274203449308782,0.9717500930383542,0.3098089277985865,1.0,-0.0006563901470121286,-0.0031852303783016715,0.07853240972970715,,,,
decimation,,,0.0011904789532281282,,stay+deck,,,,,,,,,,,,,,,,,,,,,,2.0,,,,decimated 20 Hz,80.0,0.0011904789532281282,-0.0004975286928559198
decimation,,,0.0017688071315078804,,stay+deck,,,,,,,,,,,,,,,,,,,,,,2.0,,,,raw 100 Hz,80.0,0.0017688071315078804,-6.769599571457554e-05
decimation,,,0.0011853653021300886,,stay+deck,,,,,,,,,,,,,,,,,,,,,,2.0,,,,"raw 100 Hz, order to 240",240.0,0.0011853653021300886,-0.0003875781276933524
decimation,,,0.0013168693776980846,,stay only,,,,,,,,,,,,,,,,,,,,,,2.0,,,,decimated 20 Hz,80.0,0.0013168693776980846,-0.00065595215990077
decimation,,,,,stay only,,,,,,,,,,,,,,,,,,,,,,0.0,,,,raw 100 Hz,80.0,,
decimation,,,0.004822967985676661,,stay only,,,,,,,,,,,,,,,,,,,,,,2.0,,,,"raw 100 Hz, order to 240",240.0,0.004822967985676661,-0.0019980146678726897
