T,zeta,u,d,rho,f_lo,f_hi,f0,f_iso,f_sv1,f_pp,f_sv2,f_law,f_branch,n_sv1,n_sv2,sv2_peak_ratio,eps_cp_sv1_pct,eps_ts_sv1_pct,eps_cp_pp_pct,eps_ts_pp_pct,eps_cp_sv2_pct,eps_ts_sv2_pct,eps_cp_law_pct,eps_ts_law_pct,eps_cp_branch_pct,eps_ts_branch_pct
140000.0,0.002,11.31982194368892,-0.03946496160419292,0.20696613209782858,3.1835853326627572,3.33107492084953,3.257330126756144,3.193054922563838,3.18359,3.18359,3.32631,3.183526248224564,3.1835853326627572,2,1,0.00010326331750291941,-0.5919656710452692,-0.4574123490178525,-0.5919656710452692,-0.4574123490178525,8.520719720975167,8.667607479553574,-0.5959469470431689,-0.4613990138549499,-0.5922571473225391,-0.45770421982158693
141250.0,0.002,10.385835178721072,-0.03503025032882209,0.21607527890839368,3.196627989195857,3.33224355675442,3.2644357729751388,3.2072587718202983,3.19663,3.19663,3.32636,3.1965607182457885,3.196627989195857,2,1,0.00010482100387629943,-0.6616965352091997,-0.528427499203543,-0.6616965352091997,-0.528427499203543,7.56487971853288,7.709185261592925,-0.6660024807473186,-0.5327392214580966,-0.6618215104545744,-0.5285526421116418
142500.0,0.002,9.497157239926402,-0.03063422255058978,0.22870463464570917,3.2093699865007124,3.3336501689819658,3.271510077741339,3.221399993842326,3.20936,3.20936,3.32642,3.209292112230378,3.2093699865007124,2,1,0.0001071945947185648,-0.7461038123527164,-0.6141160477192974,-0.7461038123527164,-0.6141160477192974,6.626427704387705,6.768219456491244,-0.7503028142549883,-0.6183206334514666,-0.7454861187022099,-0.613497532660166
143750.0,0.002,8.663938536380462,-0.02627624824770187,0.24674489340026298,3.221743080805816,3.3353638231912286,3.278553451998522,3.2354794097994857,3.22173,3.22173,3.32648,3.2216510301059245,3.221743080805816,2,1,0.00011081498555522041,-0.8481089503712735,-0.7174033722608836,-0.8481089503712735,-0.7174033722608836,5.7042751771378075,5.843618342956528,-0.8529696422171495,-0.7222704716450332,-0.8473037995571864,-0.7165971600681381
145000.0,0.002,7.899698335594285,-0.02195571272106722,0.27339217057099985,3.233656332722451,3.3374762631841564,3.2855662979533036,3.249497823071362,3.2336300000000002,3.23362,3.32655,3.233544621475272,3.233656332722451,2,1,0.00011637095897293897,-0.9742477983290532,-0.8448338397413668,-0.9748602716119215,-0.8454471134482723,4.798631221547578,4.935589592672427,-0.9794769439130824,-0.8500698191480478,-0.972634980371756,-0.8432189140378513
146250.0,0.002,7.222066927042019,-0.017672016016535605,0.3141998477339231,3.244990990585411,3.34010702780531,3.2925490091953606,3.263456019782496,3.24494,3.24493,3.32662,3.244850895777354,3.244990990585411,2,1,0.00012498303297202345,-1.131530014569193,-1.0034259490598127,-1.1321393837263605,-1.004036107777765,3.908448418307442,4.043082793504298,-1.1369596848922026,-1.0088626546170323,-1.128422776362692,-1.0003146847988416
147500.0,0.002,6.6530256905603276,-0.013424572360344765,0.37893769677871214,3.255598628041319,3.3434053135523825,3.2995019707968507,3.2773547693168195,3.25551,3.2555,3.3267,3.2554159211183604,3.255598628041319,2,1,0.00013849421425254026,-1.3286305058225478,-1.201865287203385,-1.329236685609736,-1.2024722457627008,3.033953627092556,3.1663235508474736,-1.3343333038245309,-1.2075754117119222,-1.3232579717187276,-1.1964858508900882
148750.0,0.002,6.217745634145859,-0.00921280977873607,0.4843858081156664,3.26530853350034,3.347542585853579,3.3064255596769594,3.291194824812532,3.26516,3.26515,3.3267800000000003,3.265060079334423,3.26530853350034,2,1,0.00015992120345544465,-1.5758320386196623,-1.450446990252093,-1.5764349127038724,-1.4510506323529133,2.1741376459369244,2.3042998759663944,-1.5818559136468346,-1.4564785392467174,-1.5668771214308763,-1.4414806651667607
150000.0,0.002,5.940909183439935,-0.005036169828784746,0.6565576227083986,3.273951876956742,3.3526884132678387,3.3133201451122902,3.3049769236383306,3.27373,3.27371,3.32687,3.27360238277689,3.273951876956742,2,1,0.00019406984599154844,-1.8819624006950142,-1.7580089650833397,-1.8831612501772566,-1.7592093290833484,1.3292431232989177,1.4572533049166667,-1.8896119670529954,-1.765668195210106,-1.8686620556335298,-1.7446918175713897
151250.0,0.002,5.840362171816186,-0.0008941068797919477,0.9263280656782047,3.2814039099948706,3.3589682669326875,3.320186088463779,3.3187017878518366,3.28107,3.28105,3.32696,3.2809081718807263,3.2814039099948706,2,1,0.0002481727566650972,-2.2550039739992145,-2.1325423190908985,-2.256195593783261,-2.1337354318181836,0.49829647180250625,0.6242076509090887,-2.2646456450347907,-2.142196069875182,-2.2351082132349043,-2.112621631548867
152500.0,0.002,5.920572550512825,0.0032139121894773815,1.3107411517863836,3.287627972656937,3.3664195144610156,3.3270237435589762,3.3323701246410287,3.36693,3.3669700000000002,3.32705,3.3668267045999376,3.3664195144610156,2,1,0.0003235077450446684,2.0849475653783367,2.2117982572950727,2.0873731709945,2.2142268769672238,-0.3190448633319076,-0.19518137090165763,2.0786838511084094,2.2055267597377286,2.053994181217167,2.1808064104781533
153750.0,0.002,6.170292118381394,0.007288408175132924,1.790225021930778,3.292692004626946,3.3749749098476967,3.333833457237321,3.3459826267494512,3.37534,3.37536,3.32715,3.3752650412999743,3.3749749098476967,2,1,0.0002414576598962032,1.76248152577414,1.887903472845541,1.7636874817135828,1.8891109151219594,-1.1225179440533695,-1.0006517499999892,1.7579617448771678,1.883378121332432,1.7404686496791166,1.8658634659480986
155000.0,0.002,6.566378924706719,0.011329890126346881,2.311704130856136,3.296744073870752,3.3844870645475607,3.3406155692091564,3.359539972885908,3.38475,3.38477,3.3272500000000003,3.384700488813791,3.3844870645475607,2,1,0.0001918367813531992,1.506433350218872,1.630530796370961,1.5076329275376388,1.6317318402419445,-1.9130474284081656,-1.7931304939515933,1.5034637559115938,1.6275575715640838,1.4906634391051776,1.6147416056350115
156250.0,0.002,7.080861947784555,0.015338855671421863,2.8183303452282074,3.2999658767475637,3.3947749478580227,3.3473704123027934,3.3730428281193436,3.39497,3.39498,3.32736,3.394938666603258,3.3947749478580227,2,1,0.00016059956226384414,1.3043678417359983,1.4272274479199947,1.3049646335606013,1.4278249635200015,-2.6903586813002645,-2.572343787520006,1.3024979016179605,1.4253552399815992,1.2927276409028021,1.4155731301190704
157500.0,0.002,7.686913629052962,0.01931579126966447,3.2730326620137062,3.3025329847377285,3.405663640873281,3.3540983128055046,3.386491844259547,3.4058100000000002,3.4058200000000003,3.32747,3.4057943880182653,3.405663640873281,2,1,0.0001399999432326789,1.144148965537961,1.265840727857144,1.1447429170352574,1.2664353939682793,-3.4553462762979548,-3.3391884048412637,1.143221693031804,1.2649123397014392,1.1354561428379428,1.2571374463720528
158750.0,0.002,8.361882394962189,0.02326117267608835,3.661505806598763,3.3045943685667205,3.4170048122793384,3.3607995904230297,3.399887660224308,3.41712,3.41712,3.32758,3.417112859877833,3.4170048122793384,2,1,0.00012575127343904984,1.0162695113795417,1.136850423937018,1.0162695113795417,1.136850423937018,-4.20830097635283,-4.093956519370059,1.015847361878408,1.1364277705252648,1.0094593099709837,1.1300320933399333
160000.0,0.002,9.08794987451792,0.027175465152474224,3.984460450073925,3.306267678648449,3.428681438618755,3.367474558633602,3.4132309023935976,3.42877,3.42877,3.3277,3.4287732322861797,3.428681438618755,2,1,0.00011543225945853264,0.9125939469730282,1.032110032734381,0.9125939469730282,1.032110032734381,-4.948933197831162,-4.83635922656249,0.9127842067667924,1.0323005178628046,0.907381090299042,1.0268910022004274
161250.0,0.002,9.851602103728007,0.03105912381113478,4.249557141356858,3.3076424799657524,3.4406045696262257,3.374123524795989,3.4265221849513394,3.44068,3.44068,3.32782,3.4406842937372843,3.4406045696262257,2,1,0.00010763455435886656,0.8280736642968467,0.946563942945732,0.8280736642968467,0.946563942945732,-5.678095982183273,-5.5672515686821775,0.828325317766132,0.9468158921510046,0.8236527847524489,0.9421378681097042
162500.0,0.002,10.642749704906258,0.034912593808268576,4.466379167505685,3.3087859066693786,3.4527076742964784,3.3807467904829283,3.4397621102152973,3.45277,3.45277,3.32794,3.4527781461667786,3.4527076742964784,2,1,0.00010151124176756679,0.7577550334343153,0.8752518476153939,0.7577550334343153,0.8752518476153939,-6.3960537004360996,-6.286899169538457,0.7582304722530075,0.8757278408583504,0.7541175242520737,0.8716100966182824
163750.0,0.002,11.453886350691779,0.03873631091106548,4.6440432177330555,3.3097481298399827,3.464941172500493,3.387344651170238,3.4529512689555704,3.4649900000000002,3.4649900000000002,3.32807,3.46500435615924,3.464941172500493,2,1,9.653614638763704e-05,0.6985165240770197,0.8150478634351281,0.6985165240770197,0.8150478634351281,-7.102504394911779,-6.995000630610689,0.6993509547295051,0.8158832597157222,0.6956785233193985,0.8122065784580266
165000.0,0.002,12.279408092286893,0.04253070141537868,4.790341696060701,3.3105668034843134,3.477267990480551,3.393917396982432,3.4660902407021914,3.47731,3.47731,3.32821,3.477325298988988,3.477267990480551,2,1,9.237167335561534e-05,0.6484492750381321,0.7640403008333471,0.6484492750381321,0.7640403008333471,-7.797709223947336,-7.691818299166678,0.6493349153200878,0.7649269582404558,0.646017413946165,0.7616056468387339
140000.0,0.005,4.527928777475568,-0.03946496160419292,0.20696613209782858,3.1835853326627572,3.33107492084953,3.257330126756144,3.193054922563838,3.18362,3.18361,3.32653,3.1832309598337685,3.1835853326627572,2,1,0.00018680755566808572,-0.5900921539898962,-0.45553629607143065,-0.5907166616366588,-0.456161649017865,8.535075176637807,8.681982365982154,-0.6143865635323764,-0.4798635892086064,-0.5922571473225391,-0.45770421982158693
141250.0,0.005,4.154334071488429,-0.03503025032882209,0.21607527890839368,3.196627989195857,3.33224355675442,3.2644357729751388,3.2072587718202983,3.19663,3.19663,3.32659,3.196227804953077,3.196627989195857,2,1,0.00019030680111416207,-0.6616965352091997,-0.528427499203543,-0.6616965352091997,-0.528427499203543,7.579755304850555,7.724080804513265,-0.6866921463292819,-0.5534566436222944,-0.6618215104545744,-0.5285526421116418
142500.0,0.005,3.798862895970561,-0.03063422255058978,0.22870463464570917,3.2093699865007124,3.3336501689819658,3.271510077741339,3.221399993842326,3.20934,3.20933,3.3266400000000003,3.208911524482189,3.2093699865007124,2,1,0.00019535689919285894,-0.7473408638137613,-0.6153547442105206,-0.747959386653374,-0.6159740895613938,6.640532110813613,6.782342618947375,-0.7738413253592813,-0.6418904460520533,-0.7454861187022099,-0.613497532660166
143750.0,0.005,3.465575414552185,-0.02627624824770187,0.24674489340026298,3.221743080805816,3.3353638231912286,3.278553451998522,3.2354794097994857,3.22166,3.22165,3.32669,3.221208339783952,3.221743080805816,2,1,0.00020272124102038385,-0.8524175404594048,-0.721717642086963,-0.8530330456870461,-0.7223339586956629,5.717621776823711,5.856982536608697,-0.880215557307662,-0.7495523032778064,-0.8473037995571864,-0.7165971600681381
145000.0,0.005,3.159879334237714,-0.02195571272106722,0.27339217057099985,3.233656332722451,3.3374762631841564,3.2855662979533036,3.249497823071362,3.23349,3.23347,3.32675,3.233018409946829,3.233656332722451,2,1,0.0002136049487117568,-0.9828222519281837,-0.8534194990517251,-0.9840471435656917,-0.8546459914655183,4.811233080120769,4.948207920258624,-1.0117025706878002,-0.8823375606841953,-0.972634980371756,-0.8432189140378513
146250.0,0.005,2.8888267708168076,-0.017672016016535605,0.3141998477339231,3.244990990585411,3.34010702780531,3.2925490091953606,3.263456019782496,3.24469,3.24467,3.32681,3.2442084062180947,3.244990990585411,2,1,0.00022993238072401524,-1.1467636801257952,-1.0186793529059794,-1.147982322666774,-1.0198995744444341,3.9203182254986313,4.054967980427353,-1.1761061263291128,-1.0480598181729508,-1.128422776362692,-1.0003146847988416
147500.0,0.005,2.661210276224131,-0.013424572360344765,0.37893769677871214,3.255598628041319,3.3434053135523825,3.2995019707968507,3.2773547693168195,3.25511,3.25507,3.32687,3.2546063271199586,3.255598628041319,2,1,0.00025477849332485985,-1.3528762449385723,-1.226142175338977,-1.355300654992908,-1.228569700084745,3.0444843149570744,3.1768677677118644,-1.3834018105306711,-1.2567069577780292,-1.3232579717187276,-1.1964858508900882
148750.0,0.005,2.4870982536583437,-0.00921280977873607,0.4843858081156664,3.26530853350034,3.347542585853579,3.3064255596769594,3.291194824812532,3.26454,3.26449,3.32693,3.2640064444733707,3.26530853350034,2,1,0.0002929712803471062,-1.6132067403232253,-1.4878693045377966,-1.6162205199004243,-1.4908869234453925,2.183351640348241,2.3135256083193236,-1.6453647334381816,-1.5200682645372678,-1.5668771214308763,-1.4414806651667607
150000.0,0.005,2.3763636733759737,-0.005036169828784746,0.6565576227083986,3.273951876956742,3.3526884132678387,3.3133201451122902,3.3049769236383306,3.2728,3.27273,3.32699,3.2722001652253243,3.273951876956742,2,1,0.00035176785342818203,-1.9377011536565014,-1.8138181333333099,-1.9418959028072669,-1.818018181749988,1.3365531344933013,1.4645725509166756,-1.9736433356389416,-1.8498057214108024,-1.8686620556335298,-1.7446918175713897
151250.0,0.005,2.3361448687264743,-0.0008941068797919477,0.9263280656782047,3.2814039099948706,3.3589682669326875,3.320186088463779,3.3187017878518366,3.27977,3.27966,3.32706,3.2790487942659423,3.2814039099948706,2,1,0.0004412765806583823,-2.3324441516175964,-2.2100795190908933,-2.3389953737958047,-2.2166389490909153,0.5043380116366958,0.6302567599999934,-2.3753926856767027,-2.2530818620279107,-2.2351082132349043,-2.112621631548867
152500.0,0.005,2.3682290202051295,0.0032139121894773815,1.3107411517863836,3.287627972656937,3.3664195144610156,3.3270237435589762,3.3323701246410287,3.3688700000000003,3.36903,3.32712,3.3684210769098564,3.3664195144610156,2,1,0.000556141947382359,2.2026226309401986,2.329619545819673,2.2123308167348865,2.3393397949999923,-0.31485031244541384,-0.19098160786886287,2.175386162807702,2.3023492336689615,2.053994181217167,2.1808064104781533
153750.0,0.005,2.4681168473525577,0.007288408175132924,1.790225021930778,3.292692004626946,3.3749749098476967,3.333833457237321,3.3459826267494512,3.37685,3.37695,3.32719,3.376473741096867,3.3749749098476967,2,1,0.0004365402751016811,1.853551295488498,1.9790854857723623,1.8595838441305856,1.9851254695122003,-1.120140459986274,-0.9982713356910546,1.8308548947357117,1.9563611117751163,1.7404686496791166,1.8658634659480986
155000.0,0.005,2.6265515698826873,0.011329890126346881,2.311704130856136,3.296744073870752,3.3844870645475607,3.3406155692091564,3.359539972885908,3.38591,3.38597,3.32726,3.3856332520597476,3.3844870645475607,2,1,0.0003591608736935619,1.5760205513516645,1.7002030718548509,1.5796205379032369,1.703807459596766,-1.9124578297908923,-1.7925401745161282,1.559416562681104,1.6835787838542713,1.4906634391051776,1.6147416056350115
156250.0,0.005,2.8323447791138223,0.015338855671421863,2.8183303452282074,3.2999658767475637,3.3947749478580227,3.3473704123027934,3.3730428281193436,3.3958500000000003,3.3959,3.32733,3.3956809046497143,3.3947749478580227,2,1,0.00030823870871482436,1.356892251420616,1.4798155580000207,1.3598770015842865,1.4828039280000143,-2.6921133913882733,-2.574100625679996,1.3467984295592483,1.4697094945837743,1.2927276409028021,1.4155731301190704
157500.0,0.005,3.074765451621185,0.01931579126966447,3.2730326620137062,3.3025329847377285,3.405663640873281,3.3540983128055046,3.386491844259547,3.4065,3.40653,3.3274,3.406404032980091,3.405663640873281,2,1,0.00027379129513639905,1.1851357101206217,1.3068767857142827,1.1869179308385824,1.3086611507143011,-3.4594082541221094,-3.343255269841276,1.179434668492374,1.3011688848677099,1.1354561428379428,1.2571374463720528
158750.0,0.005,3.3447529579848756,0.02326117267608835,3.661505806598763,3.3045943685667205,3.4170048122793384,3.3607995904230297,3.399887660224308,3.41766,3.41768,3.32747,3.4176276755089563,3.4170048122793384,2,1,0.00024971493591654283,1.0481987943129933,1.168817820157489,1.0493814572397175,1.170001894803131,-4.214634054884425,-4.100297157559049,1.0462873600858735,1.1669041042931296,1.0094593099709837,1.1300320933399333
160000.0,0.005,3.635179949807168,0.027175465152474224,3.984460450073925,3.306267678648449,3.428681438618755,3.367474558633602,3.4132309023935976,3.42921,3.42923,3.32755,3.42921799095269,3.428681438618755,2,1,0.00023230662255087838,0.9384950078610954,1.0580417696093718,0.9396724077795238,1.0592205639843815,-4.957502082454135,-4.844938259765622,0.9389654343896492,1.0585127532887963,0.907381090299042,1.0268910022004274
161250.0,0.005,3.940640841491203,0.03105912381113478,4.249557141356858,3.3076424799657524,3.4406045696262257,3.374123524795989,3.4265221849513394,3.44104,3.44105,3.32763,3.4410756595016996,3.4406045696262257,2,1,0.00021929761244255335,0.8491741476101877,0.9676892229457487,0.8497603036600632,0.9682760678294707,-5.688866186199171,-5.578034429534865,0.851264358668935,0.969781890360949,0.8236527847524489,0.9421378681097042
162500.0,0.005,4.257099881962503,0.034912593808268576,4.466379167505685,3.3087859066693786,3.4527076742964784,3.3807467904829283,3.4397621102152973,3.45308,3.45309,3.3277,3.453127679670967,3.4527076742964784,2,1,0.00020927062061576156,0.7758485098267931,0.8933664233846088,0.7764321974010002,0.8939507916153838,-6.40955402620107,-6.300415238461529,0.778631528159135,0.896152687082891,0.7541175242520737,0.8716100966182824
163750.0,0.005,4.581554540276712,0.03873631091106548,4.6440432177330555,3.3097481298399827,3.464941172500493,3.387344651170238,3.4529512689555704,3.4652600000000002,3.4652700000000003,3.32778,3.465320327351237,3.464941172500493,2,1,0.00020131861777334282,0.7142104561002949,0.8307599569465752,0.7147917363261813,0.8313419098473502,-7.118693417360323,-7.011208387480903,0.7177171912002622,0.8342707501454385,0.6956785233193985,0.8122065784580266
165000.0,0.005,4.911763236914758,0.04253070141537868,4.790341696060701,3.3105668034843134,3.477267990480551,3.393917396982432,3.4660902407021914,3.47755,3.47755,3.32787,3.4776137932367304,3.477267990480551,2,1,0.00019484627706939012,0.6623430385639617,0.777950020833329,0.6623430385639617,0.777950020833329,-7.816546483384101,-7.710677192500002,0.6660362338186454,0.7816474575863332,0.646017413946165,0.7616056468387339
140000.0,0.01,2.263964388737784,-0.03946496160419292,0.20696613209782858,3.1835853326627572,3.33107492084953,3.257330126756144,3.193054922563838,3.18373,3.18371,3.32683,3.18235485205113,3.1835853326627572,1,1,0.00021032373069278693,-0.5832224404079156,-0.44865728401784766,-0.5844714968956666,-0.4499080311607187,8.55465232806778,8.701586015982155,-0.6690860359898965,-0.5346370999044198,-0.5922571473225391,-0.45770421982158693
141250.0,0.01,2.0771670357442145,-0.03503025032882209,0.21607527890839368,3.196627989195857,3.33224355675442,3.2644357729751388,3.2072587718202983,3.1966900000000003,3.19667,3.32688,3.1952752612048405,3.196627989195857,1,1,0.00021449945627916565,-0.6579673866091817,-0.524693347699116,-0.6592104439197111,-0.5259380726548596,7.5985129449012145,7.742863609203533,-0.7458782743778092,-0.6127221738546262,-0.6618215104545744,-0.5285526421116418
142500.0,0.01,1.8994314479852805,-0.03063422255058978,0.22870463464570917,3.2093699865007124,3.3336501689819658,3.271510077741339,3.221399993842326,3.20932,3.20929,3.32693,3.20787148007513,3.2093699865007124,1,1,0.0002202698072670098,-0.7485779075657506,-0.6165934329824686,-0.7504334587392414,-0.6184514516666573,6.659125708130498,6.800960942017539,-0.8381515355333269,-0.706286175900482,-0.7454861187022099,-0.613497532660166
143750.0,0.01,1.7327877072760924,-0.02627624824770187,0.24674489340026298,3.221743080805816,3.3353638231912286,3.278553451998522,3.2354794097994857,3.22152,3.22149,3.32699,3.2200673633020007,3.221743080805816,1,1,0.0002283423301876108,-0.8610344397884995,-0.7303459005217351,-0.862880869497773,-0.7321947642608505,5.736689809355133,5.876075705304357,-0.9504210837790628,-0.8198503771915667,-0.8473037995571864,-0.7165971600681381
145000.0,0.01,1.579939667118857,-0.02195571272106722,0.27339217057099985,3.233656332722451,3.3374762631841564,3.2855662979533036,3.249497823071362,3.2332,3.23315,3.32704,3.2317598194126766,3.233656332722451,2,1,0.00023977552168888107,-1.000582439141151,-0.8712028965517148,-1.0036443793882577,-0.8742688383620457,4.829507120793175,4.966505842758644,-1.0887584164531172,-0.9594941085579018,-0.972634980371756,-0.8432189140378513
146250.0,0.01,1.4444133854084038,-0.017672016016535605,0.3141998477339231,3.244990990585411,3.34010702780531,3.2925490091953606,3.263456019782496,3.24421,3.24414,3.3271,3.2428111619011992,3.244990990585411,2,1,0.00025614635583885313,-1.176009027898428,-1.047962593931633,-1.1802736129511882,-1.0522327046154034,3.9384366066570253,4.073109837606844,-1.2612124893020438,-1.1332764536230109,-1.128422776362692,-1.0003146847988416
147500.0,0.01,1.3306051381120656,-0.013424572360344765,0.37893769677871214,3.255598628041319,3.3434053135523825,3.2995019707968507,3.2773547693168195,3.25437,3.25428,3.32715,3.253044945478677,3.255598628041319,2,1,0.00027976316688581976,-1.3977230083255798,-1.271046554322011,-1.4031766489507436,-1.2765072013559293,3.061830150391298,3.1942358877118755,-1.4780007852334354,-1.3514274658067191,-1.3232579717187276,-1.1964858508900882
148750.0,0.01,1.2435491268291718,-0.00921280977873607,0.4843858081156664,3.26530853350034,3.347542585853579,3.3064255596769594,3.291194824812532,3.2635300000000003,3.2634,3.32721,3.262256925616707,3.26530853350034,2,1,0.00031388565748426177,-1.6740761364965495,-1.5488162437814852,-1.6819094430785442,-1.556659529411778,2.200552208107953,2.330748088319332,-1.750773332363209,-1.6256111461547313,-1.5668771214308763,-1.4414806651667607
150000.0,0.01,1.1881818366879868,-0.005036169828784746,0.6565576227083986,3.273951876956742,3.3526884132678387,3.3133201451122902,3.3049769236383306,3.27152,3.27134,3.32726,3.2702623892889013,3.273951876956742,2,1,0.0003628562996769605,-2.0143909587076902,-1.8906048213333124,-2.025173056582519,-1.9014005403333383,1.3530016237128573,1.4810418196666675,-2.0897101169988885,-1.9660191310224278,-1.8686620556335298,-1.7446918175713897
151250.0,0.01,1.1680724343632372,-0.0008941068797919477,0.9263280656782047,3.2814039099948706,3.3589682669326875,3.320186088463779,3.3187017878518366,3.27826,3.27803,3.3273200000000003,3.276983889589681,3.2814039099948706,2,1,0.00043200288999212927,-2.422355371020568,-2.3001033854545363,-2.4360468237903166,-2.3138119918181683,0.5200468650499834,0.6459852945454773,-2.498307621631557,-2.3761507942698596,-2.2351082132349043,-2.112621631548867
152500.0,0.01,1.1841145101025647,0.0032139121894773815,1.3107411517863836,3.287627972656937,3.3664195144610156,3.3270237435589762,3.3323701246410287,3.37116,3.37147,3.3273800000000002,3.3704641243773783,3.3664195144610156,2,1,0.000506747111991848,2.3416149648089135,2.4687845914754214,2.360437779116187,2.487630794999995,-0.29926977936343135,-0.17538171442620623,2.299368566112081,2.4264856974300395,2.053994181217167,2.1808064104781533
153750.0,0.01,1.2340584236762788,0.007288408175132924,1.790225021930778,3.292692004626946,3.3749749098476967,3.333833457237321,3.3459826267494512,3.37915,3.3793800000000003,3.32743,3.3783734997657406,3.3749749098476967,2,1,0.0004305232024139259,1.9923451105849255,2.1180503638211556,2.006229689672301,2.1319520556097813,-1.1058749553478076,-0.9839882488617658,1.9454765309363076,2.0711240187915596,1.7404686496791166,1.8658634659480986
155000.0,0.01,1.3132757849413437,0.011329890126346881,2.311704130856136,3.296744073870752,3.3844870645475607,3.3406155692091564,3.359539972885908,3.3880500000000002,3.38823,3.32749,3.3873549649502612,3.3844870645475607,2,1,0.00037538309790693155,1.7044595099268367,1.828799054435503,1.7152664868090195,1.8396192434677412,-1.8988965725134088,-1.778962337822567,1.6627358556242644,1.7870243905685774,1.4906634391051776,1.6147416056350115
156250.0,0.01,1.4161723895569112,0.015338855671421863,2.8183303452282074,3.2999658767475637,3.3947749478580227,3.3473704123027934,3.3730428281193436,3.39777,3.3979,3.32755,3.3972347539112193,3.3947749478580227,2,1,0.0003355610217602964,1.47153821495416,1.5946005615199916,1.479303044427649,1.6023748080000095,-2.679245150015286,-2.5612167779999973,1.4395713860722026,1.562594964003563,1.2927276409028021,1.4155731301190704
157500.0,0.01,1.5373827258105925,0.01931579126966447,3.2730326620137062,3.3025329847377285,3.405663640873281,3.3540983128055046,3.386491844259547,3.40816,3.4082600000000003,3.32761,3.4078123012300514,3.405663640873281,2,1,0.0003065967735350428,1.2837755168589426,1.4056352711111189,1.289719208552853,1.4115861139682653,-3.4472220642913554,-3.3310544181746127,1.2631107312906398,1.3849456226693961,1.1354561428379428,1.2571374463720528
158750.0,0.01,1.6723764789924378,0.02326117267608835,3.661505806598763,3.3045943685667205,3.4170048122793384,3.3607995904230297,3.399887660224308,3.4191000000000003,3.4191700000000003,3.32767,3.4189119831587567,3.4170048122793384,2,1,0.00028524362989736936,1.1333682147919966,1.2540889055118163,1.1375093093744848,1.258234943228363,-4.203119210925566,-4.088768568582682,1.122245841288283,1.242953255473999,1.0094593099709837,1.1300320933399333
160000.0,0.01,1.817589974903584,0.027175465152474224,3.984460450073925,3.306267678648449,3.428681438618755,3.367474558633602,3.4132309023935976,3.43045,3.4305,3.32773,3.4303964846130843,3.428681438618755,2,1,0.0002692253950008922,1.0115067880496431,1.1311400214843708,1.0144513650855114,1.134088085937492,-4.9472193745552335,-4.834643373515628,1.0083552320123035,1.1279847328936556,0.907381090299042,1.0268910022004274
161250.0,0.01,1.9703204207456015,0.03105912381113478,4.249557141356858,3.3076424799657524,3.4406045696262257,3.374123524795989,3.4265221849513394,3.44212,3.44216,3.3277900000000002,3.4421631523790017,3.4406045696262257,2,1,0.0002569757544746048,0.9124888433795109,1.0310783243410888,0.9148342136787724,1.0334264508527053,-5.679796581594287,-5.568954166589132,0.9150190522394741,1.0336115066304103,0.8236527847524489,0.9421378681097042
162500.0,0.01,2.1285499409812516,0.034912593808268576,4.466379167505685,3.3087859066693786,3.4527076742964784,3.3807467904829283,3.4397621102152973,3.45402,3.45406,3.32785,3.4541363071270093,3.4527076742964784,2,1,0.00024742201133890146,0.8307225302601973,0.9483044341538424,0.8330579262654902,0.9506425535384602,-6.4011164366956645,-6.29196780961537,0.837513185264438,0.9551030079562647,0.7541175242520737,0.8716100966182824
163750.0,0.01,2.290777270138356,0.03873631091106548,4.6440432177330555,3.3097481298399827,3.464941172500493,3.387344651170238,3.4529512689555704,3.4661,3.46613,3.32791,3.4662601311869374,3.464941172500493,2,1,0.00023982619610723703,0.7630438426580177,0.8796498549618325,0.7647881110849131,0.8813961419084052,-7.11143644382074,-7.003943015954187,0.7723544098830804,0.8889711966541354,0.6956785233193985,0.8122065784580266
165000.0,0.01,2.455881618457379,0.04253070141537868,4.790341696060701,3.3105668034843134,3.477267990480551,3.393917396982432,3.4660902407021914,3.4783,3.47832,3.32797,3.4784931631018656,3.477267990480551,2,1,0.0002336754045130458,0.7057672299843443,0.821424083333325,0.7069253366082995,0.8225835199999997,-7.811006312732083,-7.70513065916666,0.7169526817929928,0.8326223812201836,0.646017413946165,0.7616056468387339
140000.0,0.02,1.131982194368892,-0.03946496160419292,0.20696613209782858,3.1835853326627572,3.33107492084953,3.257330126756144,3.193054922563838,3.1844200000000003,3.18437,3.32785,3.180653339344645,3.1835853326627572,1,1,0.0002157824404975345,-0.5401251865660983,-0.4055016960714004,-0.5432484898358236,-0.4086292268750133,8.621227848626534,8.768251649553589,-0.7752763491328918,-0.6409711464940795,-0.5922571473225391,-0.45770421982158693
141250.0,0.02,1.0385835178721072,-0.03503025032882209,0.21607527890839368,3.196627989195857,3.33224355675442,3.2644357729751388,3.2072587718202983,3.19731,3.19726,3.32791,3.193697984052416,3.196627989195857,1,1,0.00021935661306074513,-0.6194287525037034,-0.48610301141594164,-0.6225369839289785,-0.4892154127433566,7.665148125152044,7.809588185044261,-0.8438433050243388,-0.7108186311990154,-0.6618215104545744,-0.5285526421116418
142500.0,0.02,0.9497157239926403,-0.03063422255058978,0.22870463464570917,3.2093699865007124,3.3336501689819658,3.271510077741339,3.221399993842326,3.20988,3.20981,3.32796,3.206495670859985,3.2093699865007124,1,1,0.00022401716482168217,-0.7139377684907022,-0.5819072294736837,-0.7182681164004556,-0.586243335877202,6.725178138056975,6.867101208421059,-0.9231914318093781,-0.7914391581736007,-0.7454861187022099,-0.613497532660166
143750.0,0.02,0.8663938536380462,-0.02627624824770187,0.24674489340026298,3.221743080805816,3.3353638231912286,3.278553451998522,3.2354794097994857,3.22208,3.22199,3.32801,3.2190004268873422,3.221743080805816,1,1,0.00023011123011820403,-0.8265645956947232,-0.6958306170434732,-0.8321047961429628,-0.7013781207826029,5.801533981616025,5.941005357478259,-1.0160483410708299,-0.8855641466871349,-0.8473037995571864,-0.7165971600681381
145000.0,0.02,0.7899698335594285,-0.02195571272106722,0.27339217057099985,3.233656332722451,3.3374762631841564,3.2855662979533036,3.249497823071362,3.23384,3.23372,3.32806,3.231153294550541,3.233656332722451,1,1,0.00023808615577666775,-0.9613854218573303,-0.831954653793123,-0.9687354535498627,-0.839314291034484,4.893793987137762,5.030876723793094,-1.125881532628592,-0.9966657398853869,-0.972634980371756,-0.8432189140378513
146250.0,0.02,0.7222066927042019,-0.017672016016535605,0.3141998477339231,3.244990990585411,3.34010702780531,3.2925490091953606,3.263456019782496,3.24512,3.24497,3.32812,3.242887079170468,3.244990990585411,1,1,0.000248502576556277,-1.1205610486178186,-0.9924427705982891,-1.1297018958302596,-1.0015954616239382,4.0021758729013035,4.136931690940171,-1.2565892988117944,-1.1286472728560304,-1.128422776362692,-1.0003146847988416
147500.0,0.02,0.6653025690560328,-0.013424572360344765,0.37893769677871214,3.255598628041319,3.3434053135523825,3.2995019707968507,3.2773547693168195,3.25592,3.2557300000000002,3.32817,3.2541514851788236,3.255598628041319,1,1,0.00026203642954433114,-1.3037755313533683,-1.176978381016939,-1.315294079414775,-1.188511727203386,3.125030896058645,3.257517828728818,-1.4109638724983053,-1.2843044293161197,-1.3232579717187276,-1.1964858508900882
148750.0,0.02,0.6217745634145859,-0.00921280977873607,0.4843858081156664,3.26530853350034,3.347542585853579,3.3064255596769594,3.291194824812532,3.26627,3.26603,3.32823,3.2649906880801027,3.26530853350034,1,1,0.000279460618779539,-1.5089015381268611,-1.383431225294118,-1.5233749253212192,-1.3979230505041973,2.2632236607806,2.393499379747903,-1.5860391664685558,-1.4606671212205053,-1.5668771214308763,-1.4414806651667607
150000.0,0.02,0.5940909183439934,-0.005036169828784746,0.6565576227083986,3.273951876956742,3.3526884132678387,3.3133201451122902,3.3049769236383306,3.27632,3.27601,3.32828,3.275738952824051,3.273951876956742,1,1,0.00030159163739478835,-1.7266495051801667,-1.6024998613333252,-1.7452455503721764,-1.6211193990833515,1.4151524070463717,1.5432711186666663,-1.7615034812118235,-1.637397868719243,-1.8686620556335298,-1.7446918175713897
151250.0,0.02,0.5840362171816186,-0.0008941068797919477,0.9263280656782047,3.2814039099948706,3.3589682669326875,3.320186088463779,3.3187017878518366,3.2865,3.28608,3.3283300000000002,3.2876067400231324,3.2814039099948706,1,1,0.00032916123083465365,-1.9312105074551722,-1.8083431818181541,-1.956274411127057,-1.8334384872727212,0.5810813650116708,0.7070962627272869,-1.86514939113398,-1.7421992995861093,-2.2351082132349043,-2.112621631548867
152500.0,0.02,0.5920572550512824,0.0032139121894773815,1.3107411517863836,3.287627972656937,3.3664195144610156,3.3270237435589762,3.3323701246410287,3.36132,3.36188,3.32839,3.363327567041853,3.3664195144610156,2,1,0.00035070952028639485,1.7450418111540689,1.871470136393461,1.7789463305997621,1.9054167855737854,-0.2387338498780589,-0.114770563032772,1.8666136878689121,1.9931930782462157,2.053994181217167,2.1808064104781533
153750.0,0.02,0.6170292118381394,0.007288408175132924,1.790225021930778,3.292692004626946,3.3749749098476967,3.333833457237321,3.3459826267494512,3.37496,3.37534,3.32844,3.3747628660075564,3.3749749098476967,1,1,0.000330423700307625,1.739569720601497,1.8649634289431076,1.76248152577414,1.887903472845541,-1.0458296799091382,-0.923868967804876,1.7276846957029246,1.8530637557877083,1.7404686496791166,1.8658634659480986
155000.0,0.02,0.6566378924706718,0.011329890126346881,2.311704130856136,3.296744073870752,3.3844870645475607,3.3406155692091564,3.359539972885908,3.38682,3.38711,3.3285,3.385740921625858,3.3844870645475607,1,1,0.0003122236446903817,1.6306272006986644,1.754876480967749,1.6480324030485827,1.7723029621774067,-1.8393338680349758,-1.7193268145161358,1.5658762299730178,1.6900463484605257,1.4906634391051776,1.6147416056350115
156250.0,0.02,0.7080861947784556,0.015338855671421863,2.8183303452282074,3.2999658767475637,3.3947749478580227,3.3473704123027934,3.3730428281193436,3.3982200000000002,3.39846,3.32855,3.3968498165072813,3.3947749478580227,1,1,0.00029668056772899176,1.4984177364889995,1.621512681920007,1.5127549368223248,1.63586727008,-2.6207424207790875,-2.5026430980000085,1.416584647824659,1.5395803479688428,1.2927276409028021,1.4155731301190704
157500.0,0.02,0.7686913629052963,0.01931579126966447,3.2730326620137062,3.3025329847377285,3.405663640873281,3.3540983128055046,3.386491844259547,3.40958,3.40977,3.3286100000000003,3.408228028578363,3.405663640873281,1,1,0.0002836699598366594,1.368192283057823,1.490153603492072,1.3794901515152391,1.5014650649999985,-3.3891820381089954,-3.2729445610317356,1.2878189068555423,1.4096835259196074,1.1354561428379428,1.2571374463720528
158750.0,0.02,0.8361882394962189,0.02326117267608835,3.661505806598763,3.3045943685667205,3.4170048122793384,3.3607995904230297,3.399887660224308,3.42104,3.42119,3.32866,3.419867213622013,3.4170048122793384,1,1,0.0002728738691016676,1.248167077647122,1.3690248012598458,1.2570459905002718,1.377914312677183,-4.146110541479164,-4.031691849133858,1.1787600448439628,1.299534918798966,1.0094593099709837,1.1300320933399333
160000.0,0.02,0.908794987451792,0.027175465152474224,3.984460450073925,3.306267678648449,3.428681438618755,3.367474558633602,3.4132309023935976,3.43264,3.43277,3.32872,3.4317200475080467,3.428681438618755,1,1,0.00026393760222311795,1.1405194900454996,1.26030552000002,1.1481803671007818,1.267975470234378,-4.890654538745897,-4.77801154499999,1.0863151430032358,1.2060369759022977,0.907381090299042,1.0268910022004274
161250.0,0.02,0.9851602103728008,0.03105912381113478,4.249557141356858,3.3076424799657524,3.4406045696262257,3.374123524795989,3.4265221849513394,3.44441,3.44451,3.32877,3.4437372260668324,3.4406045696262257,1,1,0.00025652979654738363,1.0468051774887632,1.1655525031782932,1.052672555181977,1.1714267760465218,-5.624235738059912,-5.513328029534891,1.0073354178791405,1.1260363598320229,0.8236527847524489,0.9421378681097042
162500.0,0.02,1.0642749704906258,0.034912593808268576,4.466379167505685,3.3087859066693786,3.4527076742964784,3.3807467904829283,3.4397621102152973,3.45631,3.4564,3.32883,3.4558775004709865,3.4527076742964784,1,1,0.00025036376359153357,0.9644674988561031,1.0822053670000213,0.9697256616840733,1.0874696615384534,-6.345981492533726,-6.236768570846162,0.9392010427009323,1.0569094468288733,0.7541175242520737,0.8716100966182824
163750.0,0.02,1.145388635069178,0.03873631091106548,4.6440432177330555,3.3097481298399827,3.464941172500493,3.387344651170238,3.4529512689555704,3.46834,3.46842,3.32888,3.4681086132346253,3.464941172500493,1,1,0.000245201427315594,0.8933240720622848,1.0100808485496064,0.8979784940700064,1.0147406567938853,-7.057279307455088,-6.949723207328258,0.8798625307062657,0.9966037290947661,0.6956785233193985,0.8122065784580266
165000.0,0.02,1.2279408092286894,0.04253070141537868,4.790341696060701,3.3105668034843134,3.477267990480551,3.393917396982432,3.4660902407021914,3.48048,3.48054,3.3289400000000002,3.4804057846120973,3.477267990480551,1,1,0.00024084962380871964,0.8320400469854716,0.9478419200000071,0.8355165643337381,0.9513224300000089,-7.757258018162783,-7.651320636666655,0.8277399451714684,0.9435368796779111,0.646017413946165,0.7616056468387339
140000.0,0.03,0.754654796245928,-0.03946496160419292,0.20696613209782858,3.1835853326627572,3.33107492084953,3.257330126756144,3.193054922563838,3.18603,3.18596,3.32954,3.18082687378941,3.1835853326627572,1,1,0.0002153347350344229,-0.43952860801209637,-0.30476895544642635,-0.44390342961593277,-0.3091496985714184,8.731579268734802,8.878752435357164,-0.7644487767979324,-0.6301289185446305,-0.5922571473225391,-0.45770421982158693
141250.0,0.03,0.6923890119147381,-0.03503025032882209,0.21607527890839368,3.196627989195857,3.33224355675442,3.2644357729751388,3.2072587718202983,3.19905,3.19897,3.32959,3.1944446256298975,3.196627989195857,1,1,0.0002180033717273736,-0.5112320204096021,-0.3777611261061846,-0.5162078738161102,-0.3827436549557307,7.773878892660013,7.918464822212391,-0.7974752616544678,-0.6643883819707084,-0.6618215104545744,-0.5285526421116418
142500.0,0.03,0.6331438159950935,-0.03063422255058978,0.22870463464570917,3.2093699865007124,3.3336501689819658,3.271510077741339,3.221399993842326,3.21186,3.21176,3.32965,3.2079524807269935,3.2093699865007124,1,1,0.00022128932670908638,-0.5914116709814565,-0.4592181968421005,-0.5976016693503561,-0.4654164266666569,6.83359972217723,6.975666971491229,-0.8331436816812698,-0.7012716626077319,-0.7454861187022099,-0.613497532660166
143750.0,0.03,0.5775959024253642,-0.02627624824770187,0.24674489340026298,3.221743080805816,3.3353638231912286,3.278553451998522,3.2354794097994857,3.22446,3.22434,3.3297,3.2213371174548078,3.221743080805816,1,1,0.0002253128506567189,-0.6800009166700538,-0.5490737325217494,-0.6873932726708665,-0.5564758333912848,5.909015624938063,6.048628686956515,-0.8722901648598125,-0.7416164632934227,-0.8473037995571864,-0.7165971600681381
145000.0,0.03,0.5266465557062857,-0.02195571272106722,0.27339217057099985,3.233656332722451,3.3374762631841564,3.2855662979533036,3.249497823071362,3.23691,3.23676,3.32975,3.234593348243672,3.233656332722451,1,1,0.00023019795061968238,-0.7732543647634871,-0.6435777335345007,-0.7824505839843288,-0.6527859710344989,5.000351874386011,5.137573868534488,-0.9152364120703416,-0.7857453331687079,-0.972634980371756,-0.8432189140378513
146250.0,0.03,0.481471128469468,-0.017672016016535605,0.3141998477339231,3.244990990585411,3.34010702780531,3.2925490091953606,3.263456019782496,3.2492900000000002,3.24912,3.32981,3.2477593330789034,3.244990990585411,1,1,0.00023605617980553608,-0.8662763491222303,-0.7378285939316066,-0.8766492565331352,-0.7482149415384604,4.107826091710898,4.242718800940176,-0.9596536535496303,-0.8313268875108005,-1.128422776362692,-1.0003146847988416
147500.0,0.03,0.44353504603735516,-0.013424572360344765,0.37893769677871214,3.255598628041319,3.3434053135523825,3.2995019707968507,3.2773547693168195,3.26182,3.26162,3.32986,3.2610150111468537,3.255598628041319,1,1,0.0002429552385690725,-0.9457597818434582,-0.8185026810169457,-0.9579065224287531,-0.8306650267796536,3.2297884962208867,3.362410013220348,-0.9946452016176277,-0.8674509049353774,-1.3232579717187276,-1.1964858508900882
148750.0,0.03,0.414516375609724,-0.00921280977873607,0.4843858081156664,3.26530853350034,3.347542585853579,3.3064255596769594,3.291194824812532,3.2749,3.27467,3.32991,3.274939510813169,3.26530853350034,1,1,0.0002508554153395037,-0.9877559697163307,-0.8616217563025058,-1.001662969286643,-0.8755464723529373,2.366489105953229,2.4968963773949504,-0.9853668415754746,-0.859229584590614,-1.5668771214308763,-1.4414806651667607
150000.0,0.03,0.396060612229329,-0.005036169828784746,0.6565576227083986,3.273951876956742,3.3526884132678387,3.3133201451122902,3.3049769236383306,3.28946,3.2892,3.32997,3.2912351464395635,3.273951876956742,1,1,0.0002594607599921095,-0.9367991295553324,-0.8116516603333294,-0.9524584866096086,-0.827330799999996,1.5181696539770417,1.6464185082499947,-0.8298520092291484,-0.7045694327086676,-1.8686620556335298,-1.7446918175713897
151250.0,0.03,0.3893574781210791,-0.0008941068797919477,0.9263280656782047,3.2814039099948706,3.3589682669326875,3.320186088463779,3.3187017878518366,3.30823,3.30798,3.33002,3.3149795643109483,3.2814039099948706,1,1,0.0002677669450405356,-0.6300817156557503,-0.5055842463636371,-0.6450997409496728,-0.5206210872727207,0.6832498295129996,0.8093927309090995,-0.22419225190435377,-0.09918625637086509,-2.2351082132349043,-2.112621631548867
152500.0,0.03,0.394704836700855,0.0032139121894773815,1.3107411517863836,3.287627972656937,3.3664195144610156,3.3270237435589762,3.3323701246410287,3.33686,3.33705,3.33007,3.343538701354388,3.3664195144610156,1,1,0.0002726023331314605,0.26965192412999883,0.394246930819688,0.28107090859554873,0.4056801045081983,-0.13799972629922053,-0.013911267295079001,0.671431579866999,0.7965258377052836,2.053994181217167,2.1808064104781533
153750.0,0.03,0.41135280789209294,0.007288408175132924,1.790225021930778,3.292692004626946,3.3749749098476967,3.333833457237321,3.3459826267494512,3.3614,3.36172,3.33013,3.3625455062240173,3.3749749098476967,1,1,0.0002715029543838867,0.9236684403350681,1.048056552845538,0.9428849043945586,1.0672967011382144,-0.94531712530882,-0.8232325317886113,0.9924661966610682,1.1169391021956463,1.7404686496791166,1.8658634659480986
155000.0,0.03,0.43775859498044795,0.011329890126346881,2.311704130856136,3.296744073870752,3.3844870645475607,3.3406155692091564,3.359539972885908,3.37889,3.37918,3.33018,3.3774283367032365,3.3844870645475607,1,1,0.00026763547868199097,1.1552624877401607,1.2789306073387214,1.1726269387818844,1.2963162874193457,-1.7402192297613417,-1.6200910029032327,1.0677645494205246,1.1913256977628277,1.4906634391051776,1.6147416056350115
156250.0,0.03,0.47205746318563707,0.015338855671421863,2.8183303452282074,3.2999658767475637,3.3947749478580227,3.3473704123027934,3.3730428281193436,3.39369,3.39394,3.33024,3.3909316487205077,3.3947749478580227,1,1,0.0002629300466551047,1.2279930011452223,1.350759981679991,1.2429076989429078,1.365692767680008,-2.5218328511490973,-2.403613573120013,1.0635060328658463,1.1860735273905472,1.2927276409028021,1.4155731301190704
157500.0,0.03,0.5124609086035309,0.01931579126966447,3.2730326620137062,3.3025329847377285,3.405663640873281,3.3540983128055046,3.386491844259547,3.40727,3.40749,3.33029,3.4039643230164636,3.405663640873281,1,1,0.0002581347120501347,1.2308843436821038,1.3526804618253965,1.2439572809861188,1.3657691278571396,-3.2916355346910176,-3.1752806943650764,1.0345545694350644,1.1561144730620943,1.1354561428379428,1.2571374463720528
158750.0,0.03,0.5574588263308127,0.02326117267608835,3.661505806598763,3.3045943685667205,3.4170048122793384,3.3607995904230297,3.399887660224308,3.42024,3.42043,3.33034,3.416840894832189,3.4170048122793384,1,1,0.0002535675880140763,1.2008194505925385,1.321620656377966,1.2120635093565868,1.3328781369291283,-4.049329751631614,-3.934795534173228,0.9997684745851165,1.1203296902157205,1.0094593099709837,1.1300320933399333
160000.0,0.03,0.6058633249678613,0.027175465152474224,3.984460450073925,3.306267678648449,3.428681438618755,3.367474558633602,3.4132309023935976,3.4329,3.4330600000000002,3.3304,3.4296634613148584,3.428681438618755,1,1,0.0002493602992215389,1.1558415342811879,1.275645710937515,1.165271061396922,1.285086405937509,-4.794627223938964,-4.681870499999986,0.965191960788947,1.0847703411409202,0.907381090299042,1.0268910022004274
161250.0,0.03,0.6567734735818672,0.03105912381113478,4.249557141356858,3.3076424799657524,3.4406045696262257,3.374123524795989,3.4265221849513394,3.44539,3.44553,3.33045,3.4424592579590563,3.4406045696262257,1,1,0.0002455544146932639,1.1043128240484146,1.2231277310852748,1.1125295376132271,1.2313541006976956,-5.528950516397324,-5.417930831395346,0.9323818466101086,1.0509947052621644,0.8236527847524489,0.9421378681097042
162500.0,0.03,0.7095166469937506,0.034912593808268576,4.466379167505685,3.3087859066693786,3.4527076742964784,3.3807467904829283,3.4397621102152973,3.4578,3.45792,3.33051,3.4552315542036043,3.4527076742964784,1,1,0.00024214656829906026,1.051536935885311,1.1693763384615572,1.0585508724037407,1.1763984541538566,-6.251426676519345,-6.142103491461549,0.9014709977718249,1.0191354036975402,0.7541175242520737,0.8716100966182824
163750.0,0.03,0.763592423379452,0.03873631091106548,4.6440432177330555,3.3097481298399827,3.464941172500493,3.387344651170238,3.4529512689555704,3.47017,3.47028,3.33056,3.4679776352162968,3.464941172500493,1,1,0.00023911164243323928,0.9998208356269744,1.1167008533587908,1.006224070268491,1.1231114980152574,-6.963444040558531,-6.855779351450375,0.8722429337141513,0.9889753144767974,0.6956785233193985,0.8122065784580266
165000.0,0.03,0.8186272061524597,0.04253070141537868,4.790341696060701,3.3105668034843134,3.477267990480551,3.393917396982432,3.4660902407021914,3.48254,3.48264,3.33062,3.4806944729309817,3.477267990480551,1,1,0.00023641522470609194,0.9514347698903025,1.0673737633333429,0.9572324281605926,1.0731780800000046,-7.664131130952423,-7.558086796666648,0.8444673038424666,0.9602834491023731,0.646017413946165,0.7616056468387339
