zeta,u,seed,config,tau,tau_over_beat,beat_s,n_in_band,f_lo,zeta_lo,err_f_lo,err_z_lo,f_hi,zeta_hi,err_f_hi,err_z_hi,n_matched,both_found,split_found
0.005,2.33792165249093,0,stay,2.0,0.15533635260771117,12.875286218743858,1,3.3223711025735856,0.011918228506451719,0.011909386006578105,1.3836457012903436,3.3223711025735856,0.011918228506451719,-0.0114749093798963,1.3836457012903436,0,False,0.0
0.005,2.33792165249093,0,stay,4.0,0.31067270521542234,12.875286218743858,0,,,,,,,,,0,False,0.0
0.005,2.33792165249093,0,stay,8.0,0.6213454104308447,12.875286218743858,1,3.3290016279530263,0.010458790398302779,0.01392887469657231,1.0917580796605557,3.3290016279530263,0.010458790398302779,-0.009502089216461413,1.0917580796605557,1,False,0.0
0.005,2.33792165249093,0,stay,12.0,0.9320181156462669,12.875286218743858,2,3.2856952518997353,0.0035014955353582745,0.0007388585757632713,-0.2997008929283451,3.3610245507387186,0.006203828041011346,2.5883930224702415e-05,0.24076560820226917,2,True,0.02266660881630091
0.005,2.33792165249093,0,stay,16.0,1.2426908208616894,12.875286218743858,2,3.2875930170671306,0.005471821302023963,0.0013168693776980846,0.0943642604047926,3.3587329422160623,0.0040287318725229235,-0.00065595215990077,-0.1942536254954153,2,True,0.021407293468526843
0.005,2.33792165249093,0,stay,24.0,1.8640362312925338,12.875286218743858,2,3.287447550589791,0.00514645392089167,0.0012725640038476625,0.029290784178333945,3.358646152671501,0.0033065608496403993,-0.0006817751759798273,-0.33868783007192016,2,True,0.021425699143174107
0.005,2.33792165249093,0,stay,32.0,2.4853816417233787,12.875286218743858,2,3.2873235301335417,0.005514544944769675,0.0012347905402998603,0.10290898895393505,3.3577714244135985,0.0033129776468085936,-0.0009420383445768553,-0.3374044706382813,2,True,0.021202975958033637
0.005,2.33792165249093,0,stay+deck,2.0,0.15533635260771117,12.875286218743858,2,3.2878338938357543,0.005227590275027799,0.001390234289538447,0.04551805500555978,3.361992874997636,0.005032473893484013,0.0003139952808966491,0.006494778696802643,2,True,0.02230403399663048
0.005,2.33792165249093,0,stay+deck,4.0,0.31067270521542234,12.875286218743858,2,3.2876758785005586,0.0051202382183274595,0.0013421068540771873,0.02404764366549187,3.3614382952359145,0.004907125550132035,0.00014898782318455787,-0.018574889973593106,2,True,0.022187140965848406
0.005,2.33792165249093,0,stay+deck,8.0,0.6213454104308447,12.875286218743858,2,3.28811756868925,0.004183870289151341,0.0014766344049873409,-0.16322594216973182,3.3611009085754304,0.0039759172000468765,4.86031374188054e-05,-0.20481655999062473,2,True,0.021952456558835716
0.005,2.33792165249093,0,stay+deck,12.0,0.9320181156462669,12.875286218743858,2,3.287813475169335,0.004180823369355246,0.00138401528523048,-0.16383532612895077,3.3605130279915367,0.003962952902920843,-0.00012631251454347996,-0.20740941941583146,2,True,0.021870030837877075
0.005,2.33792165249093,0,stay+deck,16.0,1.2426908208616894,12.875286218743858,2,3.2871780432565227,0.004892782308073643,0.0011904789532281282,-0.021443538385271417,3.359265393596279,0.0037091010490733893,-0.0004975286928559198,-0.25817979018532217,2,True,0.02169200746975457
0.005,2.33792165249093,0,stay+deck,24.0,1.8640362312925338,12.875286218743858,2,3.28888242738023,0.0047725141282894575,0.0017095908281189096,-0.04549717434210853,3.362015243034418,0.00329482171261211,0.00032065057764230743,-0.341035657477578,2,True,0.021991863137364585
0.005,2.33792165249093,0,stay+deck,32.0,2.4853816417233787,12.875286218743858,2,3.2873437725342662,0.0027971386697075717,0.0012409558585788972,-0.44057226605848565,3.361968326723244,0.0032323486721517244,0.0003066912849194888,-0.3535302655696551,2,True,0.022445796820790145
0.005,2.33792165249093,1,stay,2.0,0.15533635260771117,12.875286218743858,1,3.3084773728751595,0.01270524566411295,0.007677710779934972,1.5410491328225902,3.3084773728751595,0.01270524566411295,-0.01560879448338427,1.5410491328225902,1,False,0.0
0.005,2.33792165249093,1,stay,4.0,0.31067270521542234,12.875286218743858,0,,,,,,,,,0,False,0.0
0.005,2.33792165249093,1,stay,8.0,0.6213454104308447,12.875286218743858,2,3.27811258232899,0.005513452091825949,-0.0015706289175754307,0.10269041836518979,3.357559205631046,0.005719078975478532,-0.001005181077515808,0.14381579509570638,2,True,0.023945314307499795
0.005,2.33792165249093,1,stay,12.0,0.9320181156462669,12.875286218743858,2,3.2809551819295986,0.006302584300984035,-0.0007048456779228427,0.26051686019680703,3.3558874533521608,0.004209929813765672,-0.0015025876049502122,-0.15801403724686555,2,True,0.02258069854608841
0.005,2.33792165249093,1,stay,16.0,1.2426908208616894,12.875286218743858,2,3.2814581602173107,0.006365311387124159,-0.0005516513373209731,0.27306227742483186,3.355715406139364,0.004224765102753067,-0.0015537778487159355,-0.1550469794493867,2,True,0.022376165149110304
0.005,2.33792165249093,1,stay,24.0,1.8640362312925338,12.875286218743858,2,3.276930169573881,0.006290500190384591,-0.0019307616445011146,0.25810003807691817,3.358646699482682,0.0031351472450741203,-0.0006816124799548066,-0.37297055098517595,2,True,0.02462981938763052
0.005,2.33792165249093,1,stay,32.0,2.4853816417233787,12.875286218743858,2,3.276076571763868,0.006101652537968166,-0.0021907457369336365,0.2203305075936331,3.358793814451972,0.003985276441578114,-0.0006378404768102678,-0.20294471168437728,2,True,0.02493409452578057
0.005,2.33792165249093,1,stay+deck,2.0,0.15533635260771117,12.875286218743858,2,3.280177177262373,0.005358567401481482,-0.0009418060296766652,0.07171348029629629,3.358926734078766,0.0049664413078571315,-0.000598292099442063,-0.006711738428573713,2,True,0.02372294751460978
0.005,2.33792165249093,1,stay+deck,4.0,0.31067270521542234,12.875286218743858,2,3.279836455267019,0.005640443931301405,-0.0010455812475775965,0.128088786260281,3.3587177637052,0.005207894886807277,-0.0006604683136844704,0.04157897736145541,2,True,0.023764604712498125
0.005,2.33792165249093,1,stay+deck,8.0,0.6213454104308447,12.875286218743858,2,3.280719511864295,0.005647851789736423,-0.0007766247609087379,0.12957035794728453,3.3596566905494147,0.005557021830956946,-0.000381103752921186,0.1114043661913892,2,True,0.02377491162516575
0.005,2.33792165249093,1,stay+deck,12.0,0.9320181156462669,12.875286218743858,2,3.281265325783361,0.006044719333737211,-0.0006103837809988628,0.2089438667474422,3.3574842614724942,0.004111569051600795,-0.0010274796645299413,-0.1776861896798411,2,True,0.022961834811618037
0.005,2.33792165249093,1,stay+deck,16.0,1.2426908208616894,12.875286218743858,2,3.281493242277468,0.005797838747756202,-0.0005409662377768061,0.1595677495512404,3.356812224133545,0.004108753153635286,-0.0012274349828476634,-0.17824936927294288,2,True,0.022692231394647815
0.005,2.33792165249093,1,stay+deck,24.0,1.8640362312925338,12.875286218743858,2,3.2780201093821435,0.005076793709932223,-0.0015987938154681533,0.015358741986444546,3.3588883411001116,0.0038274326706719494,-0.0006097153936894172,-0.23451346586561014,2,True,0.024369247314867507
0.005,2.33792165249093,1,stay+deck,32.0,2.4853816417233787,12.875286218743858,3,3.2763241181909772,0.004982413584061909,-0.002115349417458615,-0.0035172831876182503,3.3577412815650742,0.003917473200214891,-0.000951006927901568,-0.21650535995702183,2,True,0.024554634888325707
0.005,2.33792165249093,2,stay,2.0,0.15533635260771117,12.875286218743858,1,3.3168017386518596,0.013580386077747779,0.010213099995025865,1.7160772155495558,3.3168017386518596,0.013580386077747779,-0.013131995781579694,1.7160772155495558,0,False,0.0
0.005,2.33792165249093,2,stay,4.0,0.31067270521542234,12.875286218743858,1,3.2861342265379094,0.016603872086636183,0.0008725590393397601,2.3207744173272364,3.2861342265379094,0.016603872086636183,-0.022256685425085358,2.3207744173272364,1,False,0.0
0.005,2.33792165249093,2,stay,8.0,0.6213454104308447,12.875286218743858,1,3.3266920006404677,0.014033477976581093,0.0132254212039914,1.8066955953162183,3.3266920006404677,0.014033477976581093,-0.01018928654570533,1.8066955953162183,0,False,0.0
0.005,2.33792165249093,2,stay,12.0,0.9320181156462669,12.875286218743858,0,,,,,,,,,0,False,0.0
0.005,2.33792165249093,2,stay,16.0,1.2426908208616894,12.875286218743858,2,3.289382154592718,0.0042232320936511384,0.0018617949742384787,-0.15535358126977233,3.3577560826444515,0.006249271466466436,-0.0009466030735815844,0.2498542932932871,2,True,0.02057244053349267
0.005,2.33792165249093,2,stay,24.0,1.8640362312925338,12.875286218743858,2,3.289265029182202,0.0046192117400743115,0.0018261215655246466,-0.07615765198513771,3.3567776587008105,0.005636847110641614,-0.0012377194442974838,0.12736942212832283,2,True,0.020316640349511094
0.005,2.33792165249093,2,stay,32.0,2.4853816417233787,12.875286218743858,2,3.286856659878943,0.0031477662852232033,0.0010925937844016532,-0.37044674295535934,3.3616166740022435,0.004427822169069115,0.0002020619322187551,-0.11443556618617699,2,True,0.022489377747013675
0.005,2.33792165249093,2,stay+deck,2.0,0.15533635260771117,12.875286218743858,2,3.2875220152661564,0.005681748579099689,0.001295244042474846,0.1363497158199377,3.362587900870597,0.0067408591248981084,0.0004910369137636806,0.3481718249796217,2,True,0.022575833046695984
0.005,2.33792165249093,2,stay+deck,4.0,0.31067270521542234,12.875286218743858,2,3.2855621109977298,0.004885646142467697,0.0006983072573700782,-0.022870771506460635,3.3611425202482197,0.0055031969867858615,6.098410912392272e-05,0.10063939735717227,2,True,0.022742219925100567
0.005,2.33792165249093,2,stay+deck,8.0,0.6213454104308447,12.875286218743858,2,3.286040423578512,0.003981839936051978,0.000843989053591988,-0.20363201278960438,3.3595059114245065,0.0040224238522149555,-0.00042596597436239745,-0.19551522955700892,2,True,0.022109690954689887
0.005,2.33792165249093,2,stay+deck,12.0,0.9320181156462669,12.875286218743858,2,3.2862217133124667,0.004065788554885838,0.0008992052764977267,-0.18684228902283248,3.360133872788704,0.004080820100544114,-0.00023912484635950758,-0.1838359798911773,2,True,0.022241409903136045
0.005,2.33792165249093,2,stay+deck,16.0,1.2426908208616894,12.875286218743858,2,3.2858798074413773,0.0038569060842682116,0.0007950694802833558,-0.2286187831463577,3.360535630884919,0.004305979448623985,-0.0001195873394985543,-0.13880411027520304,2,True,0.022464988575057108
0.005,2.33792165249093,2,stay+deck,24.0,1.8640362312925338,12.875286218743858,2,3.284265557516149,0.0039496852900909206,0.0003034101802630101,-0.2100629419818159,3.3620431411385647,0.004409733390455211,0.0003289512686483513,-0.1180533219089579,2,True,0.023404746047428995
0.005,2.33792165249093,2,stay+deck,32.0,2.4853816417233787,12.875286218743858,2,3.286316979800093,0.004503904414769257,0.000928221015566159,-0.09921911704614868,3.3604226718470205,0.00398655969257038,-0.00015319672259501773,-0.202688061485924,2,True,0.022298358573007646
0.02,0.5844804131227325,0,stay,2.0,0.15533635260771117,12.875286218743858,1,3.3137131954473373,0.02616642904114973,0.009272408614908235,0.3083214520574865,3.3137131954473373,0.02616642904114973,-0.014050948648936818,0.3083214520574865,1,False,0.0
0.02,0.5844804131227325,0,stay,4.0,0.31067270521542234,12.875286218743858,1,3.3177070825072548,0.025585795559148417,0.010488844611311545,0.2792897779574208,3.3177070825072548,0.025585795559148417,-0.012862623369809183,0.2792897779574208,0,False,0.0
0.02,0.5844804131227325,0,stay,8.0,0.6213454104308447,12.875286218743858,1,3.328863273880729,0.025844920859644478,0.013886735579650188,0.29224604298222384,3.328863273880729,0.025844920859644478,-0.00954325453714144,0.29224604298222384,1,False,0.0
0.02,0.5844804131227325,0,stay,12.0,0.9320181156462669,12.875286218743858,1,3.321139102271358,0.026543570419936578,0.011534150179243459,0.32717852099682887,3.321139102271358,0.026543570419936578,-0.011841473852317826,0.32717852099682887,0,False,0.0
0.02,0.5844804131227325,0,stay,16.0,1.2426908208616894,12.875286218743858,2,3.32074974832728,0.024847638504861894,0.011415562911798753,0.24238192524309465,3.32074974832728,0.024847638504861894,-0.011957320677061485,0.24238192524309465,0,False,0.03889011213269102
0.02,0.5844804131227325,0,stay,24.0,1.8640362312925338,12.875286218743858,1,3.3242062509579915,0.0277042077964653,0.01246832533561834,0.38521038982326505,3.3242062509579915,0.0277042077964653,-0.010928886624764898,0.38521038982326505,0,False,0.0
0.02,0.5844804131227325,0,stay,32.0,2.4853816417233787,12.875286218743858,1,3.3088175040108623,0.022179501197082757,0.007781306037076499,0.10897505985413783,3.3088175040108623,0.022179501197082757,-0.015507593217371924,0.10897505985413783,1,False,0.0
0.02,0.5844804131227325,0,stay+deck,2.0,0.15533635260771117,12.875286218743858,2,3.296058424779336,0.025140060368054412,0.003895216364197461,0.2570030184027206,3.341413019399558,0.019353383517660718,-0.0058092531437840995,-0.03233082411696411,2,True,0.013666226665275777
0.02,0.5844804131227325,0,stay+deck,4.0,0.31067270521542234,12.875286218743858,1,3.340306523455962,0.01868464468448828,0.017372057144909567,-0.06576776577558607,3.340306523455962,0.01868464468448828,-0.0061384755482490165,-0.06576776577558607,1,False,0.0
0.02,0.5844804131227325,0,stay+deck,8.0,0.6213454104308447,12.875286218743858,1,3.3230258647514903,0.01545698494266327,0.01210880984364154,-0.2271507528668365,3.3230258647514903,0.01545698494266327,-0.011280094044322706,-0.2271507528668365,0,False,0.0
0.02,0.5844804131227325,0,stay+deck,12.0,0.9320181156462669,12.875286218743858,0,,,,,,,,,0,False,0.0
0.02,0.5844804131227325,0,stay+deck,16.0,1.2426908208616894,12.875286218743858,0,,,,,,,,,0,False,0.0
0.02,0.5844804131227325,0,stay+deck,24.0,1.8640362312925338,12.875286218743858,0,,,,,,,,,0,False,0.0
0.02,0.5844804131227325,0,stay+deck,32.0,2.4853816417233787,12.875286218743858,4,3.304812967356254,0.0072250887303264765,0.006561626446116086,-0.6387455634836762,3.356314896759603,0.0012182411221571842,-0.0013754077926922403,-0.9390879438921407,2,True,0.046946697501123555
0.02,0.5844804131227325,1,stay,2.0,0.15533635260771117,12.875286218743858,1,3.318824926607002,0.027124102305004553,0.010829311374867878,0.35620511525022763,3.318824926607002,0.027124102305004553,-0.012530024480074734,0.35620511525022763,0,False,0.0
0.02,0.5844804131227325,1,stay,4.0,0.31067270521542234,12.875286218743858,1,3.3305865080242922,0.029892670875239977,0.014411588689168267,0.49463354376199886,3.3305865080242922,0.029892670875239977,-0.009030530300343788,0.49463354376199886,1,False,0.0
0.02,0.5844804131227325,1,stay,8.0,0.6213454104308447,12.875286218743858,2,3.253128451599783,0.014214584400462603,-0.009180157054428076,-0.2892707799768699,3.3702970956192306,0.02977931422728878,0.002784800073333095,0.48896571136443895,2,True,0.03538007430872178
0.02,0.5844804131227325,1,stay,12.0,0.9320181156462669,12.875286218743858,1,3.2451866184329305,0.02040431973392086,-0.011599036606267212,0.020215986696042916,3.2451866184329305,0.02040431973392086,-0.034440073963859896,0.020215986696042916,0,False,0.0
0.02,0.5844804131227325,1,stay,16.0,1.2426908208616894,12.875286218743858,2,3.3028247901482053,0.015253714696145193,0.0059560784456804145,-0.23731426519274035,3.3546082458498665,0.01627100156340846,-0.0018831979200194177,-0.18644992182957706,2,True,0.015556583272158416
0.02,0.5844804131227325,1,stay,24.0,1.8640362312925338,12.875286218743858,2,3.3025029026174106,0.020691190178035314,0.005858039724660575,0.03455950890176567,3.341161573034382,0.005779948757284588,-0.005884067495717601,-0.7110025621357705,2,True,0.011637755205324053
0.02,0.5844804131227325,1,stay,32.0,2.4853816417233787,12.875286218743858,2,3.305740884143571,0.02191411281032091,0.0068442462009628184,0.0957056405160455,3.3422762318089734,0.005393359634983231,-0.005552416354967645,-0.7303320182508385,2,True,0.010991351865726228
0.02,0.5844804131227325,1,stay+deck,2.0,0.15533635260771117,12.875286218743858,2,3.2752307054128824,0.0162166212287533,-0.0024483750244043935,-0.18916893856233494,3.3799286603843597,0.021143619585884253,0.005650537565718389,0.05718097929421264,2,True,0.03146369582358909
0.02,0.5844804131227325,1,stay+deck,4.0,0.31067270521542234,12.875286218743858,2,3.270335981306808,0.015387015861437753,-0.00393918297810126,-0.23064920692811236,3.3740770730714926,0.019426670854180043,0.003909479538142062,-0.028666457290997885,2,True,0.031226563103666456
0.02,0.5844804131227325,1,stay+deck,8.0,0.6213454104308447,12.875286218743858,2,3.277392272870589,0.015278238977352206,-0.0017900167822304752,-0.23608805113238973,3.3810968826819714,0.02227111372418985,0.0059981257841797446,0.11355568620949243,2,True,0.031149591863464193
0.02,0.5844804131227325,1,stay+deck,12.0,0.9320181156462669,12.875286218743858,1,3.2785912768848062,0.01219173495627538,-0.0014248307815136853,-0.3904132521862311,3.2785912768848062,0.01219173495627538,-0.02450098467979559,-0.3904132521862311,1,False,0.0
0.02,0.5844804131227325,1,stay+deck,16.0,1.2426908208616894,12.875286218743858,2,3.28886809308571,0.014005128356430111,0.0017052249680994992,-0.29974358217849445,3.375143926116713,0.02264194754307626,0.004226906752214558,0.13209737715381298,2,True,0.0258930604513912
0.02,0.5844804131227325,1,stay+deck,24.0,1.8640362312925338,12.875286218743858,2,3.271649747028733,0.015670695592837024,-0.0035390434921781133,-0.2164652203581488,3.3658171907464833,0.019086741076968894,0.0014518669862160207,-0.04566294615155533,2,True,0.02837451232542449
0.02,0.5844804131227325,1,stay+deck,32.0,2.4853816417233787,12.875286218743858,3,3.269739750791043,0.00743246973628582,-0.004120779565748785,-0.628376513185709,3.3619769739211063,0.004019188572560279,0.00030926413779667615,-0.799040571371986,2,True,0.04200644212556549
0.02,0.5844804131227325,2,stay,2.0,0.15533635260771117,12.875286218743858,1,3.317404061305746,0.029164109098762037,0.010396552092354789,0.45820545493810183,3.317404061305746,0.029164109098762037,-0.012952783093522522,0.45820545493810183,0,False,0.0
0.02,0.5844804131227325,2,stay,4.0,0.31067270521542234,12.875286218743858,1,3.3196853055766686,0.030341404994695426,0.011091360835343234,0.5170702497347712,3.3196853055766686,0.030341404994695426,-0.012274030741657461,0.5170702497347712,0,False,0.0
0.02,0.5844804131227325,2,stay,8.0,0.6213454104308447,12.875286218743858,1,3.3135255397684977,0.031770120578367304,0.00921525348777384,0.5885060289183652,3.3135255397684977,0.031770120578367304,-0.014106782973641424,0.5885060289183652,1,False,0.0
0.02,0.5844804131227325,2,stay,12.0,0.9320181156462669,12.875286218743858,1,3.3211059203877107,0.03101582344670625,0.011524043824934573,0.5507911723353125,3.3211059203877107,0.03101582344670625,-0.01185134665807216,0.5507911723353125,0,False,0.0
0.02,0.5844804131227325,2,stay,16.0,1.2426908208616894,12.875286218743858,1,3.3016450248128644,0.026105339843107644,0.0055967520552022655,0.3052669921553822,3.3016450248128644,0.026105339843107644,-0.017641664165581016,0.3052669921553822,1,False,0.0
0.02,0.5844804131227325,2,stay,24.0,1.8640362312925338,12.875286218743858,1,3.3311853666537745,0.022716832044955282,0.014593985733133266,0.13584160224776407,3.3311853666537745,0.022716832044955282,-0.0088523482843375,0.13584160224776407,1,False,0.0
0.02,0.5844804131227325,2,stay,32.0,2.4853816417233787,12.875286218743858,2,3.3317538063316383,0.02953011973281407,0.014767117941321376,0.4765059866407035,3.3317538063316383,0.02953011973281407,-0.008683217002272982,0.4765059866407035,1,False,0.034252935843789474
0.02,0.5844804131227325,2,stay+deck,2.0,0.15533635260771117,12.875286218743858,0,,,,,,,,,0,False,0.0
0.02,0.5844804131227325,2,stay+deck,4.0,0.31067270521542234,12.875286218743858,2,3.2829779984454275,0.027333893637650215,-8.874742900934099e-05,0.36669468188251075,3.342733117276392,0.016532239710789015,-0.005416476469223617,-0.17338801446054927,2,True,0.018037345059966375
0.02,0.5844804131227325,2,stay+deck,8.0,0.6213454104308447,12.875286218743858,0,,,,,,,,,0,False,0.0
0.02,0.5844804131227325,2,stay+deck,12.0,0.9320181156462669,12.875286218743858,1,3.3011300281449443,0.016573496845530784,0.005439897222932992,-0.1713251577234608,3.3011300281449443,0.016573496845530784,-0.01779489422691595,-0.1713251577234608,1,False,0.0
0.02,0.5844804131227325,2,stay+deck,16.0,1.2426908208616894,12.875286218743858,1,3.374039590403795,0.010627682073272856,0.02764628781012897,-0.4686158963363572,3.374039590403795,0.010627682073272856,0.0038983270941980955,-0.4686158963363572,1,False,0.0
0.02,0.5844804131227325,2,stay+deck,24.0,1.8640362312925338,12.875286218743858,4,3.288086742824138,0.012613837444930751,0.0014672456337526966,-0.36930812775346245,3.3695214312849844,0.012598235786209697,0.002554011990777355,-0.37008821068951514,2,True,0.0874069994075278
0.02,0.5844804131227325,2,stay+deck,32.0,2.4853816417233787,12.875286218743858,2,3.3611780808468277,0.013163287762543774,0.0237290004761442,-0.3418356118728113,3.3611780808468277,0.013163287762543774,7.156466827164558e-05,-0.3418356118728113,1,False,0.02706296953541272
0.03,0.38965360874848837,0,stay,2.0,0.15533635260771117,12.875286218743858,1,3.327604326918343,0.03517852340982302,0.013503292487836676,0.17261744699410067,3.327604326918343,0.03517852340982302,-0.0099178366117069,0.17261744699410067,1,False,0.0
0.03,0.38965360874848837,0,stay,4.0,0.31067270521542234,12.875286218743858,1,3.3273471633116154,0.037551961619682606,0.01342496702106824,0.2517320539894202,3.3273471633116154,0.037551961619682606,-0.00999435204896427,0.2517320539894202,1,False,0.0
0.03,0.38965360874848837,0,stay,8.0,0.6213454104308447,12.875286218743858,1,3.3288751638951313,0.031566274387126905,0.013890356974371628,0.05220914623756355,3.3288751638951313,0.031566274387126905,-0.009539716829521878,0.05220914623756355,1,False,0.0
0.03,0.38965360874848837,0,stay,12.0,0.9320181156462669,12.875286218743858,1,3.3308982047893787,0.028840469411416603,0.014506523563220885,-0.038651019619446544,3.3308982047893787,0.028840469411416603,-0.008937789283931017,-0.038651019619446544,1,False,0.0
0.03,0.38965360874848837,0,stay,16.0,1.2426908208616894,12.875286218743858,2,3.334931446316455,0.025844217678595762,0.015734945925225705,-0.13852607738014122,3.334931446316455,0.025844217678595762,-0.007737754633088592,-0.13852607738014122,1,False,0.03811669578425126
0.03,0.38965360874848837,0,stay,24.0,1.8640362312925338,12.875286218743858,0,,,,,,,,,0,False,0.0
0.03,0.38965360874848837,0,stay,32.0,2.4853816417233787,12.875286218743858,1,3.3237069596890736,0.03444631877534313,0.012316253966776434,0.14821062584477093,3.3237069596890736,0.03444631877534313,-0.01107744376411353,0.14821062584477093,0,False,0.0
0.03,0.38965360874848837,0,stay+deck,2.0,0.15533635260771117,12.875286218743858,0,,,,,,,,,0,False,0.0
0.03,0.38965360874848837,0,stay+deck,4.0,0.31067270521542234,12.875286218743858,1,3.3396330762293105,0.022614598151387763,0.017166942319205417,-0.24618006162040787,3.3396330762293105,0.022614598151387763,-0.006338850358949117,-0.24618006162040787,1,False,0.0
0.03,0.38965360874848837,0,stay+deck,8.0,0.6213454104308447,12.875286218743858,1,3.3233213565001494,0.01861960800704125,0.012198809083559073,-0.37934639976529166,3.3233213565001494,0.01861960800704125,-0.011192174604078833,-0.37934639976529166,0,False,0.0
0.03,0.38965360874848837,0,stay+deck,12.0,0.9320181156462669,12.875286218743858,1,3.32208234811104,0.019459029477993946,0.011821438771943525,-0.35136568406686847,3.32208234811104,0.019459029477993946,-0.011560824234812344,-0.35136568406686847,0,False,0.0
0.03,0.38965360874848837,0,stay+deck,16.0,1.2426908208616894,12.875286218743858,1,3.3227878254322767,0.016442221822429538,0.012036309146424335,-0.45192593925234875,3.3227878254322767,0.016442221822429538,-0.011350919317096878,-0.45192593925234875,0,False,0.0
0.03,0.38965360874848837,0,stay+deck,24.0,1.8640362312925338,12.875286218743858,1,3.301640738093994,0.016062672032817162,0.0055954464301151375,-0.46457759890609457,3.301640738093994,0.016062672032817162,-0.017642939618872994,-0.46457759890609457,1,False,0.0
0.03,0.38965360874848837,0,stay+deck,32.0,2.4853816417233787,12.875286218743858,5,3.2973771451817733,0.0074972755311908945,0.004296864919264319,-0.7500908156269702,3.3592077390377977,0.0016219175894947857,-0.0005146830009954022,-0.9459360803501737,2,True,0.06446217016166597
0.03,0.38965360874848837,1,stay,2.0,0.15533635260771117,12.875286218743858,1,3.3157676191368903,0.038671815289559916,0.00989813360170534,0.28906050965199725,3.3157676191368903,0.038671815289559916,-0.013439683591185045,0.28906050965199725,1,False,0.0
0.03,0.38965360874848837,1,stay,4.0,0.31067270521542234,12.875286218743858,1,3.3173944432402336,0.04482921338651715,0.01039362267524068,0.4943071128839051,3.3173944432402336,0.04482921338651715,-0.012955644814500934,0.4943071128839051,0,False,0.0
0.03,0.38965360874848837,1,stay,8.0,0.6213454104308447,12.875286218743858,2,3.2335182037060957,0.016855055293445824,-0.015152937726089537,-0.43816482355180586,3.3683091932017244,0.037486111617881436,0.00219332749042775,0.24953705392938125,1,False,0.04083444821921956
0.03,0.38965360874848837,1,stay,12.0,0.9320181156462669,12.875286218743858,2,3.2469868542424987,0.017420292880159186,-0.011050730755871385,-0.41932357066136045,3.367369677256834,0.036692327032906626,0.0019137876509912088,0.22307756776355422,1,False,0.03640046388217507
0.03,0.38965360874848837,1,stay,16.0,1.2426908208616894,12.875286218743858,1,3.366434868914892,0.04080070027437285,0.02533008386571532,0.3600233424790952,3.366434868914892,0.04080070027437285,0.001635648493022176,0.3600233424790952,1,False,0.0
0.03,0.38965360874848837,1,stay,24.0,1.8640362312925338,12.875286218743858,0,,,,,,,,,0,False,0.0
0.03,0.38965360874848837,1,stay,32.0,2.4853816417233787,12.875286218743858,1,3.3148724795893143,0.03808289485418751,0.009625496956968028,0.2694298284729171,3.3148724795893143,0.03808289485418751,-0.013706019853771663,0.2694298284729171,1,False,0.0
0.03,0.38965360874848837,1,stay+deck,2.0,0.15533635260771117,12.875286218743858,2,3.2620420693653456,0.024570464946934465,-0.006465296732755798,-0.18098450176885114,3.3837394044589715,0.028968153520767523,0.006784371209036449,-0.034394882641082536,2,True,0.0366239352205468
0.03,0.38965360874848837,1,stay+deck,4.0,0.31067270521542234,12.875286218743858,2,3.257394982590537,0.022279164929416534,-0.00788068067989318,-0.25736116901944883,3.3879959124175176,0.02687803192839636,0.008050835666359616,-0.10406560238678797,2,True,0.03930571786983564
0.03,0.38965360874848837,1,stay+deck,8.0,0.6213454104308447,12.875286218743858,2,3.2565025953995623,0.023331303731422594,-0.008152479027103664,-0.22228987561924685,3.38383312566296,0.02795655970993014,0.0068122566435064695,-0.06811467633566193,2,True,0.03835063033319755
0.03,0.38965360874848837,1,stay+deck,12.0,0.9320181156462669,12.875286218743858,2,3.2591460471896005,0.021863707785463846,-0.007347351124406851,-0.27120974048453844,3.4034347283374213,0.030097611788659148,0.012644439582089523,0.003253726288638311,1,False,0.04331315026688207
0.03,0.38965360874848837,1,stay+deck,16.0,1.2426908208616894,12.875286218743858,2,3.2687869848404008,0.025072634772586193,-0.004410967741108127,-0.16424550758046022,3.39417281414357,0.03273991938606435,0.00988868645123058,0.09133064620214515,2,True,0.03763667591759725
0.03,0.38965360874848837,1,stay+deck,24.0,1.8640362312925338,12.875286218743858,2,3.2550475564315184,0.018733389182988593,-0.008595646735740547,-0.37555369390038024,3.3981711463740987,0.02645655994756217,0.011078334328751214,-0.11811466841459435,1,False,0.04302386448899567
0.03,0.38965360874848837,1,stay+deck,32.0,2.4853816417233787,12.875286218743858,5,3.251977300911236,0.013993661441604216,-0.009530768154297809,-0.5335446186131928,3.3672017335169127,0.003085899163509247,0.0018638183382326155,-0.8971366945496918,2,True,0.06467649697736202
0.03,0.38965360874848837,2,stay,2.0,0.15533635260771117,12.875286218743858,1,3.322215466343284,0.04529871689994949,0.011861983185706302,0.5099572299983165,3.322215466343284,0.04529871689994949,-0.011521216765168091,0.5099572299983165,0,False,0.0
0.03,0.38965360874848837,2,stay,4.0,0.31067270521542234,12.875286218743858,1,3.3388966084301352,0.047371394767867586,0.01694263303662715,0.5790464922622529,3.3388966084301352,0.047371394767867586,-0.006557976060275666,0.5790464922622529,1,False,0.0
0.03,0.38965360874848837,2,stay,8.0,0.6213454104308447,12.875286218743858,1,3.351450017941768,0.04118602593607151,0.020766080965537125,0.3728675312023838,3.351450017941768,0.04118602593607151,-0.002822884497064876,0.3728675312023838,1,False,0.0
0.03,0.38965360874848837,2,stay,12.0,0.9320181156462669,12.875286218743858,1,3.361676452587364,0.041051244261704825,0.023880791780125456,0.3683748087234942,3.361676452587364,0.041051244261704825,0.00021984821480101595,0.3683748087234942,1,False,0.0
0.03,0.38965360874848837,2,stay,16.0,1.2426908208616894,12.875286218743858,1,3.363010545837884,0.04494324257851699,0.024287122512102743,0.4981080859505665,3.363010545837884,0.04494324257851699,0.0006167890172129111,0.4981080859505665,1,False,0.0
0.03,0.38965360874848837,2,stay,24.0,1.8640362312925338,12.875286218743858,3,3.353430888436412,0.03571202079093326,0.02136940352767989,0.19040069303110874,3.353430888436412,0.03571202079093326,-0.0022335041645343396,0.19040069303110874,1,False,0.08828465114041648
0.03,0.38965360874848837,2,stay,32.0,2.4853816417233787,12.875286218743858,2,3.3552624863303864,0.03702872725706874,0.021927261468012608,0.234290908568958,3.3552624863303864,0.03702872725706874,-0.0016885378082118372,0.234290908568958,1,False,0.058004934722999626
0.03,0.38965360874848837,2,stay+deck,2.0,0.15533635260771117,12.875286218743858,0,,,,,,,,,0,False,0.0
0.03,0.38965360874848837,2,stay+deck,4.0,0.31067270521542234,12.875286218743858,1,3.3122682942838644,0.027190940606331756,0.008832328622628767,-0.09363531312227477,3.3122682942838644,0.027190940606331756,-0.014480858797280206,-0.09363531312227477,1,False,0.0
0.03,0.38965360874848837,2,stay+deck,8.0,0.6213454104308447,12.875286218743858,0,,,,,,,,,0,False,0.0
0.03,0.38965360874848837,2,stay+deck,12.0,0.9320181156462669,12.875286218743858,0,,,,,,,,,0,False,0.0
0.03,0.38965360874848837,2,stay+deck,16.0,1.2426908208616894,12.875286218743858,0,,,,,,,,,0,False,0.0
0.03,0.38965360874848837,2,stay+deck,24.0,1.8640362312925338,12.875286218743858,1,3.4526619077610547,0.0026891476949398346,0.051592637699149825,-0.9103617435020055,3.4526619077610547,0.0026891476949398346,0.027291298857690726,-0.9103617435020055,0,False,0.0
0.03,0.38965360874848837,2,stay+deck,32.0,2.4853816417233787,12.875286218743858,3,3.25678039568662,0.030359939605527325,-0.008067868154558105,0.011997986850910877,3.358862178302426,0.017920599022581724,-0.0006174997685092665,-0.40264669924727586,2,True,0.05799522686235912
