T,zeta,f_lo,f_hi,f0,s,u,f_iso,f_deck_alone,gamma_corr,gamma_rank2_ratio,mac_sensor,mac_full,deck_over_stay_lo,deck_over_stay_hi,n_pp_all,f_pp_all,n_sv1_all,n_sv2_all,f_sv1_all,f_sv2_all,f_sv1_all_all,f_sv2_all_all,sv2_over_sv1_all,sv2_peak_ratio_all,n_pp_pair,f_pp_pair,n_sv1_pair,n_sv2_pair,f_sv1_pair,f_sv2_pair,f_sv1_all_pair,f_sv2_all_pair,sv2_over_sv1_pair,sv2_peak_ratio_pair
145000.0,0.002,3.233656332722451,3.3374762631841564,3.2855662979533036,0.03159879334237714,7.899698335594285,3.249497823071362,3.321000437028616,-0.9776060622158209,0.005990588802678926,0.6230913833384852,0.983077911734274,0.0756371336916034,0.6631079985916211,2,3.2336233907037433,2,1,3.2336259478462397,3.3265516179123753,3.23363;3.33938,3.32655,0.03449089042762662,0.00011637091584456895,2,3.23362350259701,2,1,3.233626051097175,3.3265378988555176,3.23363;3.33938,3.32654,0.03704471179324965,0.00012481539202622414
151600.0,0.002,3.283269380161662,3.3609375564655175,3.32210346831359,0.0233792165249093,5.844804131227325,3.3225345900600525,3.321000437028616,-0.9881039999278224,0.005981938292219403,0.8584987900706188,0.9910899022279194,0.16993104559562242,0.22081992827061037,2,3.2828770290065705,2,1,3.2829026918151665,3.326981047817825,3.28290;3.36158,3.32698,0.04510747294627019,0.0002681898041398948,2,3.2828776181099437,2,1,3.2829032374142786,3.326977986924833,3.28290;3.36158,3.32698,0.04816711796690393,0.00028699226860614814
158000.0,0.002,3.3034109488212047,3.4101530529246102,3.3567820008729075,0.03179893841055154,7.949734602637886,3.3918565193121104,3.321000437028616,-0.9791897378588525,0.005974524787725455,0.8412758483243908,0.9843184996604832,0.3261217120090931,0.09481039146561442,2,3.4102889343475313,2,1,3.410284104176355,3.3275102916153907,3.30233;3.41028,3.32751,0.07536207078159206,0.00013370417658175972,2,3.4102885729344474,2,1,3.4102837577845313,3.3275230873388155,3.30233;3.41028,3.32752,0.08020825333955368,0.00014265311221496325
145000.0,0.005,3.233656332722451,3.3374762631841564,3.2855662979533036,0.03159879334237714,3.159879334237714,3.249497823071362,3.321000437028616,-0.9776060622158209,0.005990588802678926,0.6230913833384852,0.983077911734274,0.0756371336916034,0.6631079985916211,2,3.2334706097260515,2,1,3.2334856690624574,3.3267512189148665,3.23349;3.34337,3.32675,0.00685313185037035,0.00021360502679486945,2,3.2334713066616225,2,1,3.2334863107094236,3.3267462912938464,3.23349;3.34335,3.32675,0.00736541759500096,0.0002293056223431886
151600.0,0.005,3.283269380161662,3.3609375564655175,3.32210346831359,0.0233792165249093,2.33792165249093,3.3225345900600525,3.321000437028616,-0.9881039999278224,0.005981938292219403,0.8584987900706188,0.9910899022279194,0.16993104559562242,0.22081992827061037,2,3.281369277379879,2,1,3.2814875005377386,3.3270750767400594,3.28149;3.36387,3.32708,0.005636544766864397,0.00047351818269041925,2,3.281372617229024,2,1,3.281490601879429,3.327072731169761,3.28149;3.36387,3.32707,0.0060297575893120585,0.0005072025894514208
158000.0,0.005,3.3034109488212047,3.4101530529246102,3.3567820008729075,0.03179893841055154,3.1798938410551543,3.3918565193121104,3.321000437028616,-0.9791897378588525,0.005974524787725455,0.8412758483243908,0.9843184996604832,0.3261217120090931,0.09481039146561442,2,3.4109354897536064,2,1,3.4109080074748546,3.327430296407609,3.29888;3.41091,3.32743,0.010960859449494256,0.0002631648499748275,2,3.4109332334057374,2,1,3.410905843666367,3.3274321708920302,3.29889;3.41091,3.32743,0.011698068637763665,0.0002812368416951885
145000.0,0.01,3.233656332722451,3.3374762631841564,3.2855662979533036,0.03159879334237714,1.579939667118857,3.249497823071362,3.321000437028616,-0.9776060622158209,0.005990588802678926,0.6230913833384852,0.983077911734274,0.0756371336916034,0.6631079985916211,2,3.2331496218161453,2,1,3.2331996162173864,3.327042134858554,3.23320;3.33802,3.32704,0.001784945281105784,0.0002397755098448725,2,3.2331523488809557,2,1,3.2332021076375823,3.327036975293281,3.23320;3.33790,3.32704,0.0019199261395828613,0.0002574992318150948
151600.0,0.01,3.283269380161662,3.3609375564655175,3.32210346831359,0.0233792165249093,1.168960826245465,3.3225345900600525,3.321000437028616,-0.9881039999278224,0.005981938292219403,0.8584987900706188,0.9910899022279194,0.16993104559562242,0.22081992827061037,2,3.2796692769601967,2,1,3.2799247908974674,3.327335072602973,3.27992;3.36599,3.32734,0.0010287420757099242,0.00045577823908538403,2,3.279681235465536,2,1,3.2799359210301193,3.327330122066511,3.27994;3.36597,3.32733,0.0011022594221377967,0.0004886132998923408
158000.0,0.01,3.3034109488212047,3.4101530529246102,3.3567820008729075,0.03179893841055154,1.5899469205275771,3.3918565193121104,3.321000437028616,-0.9791897378588525,0.005974524787725455,0.8412758483243908,0.9843184996604832,0.3261217120090931,0.09481039146561442,2,3.4125632058184836,2,1,3.4124793248030043,3.327632821059824,3.29650;3.41248,3.32763,0.002037620351179049,0.0002972884505127834,2,3.4125540897482147,2,1,3.4124705781676767,3.3276281233418534,3.29653;3.41247,3.32763,0.0021801200796839866,0.00031812669147555467
145000.0,0.02,3.233656332722451,3.3374762631841564,3.2855662979533036,0.03159879334237714,0.7899698335594285,3.249497823071362,3.321000437028616,-0.9776060622158209,0.005990588802678926,0.6230913833384852,0.983077911734274,0.0756371336916034,0.6631079985916211,1,3.233720235199976,1,1,3.2338375563235187,3.328064376336599,3.23384,3.32806,0.0006518406339452125,0.00023808615916381452,1,3.233729018898135,1,1,3.2338453073040943,3.328047779936382,3.23385,3.32805,0.000701820039926397,0.0002556662930691787
151600.0,0.02,3.283269380161662,3.3609375564655175,3.32210346831359,0.0233792165249093,0.5844804131227325,3.3225345900600525,3.321000437028616,-0.9881039999278224,0.005981938292219403,0.8584987900706188,0.9910899022279194,0.16993104559562242,0.22081992827061037,1,3.2890443448895956,1,1,3.289512975238428,3.328348284473706,3.28951,3.32835,0.00036257895031784233,0.00033791544618358915,1,3.289096317735001,1,1,3.289561369904444,3.3283312183030422,3.28956,3.32833,0.0003886445039141005,0.00036225460685857403
158000.0,0.02,3.3034109488212047,3.4101530529246102,3.3567820008729075,0.03179893841055154,0.7949734602637886,3.3918565193121104,3.321000437028616,-0.9791897378588525,0.005974524787725455,0.8412758483243908,0.9843184996604832,0.3261217120090931,0.09481039146561442,1,3.4143238142704435,1,1,3.4141490371004273,3.3286283252856936,3.41415,3.32863,0.0006021148967685105,0.00027910572480543597,1,3.4142846371379103,1,1,3.414111363711754,3.328610270718714,3.41411,3.32861,0.0006449359925914647,0.00029877483609123484
145000.0,0.03,3.233656332722451,3.3374762631841564,3.2855662979533036,0.03159879334237714,0.5266465557062857,3.249497823071362,3.321000437028616,-0.9776060622158209,0.005990588802678926,0.6230913833384852,0.983077911734274,0.0756371336916034,0.6631079985916211,1,3.2367640243523956,1,1,3.236907604286357,3.3297528056528876,3.23691,3.32975,0.000443963007746508,0.00023019795180450372,1,3.236771088405119,1,1,3.2369124462237298,3.3297165862088796,3.23691,3.32972,0.0004785322296564767,0.000247113097270365
151600.0,0.03,3.283269380161662,3.3609375564655175,3.32210346831359,0.0233792165249093,0.38965360874848837,3.3225345900600525,3.321000437028616,-0.9881039999278224,0.005981938292219403,0.8584987900706188,0.9910899022279194,0.16993104559562242,0.22081992827061037,1,3.314970989314578,1,1,3.315162853076224,3.3300350053856222,3.31516,3.33004,0.0002722428440792111,0.00026969247131906617,1,3.314953243800317,1,1,3.3151419527713935,3.3299982158305275,3.31514,3.33000,0.0002917586851655826,0.0002890026331540742
158000.0,0.03,3.3034109488212047,3.4101530529246102,3.3567820008729075,0.03179893841055154,0.5299823068425258,3.3918565193121104,3.321000437028616,-0.9791897378588525,0.005974524787725455,0.8412758483243908,0.9843184996604832,0.3261217120090931,0.09481039146561442,1,3.4127178609151403,1,1,3.4125121412211343,3.3303116111994373,3.41251,3.33031,0.00040274785786472024,0.00025627032044478525,1,3.412622603840629,1,1,3.4124201336923954,3.3302736144399994,3.41242,3.33027,0.00043153511563758553,0.000274269307911813
