case,n,T_at,f_lo,f_hi,f_host,phi_a,phi_p,term_deck,term_pylon,pylon_over_deck,s_fe,s_one,s_two,ratio_fe_one,ratio_fe_two,mu_factor,EI_p,f_pylon,Hp,Ld,Lc,theta_deg
worked_rigid,1,151000.0,3.2796820459557834,3.3572167135434614,3.321000437028616,-0.005406160981000173,0.0,-0.004428467819341673,0.0,-0.0,0.023364728135020708,0.02337598755226385,0.02337598755226385,0.9995183340503596,0.9995183340503596,1.0,inf,inf,14.339410908776152,,,
worked_pylon,1,150500.0,3.2739744269136364,3.3497633009600394,3.3134353046629093,0.005393615859500038,-0.00013832742943704822,0.004418191457418984,-7.93413540261029e-05,-0.01795788045646453,0.022884020219421465,0.023321743032898,0.02290293395947683,0.9812311278424141,0.9991741782913564,0.9644067245575596,100000000000.0,19.243906329234232,14.339410908776152,,,
worked_pylon,1,149000.0,3.259071765995916,3.330910436581192,3.296450031404244,-0.005361989940133566,0.0004496716021035301,-0.004392285020917419,0.00025792103506280833,-0.05872137938100752,0.021802386828050087,0.023184994034849703,0.0218235392041829,0.9403662901650353,0.9990307540892012,0.8860054416343934,30000000000.0,10.540321591038028,14.339410908776152,,,
worked_pylon,1,145000.0,3.2194858053984174,3.281005790929395,3.2521228480779674,0.005257381607981034,-0.0012482245884090485,0.004306594891785011,-0.0007159522111854133,-0.16624554414233822,0.018927794804236214,0.022732672493028308,0.018953466984615253,0.8326251482328362,0.9986455153350109,0.6951464926625056,10000000000.0,6.08545750793103,14.339410908776152,,,
worked_pylon,1,140000.0,3.1694258677822504,3.2182649085964665,3.196683053433559,0.00508416397556859,-0.002204335153368911,0.004164703314087459,-0.0012643547017926764,-0.30358818058320997,0.015291610857187958,0.021983687541722478,0.01530969983842117,0.6955889828840709,0.9988184627116061,0.4849894222234037,5000000000.0,4.30306827048062,14.339410908776152,,,
worked_pylon,1,135500.0,3.1209801642016504,3.1572233420978653,3.139770850888967,0.004862626441706852,-0.003117134967786826,0.003983230390337874,-0.0017879151664484004,-0.4488605958584138,0.011545716178154686,0.021025769593642222,0.011588130125458255,0.5491221677634042,0.9963398799595469,0.3037546427975427,3000000000.0,3.333142349832998,14.339410908776152,,,
worked_pylon,1,131000.0,3.0738699794627196,3.099231181818698,3.0879197834608845,0.004627541774553032,-0.003873289167389915,0.003790660304657825,-0.0022216273975886177,-0.5860792629871802,0.008216681273602807,0.020009274474013152,0.008282253637375328,0.4106436384924471,0.9920827872891248,0.17133037652923602,2000000000.0,2.7214993323840497,14.339410908776152,,,
worked_pylon,1,123500.0,2.9914565935445934,2.999988440983251,2.996777129602723,-0.004147085985652412,0.004989700590456465,-0.003397093962989402,0.0028619746831327294,-0.842477339253291,0.0028480099173036604,0.017931806085590103,0.002824665806596181,0.15882448782402933,1.0082643796844801,0.02481338864872276,1000000000.0,1.9243906329234235,14.339410908776152,,,
worked_pylon,1,120000.0,2.9026967170895404,2.953922907141796,2.9052357964472173,0.0035688375977224666,-0.0057477817820739885,0.002923420613909773,-0.003296792191485463,-1.127717364993313,0.017493432505095895,0.015431487066997672,0.001970868866125332,1.1336193608008118,8.876000228004743,0.01631172532083515,500000000.0,1.3607496661920249,14.339410908776152,,,
worked_rigid,2,105250.0,5.553641134598609,5.553800545128247,5.553641134484102,4.5620147432452763e-14,0.0,3.736983703005888e-14,0.0,0.0,2.8703374590534897e-05,9.862969325750305e-14,9.862969325750305e-14,291021634.99176604,291021634.99176604,1.0,inf,inf,14.339410908776152,,,
worked_pylon,2,105250.0,5.553641082663505,5.553737660485135,5.553641091996456,-1.3666712342755291e-10,-2.867983752498668e-12,-1.1195115354277593e-10,-1.6450079002708866e-12,0.014693979009714607,1.738984937185524e-05,2.954711288910916e-10,2.911294823251892e-10,58854.64829379322,59732.35425339342,0.9708279549997088,100000000000.0,19.243906329234232,14.339410908776152,,,
worked_pylon,2,105250.0,5.5535734852267495,5.553641135949043,5.5536411345992445,1.9230863972124296e-12,7.65821977208005e-12,1.5753001536209137e-12,4.3925744056627955e-12,2.7884047338954563,1.2181401836684876e-05,4.157667875702891e-12,7.435592910872116e-12,2929864.0970992665,1638255.6149454566,3.1983914922196788,30000000000.0,10.540321591038028,14.339410908776152,,,
worked_pylon,2,105250.0,5.5527671088639705,5.553641133925541,5.5536411325948505,-4.600822835653117e-12,4.0307618651510285e-13,-3.768773431236727e-12,2.3119500263930226e-13,-0.06134489293601165,0.0001573911281602002,9.946871515145055e-12,1.0557061283289892e-11,15823178.968438195,14908611.77526029,1.126452981761354,10000000000.0,6.08545750793103,14.339410908776152,,,
worked_pylon,2,105750.0,5.551985817387761,5.553641137269483,5.5536411352547095,-1.140934946772321e-12,-3.521667602248665e-11,-9.345991940492988e-13,-2.0199455533107223e-11,21.612960573601487,0.00029810471547080813,2.4666747075628513e-12,5.084546849489304e-11,120852869.06977068,5862955.4273995925,424.8941436088495,5000000000.0,4.30306827048062,14.339410908776152,,,
worked_pylon,2,105250.0,5.553641134794792,5.556768188782409,5.553641133739844,-1.9216763217455773e-12,4.521671763649343e-13,-1.57414508741964e-12,2.5935243765431396e-13,-0.1647576451033799,0.0005629052713622854,4.1546193254768865e-12,4.8391246218434504e-12,135489012.8947428,116323780.71467155,1.356660371826771,3000000000.0,3.333142349832998,14.339410908776152,,,
worked_pylon,2,105250.0,5.553641135150815,5.555494393658495,5.553641133979456,-1.1840402046396579e-12,-3.033924628221684e-12,-9.69908954150932e-13,-1.7401876764130658e-12,1.7941763182673611,0.0003336458544184213,2.559867268317634e-12,2.0329859624056254e-12,130337169.64461838,164116162.42722073,0.6307160244967007,2000000000.0,2.7214993323840497,14.339410908776152,,,
worked_pylon,2,105250.0,5.553641134168422,5.554687693816008,5.553641134232434,9.578767476727095e-13,-2.978011078033385e-13,7.846466960329907e-13,-1.708116981552326e-13,-0.2176924965322874,0.00018842791994943213,2.070907156565814e-12,2.5217281055652067e-12,90988106.03460476,74721743.20997977,1.4827750161110345,1000000000.0,1.9243906329234235,14.339410908776152,,,
worked_pylon,2,105250.0,5.553641134470866,5.5539821888510845,5.5536411344704435,-2.0911740326380914e-13,-4.36512692304815e-14,-1.7129894837995474e-13,-2.5037339447419646e-14,0.1461616646465618,6.140906480005736e-05,4.5210694176851654e-13,3.86026238561364e-13,135828626.20919332,159080027.89892113,0.7290399029191305,500000000.0,1.3607496661920249,14.339410908776152,,,
longspan_rigid,1,334628.2795240665,0.7933951421172091,0.800943961521984,0.7976519194278012,0.0008392546285860679,0.0,0.0006119647580134088,0.0,0.0,0.009469528016397766,0.009413307533859397,0.009413307533859397,1.0059724472334666,1.0059724472334666,1.0,inf,inf,77.23882887671675,560.1161559339743,112.86852483543748,43.182597965892
longspan_pylon,1,334628.2795240665,0.7933691840982879,0.8008435508403323,0.7975350350394753,-0.0008393236258077238,7.655441565798136e-06,-0.000612015069166444,5.2388151784432315e-06,-0.008559944750344831,0.00937687496560132,0.00941408142541067,0.009333497408533908,0.9960477864883427,1.0046475136991788,0.9829533831534395,20000000000000.0,3.425065332689383,77.23882887671675,560.1161559339743,112.86852483543748,43.182597965892
longspan_pylon,1,334628.2795240665,0.7932720129651539,0.8004843278888841,0.797113344201453,0.0008394572516054379,-3.549438250980677e-05,0.0006121125059587799,-2.4289717091251702e-05,-0.03968178538225682,0.009050712130645233,0.009415580208599344,0.00904195317551228,0.961248476475101,1.00096870166909,0.9222110733266098,5000000000000.0,1.7125326663446916,77.23882887671675,560.1161559339743,112.86852483543748,43.182597965892
longspan_pylon,1,334628.2795240665,0.7928589056386921,0.7993258782180572,0.7956673665117086,0.0008385182447939171,-0.00013055381797801033,0.000611427804252513,-8.934132895515203e-05,-0.14611917929439636,0.008123394526733484,0.009405048053527258,0.008030790150721496,0.8637270623712439,1.011531166208305,0.7291124559688753,2000000000000.0,1.0831007586180816,77.23882887671675,560.1161559339743,112.86852483543748,43.182597965892
longspan_pylon,1,323903.01415470534,0.7813826670354593,0.7829640736838054,0.7817204449488925,-0.000740697220900751,0.0009084461750534234,-0.0005400990118021701,0.0006216730373765699,-1.1510353172137986,0.002021810903149186,0.008307860918873346,0.0012547804092501553,0.24336118802327877,1.611286634892077,0.02281166704587274,1000000000000.0,0.7658678911271394,77.23882887671675,560.1161559339743,112.86852483543748,43.182597965892
longspan_pylon,1,338918.3856718109,0.7972566059095716,0.807321897231439,0.8024915016657799,-0.0008229512365064724,-0.0003156838630888566,-0.0006000767075350977,-0.00021603057110750412,0.36000492669492384,0.012545713783606458,0.009230444266546978,0.012553449678086803,1.3591668419552345,0.9993837634531766,1.8496134006344653,500000000000.0,0.5415503793090408,77.23882887671675,560.1161559339743,112.86852483543748,43.182597965892
longspan_pylon,1,336773.33259793866,0.7953338664290674,0.8041845458839686,0.800108227353626,-0.0008331461213036919,-0.00016169886249585427,-0.0006075105780142108,-0.00011065468241112084,0.18214445380164626,0.011066680304232735,0.009344792859452776,0.011046895050727324,1.1842617028196805,1.0017910239406238,1.3974655096539923,200000000000.0,0.3425065332689384,77.23882887671675,560.1161559339743,112.86852483543748,43.182597965892
