rho,kappa,u_dip,u_3db,s_over_zeta_dip,s_over_zeta_3db,frac_unres_dip_0.2pct,frac_unres_3db_0.2pct,frac_unres_dip_0.5pct,frac_unres_3db_0.5pct,frac_unres_dip_1pct,frac_unres_3db_1pct,frac_unres_dip_2pct,frac_unres_3db_2pct
0.25,0.5,0.529940857427282,1.3505639896489539,1.059881714854564,2.7011279792979077,0.33966745843230406,0.669833729216152,0.665083135391924,0.8788598574821853,0.8456057007125891,0.9619952494061758,0.9429928741092637,0.9904988123515439
0.25,0.75,0.849694722439599,1.7369961603631214,1.699389444879198,3.473992320726243,0.517814726840855,0.7434679334916865,0.7885985748218527,0.9192399049881235,0.9168646080760094,0.9762470308788599,0.9738717339667459,0.997624703087886
0.25,1.0,1.06355486454544,1.996907840214127,2.12710972909088,3.993815680428254,0.5985748218527316,0.7767220902612827,0.8456057007125891,0.9382422802850356,0.9429928741092637,0.9857482185273159,0.9857482185273159,1.0
0.25,1.5,1.2997664439743672,2.336830448459882,2.5995328879487345,4.673660896919764,0.6603325415676959,0.8218527315914489,0.8717339667458432,0.9453681710213777,0.9572446555819477,0.9904988123515439,0.9904988123515439,1.0
0.25,2.0,1.436416402815812,2.553041653878923,2.872832805631624,5.106083307757846,0.6817102137767221,0.8408551068883611,0.8883610451306413,0.9572446555819477,0.9667458432304038,0.9904988123515439,0.9904988123515439,1.0
0.5,0.5,0.6667971743860108,1.1947840595420671,1.3335943487720217,2.3895681190841342,0.4346793349168646,0.6365795724465558,0.7315914489311164,0.8527315914489311,0.8764845605700713,0.9477434679334917,0.9619952494061758,0.9904988123515439
0.5,0.75,0.5037350351263012,1.2627175372727772,1.0074700702526025,2.5254350745455545,0.32304038004750596,0.6460807600950119,0.6460807600950119,0.8669833729216152,0.838479809976247,0.9548693586698337,0.9382422802850356,0.9904988123515439
0.5,1.0,0.7719438240687303,1.4575668557046442,1.5438876481374606,2.9151337114092883,0.4821852731591449,0.684085510688836,0.7648456057007126,0.8931116389548693,0.9097387173396675,0.9691211401425178,0.9738717339667459,0.9904988123515439
0.5,1.5,0.9762260832016181,1.6913706829764064,1.9524521664032362,3.3827413659528127,0.5653206650831354,0.7315914489311164,0.828978622327791,0.9144893111638955,0.9334916864608076,0.9738717339667459,0.9857482185273159,0.995249406175772
0.5,2.0,1.0788910134047909,1.83041777553363,2.1577820268095818,3.66083555106726,0.5985748218527316,0.7577197149643705,0.8456057007125891,0.9263657957244655,0.9429928741092637,0.9786223277909739,0.9857482185273159,0.997624703087886
0.75,0.5,0.759779633781145,1.3116890603604485,1.51955926756229,2.623378120720897,0.4821852731591449,0.6603325415676959,0.7648456057007126,0.8717339667458432,0.9049881235154394,0.9619952494061758,0.9714964370546318,0.9904988123515439
0.75,0.75,0.6229583320907841,1.1793418499107624,1.2459166641815682,2.358683699821525,0.4085510688836104,0.6294536817102138,0.7078384798099763,0.850356294536817,0.8669833729216152,0.9477434679334917,0.9548693586698337,0.9904988123515439
0.75,1.0,0.6250756132554672,1.2532055538465912,1.2501512265109345,2.5064111076931823,0.4085510688836104,0.6460807600950119,0.7078384798099763,0.8669833729216152,0.8669833729216152,0.9548693586698337,0.9548693586698337,0.9904988123515439
0.75,1.5,0.8351983237576495,1.4526270495778193,1.670396647515299,2.9052540991556386,0.5130641330166271,0.6817102137767221,0.7814726840855107,0.8931116389548693,0.9144893111638955,0.9691211401425178,0.9738717339667459,0.9904988123515439
0.75,2.0,0.9261746745150593,1.5635697540750075,1.8523493490301186,3.127139508150015,0.5486935866983373,0.7078384798099763,0.8218527315914489,0.9144893111638955,0.9263657957244655,0.9738717339667459,0.9809976247030879,0.995249406175772
1.0,0.5,0.8367953870685595,1.4223364235153135,1.673590774137119,2.844672847030627,0.5130641330166271,0.6793349168646081,0.7814726840855107,0.8859857482185273,0.9144893111638955,0.9667458432304038,0.9738717339667459,0.9904988123515439
1.0,0.75,0.7023944874315929,1.2778580638515158,1.4047889748631859,2.5557161277030316,0.46080760095011875,0.6532066508313539,0.7505938242280285,0.8669833729216152,0.8859857482185273,0.9572446555819477,0.9643705463182898,0.9904988123515439
1.0,1.0,0.4858682807978766,1.1398034266958221,0.9717365615957532,2.2796068533916443,0.3159144893111639,0.6247030878859857,0.6437054631828979,0.8479809976247031,0.8266033254156769,0.9429928741092637,0.9334916864608076,0.9881235154394299
1.0,1.5,0.7502666392498942,1.325248051912426,1.5005332784997885,2.650496103824852,0.47268408551068886,0.665083135391924,0.7624703087885986,0.8741092636579573,0.9002375296912114,0.9619952494061758,0.9714964370546318,0.9904988123515439
1.0,2.0,0.8367953870685595,1.4223364235153135,1.673590774137119,2.844672847030627,0.5130641330166271,0.6793349168646081,0.7814726840855107,0.8859857482185273,0.9144893111638955,0.9667458432304038,0.9738717339667459,0.9904988123515439
1.5,0.5,0.9670172851871758,1.6320299085088865,1.9340345703743516,3.264059817017773,0.5653206650831354,0.7244655581947743,0.8266033254156769,0.9144893111638955,0.9334916864608076,0.9738717339667459,0.9857482185273159,0.995249406175772
1.5,0.75,0.8252148128869884,1.458966427389227,1.6504296257739768,2.917932854778454,0.5083135391923991,0.684085510688836,0.7790973871733967,0.8931116389548693,0.9144893111638955,0.9691211401425178,0.9738717339667459,0.9904988123515439
1.5,1.0,0.6678398629852744,1.3064242310390681,1.3356797259705488,2.6128484620781363,0.4346793349168646,0.6603325415676959,0.7315914489311164,0.8717339667458432,0.8764845605700713,0.9619952494061758,0.9619952494061758,0.9904988123515439
1.5,1.5,0.6445498285749636,1.188330030438284,1.2890996571499271,2.376660060876568,0.41330166270783847,0.6318289786223278,0.7197149643705463,0.850356294536817,0.8693586698337292,0.9477434679334917,0.9572446555819477,0.9904988123515439
1.5,2.0,0.7311558570472699,1.2736060084145269,1.4623117140945399,2.5472120168290537,0.4679334916864608,0.6508313539192399,0.7577197149643705,0.8669833729216152,0.8931116389548693,0.9572446555819477,0.9691211401425178,0.9904988123515439
2.0,0.5,1.0788910134047909,1.83041777553363,2.1577820268095818,3.66083555106726,0.5985748218527316,0.7577197149643705,0.8456057007125891,0.9263657957244655,0.9429928741092637,0.9786223277909739,0.9857482185273159,0.997624703087886
2.0,0.75,0.9257147999205333,1.6280940668770558,1.8514295998410666,3.2561881337541116,0.5486935866983373,0.7220902612826603,0.8218527315914489,0.9144893111638955,0.9263657957244655,0.9738717339667459,0.9809976247030879,0.995249406175772
2.0,1.0,0.7719438240687303,1.4575668557046442,1.5438876481374606,2.9151337114092883,0.4821852731591449,0.684085510688836,0.7648456057007126,0.8931116389548693,0.9097387173396675,0.9691211401425178,0.9738717339667459,0.9904988123515439
2.0,1.5,0.573895510176517,1.1746567307775928,1.147791020353034,2.3493134615551856,0.3847980997624703,0.6294536817102138,0.6817102137767221,0.850356294536817,0.8479809976247031,0.9477434679334917,0.9429928741092637,0.9904988123515439
2.0,2.0,0.6667971743860108,1.1947840595420671,1.3335943487720217,2.3895681190841342,0.4346793349168646,0.6365795724465558,0.7315914489311164,0.8527315914489311,0.8764845605700713,0.9477434679334917,0.9619952494061758,0.9904988123515439
4.0,0.5,1.436416402815812,2.553041653878923,2.872832805631624,5.106083307757846,0.6817102137767221,0.8408551068883611,0.8883610451306413,0.9572446555819477,0.9667458432304038,0.9904988123515439,0.9904988123515439,1.0
4.0,0.75,1.2369080266375385,2.241900917998307,2.473816053275077,4.483801835996614,0.6460807600950119,0.8052256532066508,0.8646080760095012,0.9429928741092637,0.9524940617577197,0.9881235154394299,0.9904988123515439,1.0
4.0,1.0,1.06355486454544,1.996907840214127,2.12710972909088,3.993815680428254,0.5985748218527316,0.7767220902612827,0.8456057007125891,0.9382422802850356,0.9429928741092637,0.9857482185273159,0.9857482185273159,1.0
4.0,1.5,0.73819240354831,1.6271308438030072,1.47638480709662,3.2542616876060144,0.4679334916864608,0.7220902612826603,0.7577197149643705,0.9144893111638955,0.8954869358669834,0.9738717339667459,0.9691211401425178,0.995249406175772
4.0,2.0,0.529940857427282,1.3505639896489539,1.059881714854564,2.7011279792979077,0.33966745843230406,0.669833729216152,0.665083135391924,0.8788598574821853,0.8456057007125891,0.9619952494061758,0.9429928741092637,0.9904988123515439
