block,config,station,x_over_Lb,theta_deg,beam_mode,wire_mode,T_N,f_iso_Hz,sigma_wire_MPa,xi,f0_Hz,mass_ratio,mu_eff,s_pred_pct,s_fe_pct,rho_wire,zeta_dip_max_pct,zeta_3dB_max_pct,df_req_Hz,T_record_s,lam2,d_pct,eps_pred_pct,eps_f_pred_pct,eps_f_fe_pct,eps_T_fe_string_pct,eps_T_fe_tbeam_pct,branch,zeta_pct,u,dip_dB,eps_merged_pct
sweep,,,,0.0,,1,20.0,12.727962567735732,11.317684842090335,29.57696563217705,,,,,,,,,,,,,,,,,,,,,,
sweep,,,,0.0,,2,20.0,25.87841008826092,11.317684842090335,29.57696563217705,,,,,,,,,,,,,,,,,,,,,,
sweep,,,,0.0,,3,20.0,39.851438936279294,11.317684842090335,29.57696563217705,,,,,,,,,,,,,,,,,,,,,,
sweep,,,,0.0,,4,20.0,55.00705574633534,11.317684842090335,29.57696563217705,,,,,,,,,,,,,,,,,,,,,,
sweep,,,,0.0,,5,20.0,71.65490205014504,11.317684842090335,29.57696563217705,,,,,,,,,,,,,,,,,,,,,,
sweep,,,,0.0,,6,20.0,90.05151559435075,11.317684842090335,29.57696563217705,,,,,,,,,,,,,,,,,,,,,,
sweep,,,,0.0,,7,20.0,110.40333068834397,11.317684842090335,29.57696563217705,,,,,,,,,,,,,,,,,,,,,,
sweep,,,,0.0,,8,20.0,132.87297949941436,11.317684842090335,29.57696563217705,,,,,,,,,,,,,,,,,,,,,,
sweep,,,,0.0,,9,20.0,157.58678556800888,11.317684842090335,29.57696563217705,,,,,,,,,,,,,,,,,,,,,,
sweep,,,,0.0,,10,20.0,184.64205932610915,11.317684842090335,29.57696563217705,,,,,,,,,,,,,,,,,,,,,,
sweep,,,,0.0,,11,20.0,214.11348775897847,11.317684842090335,29.57696563217705,,,,,,,,,,,,,,,,,,,,,,
sweep,,,,0.0,,12,20.0,246.05838607554932,11.317684842090335,29.57696563217705,,,,,,,,,,,,,,,,,,,,,,
sweep,,,,0.0,,1,25.0,14.214410149671062,14.147106052612918,33.068052860861464,,,,,,,,,,,,,,,,,,,,,,
sweep,,,,0.0,,2,25.0,28.80773867914251,14.147106052612918,33.068052860861464,,,,,,,,,,,,,,,,,,,,,,
sweep,,,,0.0,,3,25.0,44.14264387515212,14.147106052612918,33.068052860861464,,,,,,,,,,,,,,,,,,,,,,
sweep,,,,0.0,,4,25.0,60.55205180932087,14.147106052612918,33.068052860861464,,,,,,,,,,,,,,,,,,,,,,
sweep,,,,0.0,,5,25.0,78.33029814350654,14.147106052612918,33.068052860861464,,,,,,,,,,,,,,,,,,,,,,
sweep,,,,0.0,,6,25.0,97.7293136823626,14.147106052612918,33.068052860861464,,,,,,,,,,,,,,,,,,,,,,
sweep,,,,0.0,,7,25.0,118.9591032295214,14.147106052612918,33.068052860861464,,,,,,,,,,,,,,,,,,,,,,
sweep,,,,0.0,,8,25.0,142.19116662720202,14.147106052612918,33.068052860861464,,,,,,,,,,,,,,,,,,,,,,
sweep,,,,0.0,,9,25.0,167.56347272787758,14.147106052612918,33.068052860861464,,,,,,,,,,,,,,,,,,,,,,
sweep,,,,0.0,,10,25.0,195.18589229225913,14.147106052612918,33.068052860861464,,,,,,,,,,,,,,,,,,,,,,
sweep,,,,0.0,,11,25.0,225.14538644702088,14.147106052612918,33.068052860861464,,,,,,,,,,,,,,,,,,,,,,
sweep,,,,0.0,,12,25.0,257.5105872115712,14.147106052612918,33.068052860861464,,,,,,,,,,,,,,,,,,,,,,
sweep,,,,0.0,,1,36.0,17.033965786431796,20.371832715762604,39.681663433033755,,,,,,,,,,,,,,,,,,,,,,
sweep,,,,0.0,,2,36.0,34.38476328036581,20.371832715762604,39.681663433033755,,,,,,,,,,,,,,,,,,,,,,
sweep,,,,0.0,,3,36.0,52.35963921648832,20.371832715762604,39.681663433033755,,,,,,,,,,,,,,,,,,,,,,
sweep,,,,0.0,,4,36.0,71.24784579538385,20.371832715762604,39.681663433033755,,,,,,,,,,,,,,,,,,,,,,
sweep,,,,0.0,,5,36.0,91.31428677927161,20.371832715762604,39.681663433033755,,,,,,,,,,,,,,,,,,,,,,
sweep,,,,0.0,,6,36.0,112.79562932664942,20.371832715762604,39.681663433033755,,,,,,,,,,,,,,,,,,,,,,
sweep,,,,0.0,,7,36.0,135.89881689026782,20.371832715762604,39.681663433033755,,,,,,,,,,,,,,,,,,,,,,
sweep,,,,0.0,,8,36.0,160.80157361002784,20.371832715762604,39.681663433033755,,,,,,,,,,,,,,,,,,,,,,
sweep,,,,0.0,,9,36.0,187.6543276558178,20.371832715762604,39.681663433033755,,,,,,,,,,,,,,,,,,,,,,
sweep,,,,0.0,,10,36.0,216.5829771726096,20.371832715762604,39.681663433033755,,,,,,,,,,,,,,,,,,,,,,
sweep,,,,0.0,,11,36.0,247.69201786516965,20.371832715762604,39.681663433033755,,,,,,,,,,,,,,,,,,,,,,
sweep,,,,0.0,,12,36.0,281.0676849008531,20.371832715762604,39.681663433033755,,,,,,,,,,,,,,,,,,,,,,
sweep,,,,0.0,,1,50.0,20.057207676793404,28.294212105225835,46.765288837100705,,,,,,,,,,,,,,,,,,,,,,
sweep,,,,0.0,,2,50.0,40.383837154900945,28.294212105225835,46.765288837100705,,,,,,,,,,,,,,,,,,,,,,
sweep,,,,0.0,,3,50.0,61.24338432248044,28.294212105225835,46.765288837100705,,,,,,,,,,,,,,,,,,,,,,
sweep,,,,0.0,,4,50.0,82.88802664142668,28.294212105225835,46.765288837100705,,,,,,,,,,,,,,,,,,,,,,
sweep,,,,0.0,,5,50.0,105.55419794789944,28.294212105225835,46.765288837100705,,,,,,,,,,,,,,,,,,,,,,
sweep,,,,0.0,,6,50.0,129.45939600027407,28.294212105225835,46.765288837100705,,,,,,,,,,,,,,,,,,,,,,
sweep,,,,0.0,,7,50.0,154.80029816390024,28.294212105225835,46.765288837100705,,,,,,,,,,,,,,,,,,,,,,
sweep,,,,0.0,,8,50.0,181.75209433612986,28.294212105225835,46.765288837100705,,,,,,,,,,,,,,,,,,,,,,
sweep,,,,0.0,,9,50.0,210.46883243717826,28.294212105225835,46.765288837100705,,,,,,,,,,,,,,,,,,,,,,
sweep,,,,0.0,,10,50.0,241.08451824748153,28.294212105225835,46.765288837100705,,,,,,,,,,,,,,,,,,,,,,
sweep,,,,0.0,,11,50.0,273.71470919316556,28.294212105225835,46.765288837100705,,,,,,,,,,,,,,,,,,,,,,
sweep,,,,0.0,,12,50.0,308.4583737974523,28.294212105225835,46.765288837100705,,,,,,,,,,,,,,,,,,,,,,
sweep,,,,0.0,,1,60.0,21.96334285451101,33.953054526271,51.228807208649194,,,,,,,,,,,,,,,,,,,,,,
sweep,,,,0.0,,2,60.0,44.17286159592421,33.953054526271,51.228807208649194,,,,,,,,,,,,,,,,,,,,,,
sweep,,,,0.0,,3,60.0,66.87020090641315,33.953054526271,51.228807208649194,,,,,,,,,,,,,,,,,,,,,,
sweep,,,,0.0,,4,60.0,90.28828580378702,33.953054526271,51.228807208649194,,,,,,,,,,,,,,,,,,,,,,
sweep,,,,0.0,,5,60.0,114.64776466767167,33.953054526271,51.228807208649194,,,,,,,,,,,,,,,,,,,,,,
sweep,,,,0.0,,6,60.0,140.1542785530568,33.953054526271,51.228807208649194,,,,,,,,,,,,,,,,,,,,,,
sweep,,,,0.0,,7,60.0,166.99664050458202,33.953054526271,51.228807208649194,,,,,,,,,,,,,,,,,,,,,,
sweep,,,,0.0,,8,60.0,195.34590389121377,33.953054526271,51.228807208649194,,,,,,,,,,,,,,,,,,,,,,
sweep,,,,0.0,,9,60.0,225.35521791475375,33.953054526271,51.228807208649194,,,,,,,,,,,,,,,,,,,,,,
sweep,,,,0.0,,10,60.0,257.16031943925213,33.953054526271,51.228807208649194,,,,,,,,,,,,,,,,,,,,,,
sweep,,,,0.0,,11,60.0,290.8804923414898,33.953054526271,51.228807208649194,,,,,,,,,,,,,,,,,,,,,,
sweep,,,,0.0,,12,60.0,326.61983207033995,33.953054526271,51.228807208649194,,,,,,,,,,,,,,,,,,,,,,
sweep,,,,0.0,,1,80.0,25.349203704541857,45.27073936836134,59.1539312643541,,,,,,,,,,,,,,,,,,,,,,
sweep,,,,0.0,,2,80.0,50.91185027094293,45.27073936836134,59.1539312643541,,,,,,,,,,,,,,,,,,,,,,
sweep,,,,0.0,,3,80.0,76.89842040802976,45.27073936836134,59.1539312643541,,,,,,,,,,,,,,,,,,,,,,
sweep,,,,0.0,,4,80.0,103.51364035304368,45.27073936836134,59.1539312643541,,,,,,,,,,,,,,,,,,,,,,
sweep,,,,0.0,,5,80.0,130.9540088009252,45.27073936836134,59.1539312643541,,,,,,,,,,,,,,,,,,,,,,
sweep,,,,0.0,,6,80.0,159.40575574511718,45.27073936836134,59.1539312643541,,,,,,,,,,,,,,,,,,,,,,
sweep,,,,0.0,,7,80.0,189.0432997918334,45.27073936836134,59.1539312643541,,,,,,,,,,,,,,,,,,,,,,
sweep,,,,0.0,,8,80.0,220.02822298534136,45.27073936836134,59.1539312643541,,,,,,,,,,,,,,,,,,,,,,
sweep,,,,0.0,,9,80.0,252.50874018393984,45.27073936836134,59.1539312643541,,,,,,,,,,,,,,,,,,,,,,
sweep,,,,0.0,,10,80.0,286.61960820058016,45.27073936836134,59.1539312643541,,,,,,,,,,,,,,,,,,,,,,
sweep,,,,0.0,,11,80.0,322.48240016640307,45.27073936836134,59.1539312643541,,,,,,,,,,,,,,,,,,,,,,
sweep,,,,0.0,,12,80.0,360.206062377403,45.27073936836134,59.1539312643541,,,,,,,,,,,,,,,,,,,,,,
sweep,,,,0.0,,1,96.0,27.762152073317477,54.32488724203361,64.79988503719366,,,,,,,,,,,,,,,,,,,,,,
sweep,,,,0.0,,2,96.0,55.71926359134245,54.32488724203361,64.79988503719366,,,,,,,,,,,,,,,,,,,,,,
sweep,,,,0.0,,3,96.0,84.06403330104327,54.32488724203361,64.79988503719366,,,,,,,,,,,,,,,,,,,,,,
sweep,,,,0.0,,4,96.0,112.98474714642515,54.32488724203361,64.79988503719366,,,,,,,,,,,,,,,,,,,,,,
sweep,,,,0.0,,5,96.0,142.66333237108958,54.32488724203361,64.79988503719366,,,,,,,,,,,,,,,,,,,,,,
sweep,,,,0.0,,6,96.0,173.2736953464872,54.32488724203361,64.79988503719366,,,,,,,,,,,,,,,,,,,,,,
sweep,,,,0.0,,7,96.0,204.98039467539255,54.32488724203361,64.79988503719366,,,,,,,,,,,,,,,,,,,,,,
sweep,,,,0.0,,8,96.0,237.93767315096724,54.32488724203361,64.79988503719366,,,,,,,,,,,,,,,,,,,,,,
sweep,,,,0.0,,9,96.0,272.288845844959,54.32488724203361,64.79988503719366,,,,,,,,,,,,,,,,,,,,,,
sweep,,,,0.0,,10,96.0,308.16601975853666,54.32488724203361,64.79988503719366,,,,,,,,,,,,,,,,,,,,,,
sweep,,,,0.0,,11,96.0,345.6901047049068,54.32488724203361,64.79988503719366,,,,,,,,,,,,,,,,,,,,,,
sweep,,,,0.0,,12,96.0,384.9710658099576,54.32488724203361,64.79988503719366,,,,,,,,,,,,,,,,,,,,,,
sweep,,,,0.0,,1,110.0,29.713173460919602,62.24726663149684,69.36413286445959,,,,,,,,,,,,,,,,,,,,,,
sweep,,,,0.0,,2,110.0,59.608545466805886,62.24726663149684,69.36413286445959,,,,,,,,,,,,,,,,,,,,,,
sweep,,,,0.0,,3,110.0,89.86646760182094,62.24726663149684,69.36413286445959,,,,,,,,,,,,,,,,,,,,,,
sweep,,,,0.0,,4,110.0,120.66367522070875,62.24726663149684,69.36413286445959,,,,,,,,,,,,,,,,,,,,,,
sweep,,,,0.0,,5,110.0,152.17166667169437,62.24726663149684,69.36413286445959,,,,,,,,,,,,,,,,,,,,,,
sweep,,,,0.0,,6,110.0,184.55528905070193,62.24726663149684,69.36413286445959,,,,,,,,,,,,,,,,,,,,,,
sweep,,,,0.0,,7,110.0,217.97157172607984,62.24726663149684,69.36413286445959,,,,,,,,,,,,,,,,,,,,,,
sweep,,,,0.0,,8,110.0,252.56883027128418,62.24726663149684,69.36413286445959,,,,,,,,,,,,,,,,,,,,,,
sweep,,,,0.0,,9,110.0,288.48604526231736,62.24726663149684,69.36413286445959,,,,,,,,,,,,,,,,,,,,,,
sweep,,,,0.0,,10,110.0,325.85250447324773,62.24726663149684,69.36413286445959,,,,,,,,,,,,,,,,,,,,,,
sweep,,,,0.0,,11,110.0,364.78768455838673,62.24726663149684,69.36413286445959,,,,,,,,,,,,,,,,,,,,,,
sweep,,,,0.0,,12,110.0,405.40133988567214,62.24726663149684,69.36413286445959,,,,,,,,,,,,,,,,,,,,,,
sweep,,,,0.0,,1,150.0,34.68803937004533,84.88263631567752,80.99985629649208,,,,,,,,,,,,,,,,,,,,,,
sweep,,,,0.0,,2,150.0,69.53221041750892,84.88263631567752,80.99985629649208,,,,,,,,,,,,,,,,,,,,,,
sweep,,,,0.0,,3,150.0,104.68748054663075,84.88263631567752,80.99985629649208,,,,,,,,,,,,,,,,,,,,,,
sweep,,,,0.0,,4,150.0,140.30652475660057,84.88263631567752,80.99985629649208,,,,,,,,,,,,,,,,,,,,,,
sweep,,,,0.0,,5,150.0,176.5386674162893,84.88263631567752,80.99985629649208,,,,,,,,,,,,,,,,,,,,,,
sweep,,,,0.0,,6,150.0,213.5289232223035,84.88263631567752,80.99985629649208,,,,,,,,,,,,,,,,,,,,,,
sweep,,,,0.0,,7,150.0,251.41716049918776,84.88263631567752,80.99985629649208,,,,,,,,,,,,,,,,,,,,,,
sweep,,,,0.0,,8,150.0,290.33740287918175,84.88263631567752,80.99985629649208,,,,,,,,,,,,,,,,,,,,,,
sweep,,,,0.0,,9,150.0,330.41727794841535,84.88263631567752,80.99985629649208,,,,,,,,,,,,,,,,,,,,,,
sweep,,,,0.0,,10,150.0,371.7776142983863,84.88263631567752,80.99985629649208,,,,,,,,,,,,,,,,,,,,,,
sweep,,,,0.0,,11,150.0,414.5321820920329,84.88263631567752,80.99985629649208,,,,,,,,,,,,,,,,,,,,,,
sweep,,,,0.0,,12,150.0,458.7875670990347,84.88263631567752,80.99985629649208,,,,,,,,,,,,,,,,,,,,,,
sweep,,,,0.0,,1,175.0,37.46334474155723,99.02974236829044,87.4898442109774,,,,,,,,,,,,,,,,,,,,,,
sweep,,,,0.0,,2,175.0,75.07127800359156,99.02974236829044,87.4898442109774,,,,,,,,,,,,,,,,,,,,,,
sweep,,,,0.0,,3,175.0,112.96746300676018,99.02974236829044,87.4898442109774,,,,,,,,,,,,,,,,,,,,,,
sweep,,,,0.0,,4,175.0,151.2937370530114,99.02974236829044,87.4898442109774,,,,,,,,,,,,,,,,,,,,,,
sweep,,,,0.0,,5,175.0,190.18925887203233,99.02974236829044,87.4898442109774,,,,,,,,,,,,,,,,,,,,,,
sweep,,,,0.0,,6,175.0,229.7897245579239,99.02974236829044,87.4898442109774,,,,,,,,,,,,,,,,,,,,,,
sweep,,,,0.0,,7,175.0,270.22666904644115,99.02974236829044,87.4898442109774,,,,,,,,,,,,,,,,,,,,,,
sweep,,,,0.0,,8,175.0,311.6268657214795,99.02974236829044,87.4898442109774,,,,,,,,,,,,,,,,,,,,,,
sweep,,,,0.0,,9,175.0,354.1118320554726,99.02974236829044,87.4898442109774,,,,,,,,,,,,,,,,,,,,,,
sweep,,,,0.0,,10,175.0,397.79744453942203,99.02974236829044,87.4898442109774,,,,,,,,,,,,,,,,,,,,,,
sweep,,,,0.0,,11,175.0,442.7936618565165,99.02974236829044,87.4898442109774,,,,,,,,,,,,,,,,,,,,,,
sweep,,,,0.0,,12,175.0,489.20435153867123,99.02974236829044,87.4898442109774,,,,,,,,,,,,,,,,,,,,,,
sweep,,,,0.0,,1,216.0,41.61609403102794,122.23099629457562,97.19982755579049,,,,,,,,,,,,,,,,,,,,,,
sweep,,,,0.0,,2,216.0,83.36237228984618,122.23099629457562,97.19982755579049,,,,,,,,,,,,,,,,,,,,,,
sweep,,,,0.0,,3,216.0,125.3683430805205,122.23099629457562,97.19982755579049,,,,,,,,,,,,,,,,,,,,,,
sweep,,,,0.0,,4,216.0,167.76217750810008,122.23099629457562,97.19982755579049,,,,,,,,,,,,,,,,,,,,,,
sweep,,,,0.0,,5,216.0,210.6700768254899,122.23099629457562,97.19982755579049,,,,,,,,,,,,,,,,,,,,,,
sweep,,,,0.0,,6,216.0,254.21568107945657,122.23099629457562,97.19982755579049,,,,,,,,,,,,,,,,,,,,,,
sweep,,,,0.0,,7,216.0,298.5195299130193,122.23099629457562,97.19982755579049,,,,,,,,,,,,,,,,,,,,,,
sweep,,,,0.0,,8,216.0,343.69858417306165,122.23099629457562,97.19982755579049,,,,,,,,,,,,,,,,,,,,,,
sweep,,,,0.0,,9,216.0,389.8658145295962,122.23099629457562,97.19982755579049,,,,,,,,,,,,,,,,,,,,,,
sweep,,,,0.0,,10,216.0,437.12986079602723,122.23099629457562,97.19982755579049,,,,,,,,,,,,,,,,,,,,,,
sweep,,,,0.0,,11,216.0,485.594763197081,122.23099629457562,97.19982755579049,,,,,,,,,,,,,,,,,,,,,,
sweep,,,,0.0,,12,216.0,535.3597645896763,122.23099629457562,97.19982755579049,,,,,,,,,,,,,,,,,,,,,,
sweep,,,,0.0,,1,250.0,44.768611446923494,141.4710605261292,104.57036482716927,,,,,,,,,,,,,,,,,,,,,,
sweep,,,,0.0,,2,250.0,89.6582526471262,141.4710605261292,104.57036482716927,,,,,,,,,,,,,,,,,,,,,,
sweep,,,,0.0,,3,250.0,134.78940998139038,141.4710605261292,104.57036482716927,,,,,,,,,,,,,,,,,,,,,,
sweep,,,,0.0,,4,250.0,180.28149327659588,141.4710605261292,104.57036482716927,,,,,,,,,,,,,,,,,,,,,,
sweep,,,,0.0,,5,250.0,226.25232259982232,141.4710605261292,104.57036482716927,,,,,,,,,,,,,,,,,,,,,,
sweep,,,,0.0,,6,250.0,272.8176440265493,141.4710605261292,104.57036482716927,,,,,,,,,,,,,,,,,,,,,,
sweep,,,,0.0,,7,250.0,320.09068226881624,141.4710605261292,104.57036482716927,,,,,,,,,,,,,,,,,,,,,,
sweep,,,,0.0,,8,250.0,368.18173668133943,141.4710605261292,104.57036482716927,,,,,,,,,,,,,,,,,,,,,,
sweep,,,,0.0,,9,250.0,417.1978256249806,141.4710605261292,104.57036482716927,,,,,,,,,,,,,,,,,,,,,,
sweep,,,,0.0,,10,250.0,467.24238254698076,141.4710605261292,104.57036482716927,,,,,,,,,,,,,,,,,,,,,,
sweep,,,,0.0,,11,250.0,518.4150055228586,141.4710605261292,104.57036482716927,,,,,,,,,,,,,,,,,,,,,,
sweep,,,,0.0,,12,250.0,570.8112604736644,141.4710605261292,104.57036482716927,,,,,,,,,,,,,,,,,,,,,,
sweep,,,,0.0,,1,317.0,50.40711718500307,179.3853047471318,117.75198852550503,,,,,,,,,,,,,,,,,,,,,,
sweep,,,,0.0,,2,317.0,100.92174114532509,179.3853047471318,117.75198852550503,,,,,,,,,,,,,,,,,,,,,,
sweep,,,,0.0,,3,317.0,151.6509975940961,179.3853047471318,117.75198852550503,,,,,,,,,,,,,,,,,,,,,,
sweep,,,,0.0,,4,317.0,202.70125576895583,179.3853047471318,117.75198852550503,,,,,,,,,,,,,,,,,,,,,,
sweep,,,,0.0,,5,317.0,254.1777641380922,179.3853047471318,117.75198852550503,,,,,,,,,,,,,,,,,,,,,,
sweep,,,,0.0,,6,317.0,306.1843023487811,179.3853047471318,117.75198852550503,,,,,,,,,,,,,,,,,,,,,,
sweep,,,,0.0,,7,317.0,358.82285404381696,179.3853047471318,117.75198852550503,,,,,,,,,,,,,,,,,,,,,,
sweep,,,,0.0,,8,317.0,412.1933045486991,179.3853047471318,117.75198852550503,,,,,,,,,,,,,,,,,,,,,,
sweep,,,,0.0,,9,317.0,466.39316671622726,179.3853047471318,117.75198852550503,,,,,,,,,,,,,,,,,,,,,,
sweep,,,,0.0,,10,317.0,521.5173374394003,179.3853047471318,117.75198852550503,,,,,,,,,,,,,,,,,,,,,,
sweep,,,,0.0,,11,317.0,577.6578865429997,179.3853047471318,117.75198852550503,,,,,,,,,,,,,,,,,,,,,,
sweep,,,,0.0,,12,317.0,634.9038789722306,179.3853047471318,117.75198852550503,,,,,,,,,,,,,,,,,,,,,,
sweep,,,,0.0,,1,400.0,56.61873642361953,226.35369684180668,132.27221144344585,,,,,,,,,,,,,,,,,,,,,,
sweep,,,,0.0,,2,400.0,113.33319567109488,226.35369684180668,132.27221144344585,,,,,,,,,,,,,,,,,,,,,,
sweep,,,,0.0,,3,400.0,170.23883144872255,226.35369684180668,132.27221144344585,,,,,,,,,,,,,,,,,,,,,,
sweep,,,,0.0,,4,400.0,227.430562394737,226.35369684180668,132.27221144344585,,,,,,,,,,,,,,,,,,,,,,
sweep,,,,0.0,,5,400.0,285.00251238341104,226.35369684180668,132.27221144344585,,,,,,,,,,,,,,,,,,,,,,
sweep,,,,0.0,,6,400.0,343.04776001568337,226.35369684180668,132.27221144344585,,,,,,,,,,,,,,,,,,,,,,
sweep,,,,0.0,,7,400.0,401.65810000307374,226.35369684180668,132.27221144344585,,,,,,,,,,,,,,,,,,,,,,
sweep,,,,0.0,,8,400.0,460.92381886628016,226.35369684180668,132.27221144344585,,,,,,,,,,,,,,,,,,,,,,
sweep,,,,0.0,,9,400.0,520.9334870357911,226.35369684180668,132.27221144344585,,,,,,,,,,,,,,,,,,,,,,
sweep,,,,0.0,,10,400.0,581.7737690720924,226.35369684180668,132.27221144344585,,,,,,,,,,,,,,,,,,,,,,
sweep,,,,0.0,,11,400.0,643.5292533313386,226.35369684180668,132.27221144344585,,,,,,,,,,,,,,,,,,,,,,
sweep,,,,0.0,,12,400.0,706.2823020024339,226.35369684180668,132.27221144344585,,,,,,,,,,,,,,,,,,,,,,
sweep,,,,0.0,,1,460.0,60.714598010165375,260.3067513680777,141.84614414273162,,,,,,,,,,,,,,,,,,,,,,
sweep,,,,0.0,,2,460.0,121.51846621126103,260.3067513680777,141.84614414273162,,,,,,,,,,,,,,,,,,,,,,
sweep,,,,0.0,,3,460.0,182.50065646179104,260.3067513680777,141.84614414273162,,,,,,,,,,,,,,,,,,,,,,
sweep,,,,0.0,,4,460.0,243.74978619158864,260.3067513680777,141.84614414273162,,,,,,,,,,,,,,,,,,,,,,
sweep,,,,0.0,,5,460.0,305.3538267290477,260.3067513680777,141.84614414273162,,,,,,,,,,,,,,,,,,,,,,
sweep,,,,0.0,,6,460.0,367.399898143168,260.3067513680777,141.84614414273162,,,,,,,,,,,,,,,,,,,,,,
sweep,,,,0.0,,7,460.0,429.97407255226955,260.3067513680777,141.84614414273162,,,,,,,,,,,,,,,,,,,,,,
sweep,,,,0.0,,8,460.0,493.1611876732705,260.3067513680777,141.84614414273162,,,,,,,,,,,,,,,,,,,,,,
sweep,,,,0.0,,9,460.0,557.0446721753036,260.3067513680777,141.84614414273162,,,,,,,,,,,,,,,,,,,,,,
sweep,,,,0.0,,10,460.0,621.7063841663651,260.3067513680777,141.84614414273162,,,,,,,,,,,,,,,,,,,,,,
sweep,,,,0.0,,11,460.0,687.2264638894227,260.3067513680777,141.84614414273162,,,,,,,,,,,,,,,,,,,,,,
sweep,,,,0.0,,12,460.0,753.6832014428786,260.3067513680777,141.84614414273162,,,,,,,,,,,,,,,,,,,,,,
sweep,,,,0.0,,1,520.0,64.55109223603156,294.2598058943487,150.81352491133396,,,,,,,,,,,,,,,,,,,,,,
sweep,,,,0.0,,2,520.0,129.1861525847569,294.2598058943487,150.81352491133396,,,,,,,,,,,,,,,,,,,,,,
sweep,,,,0.0,,3,520.0,193.98896743099272,294.2598058943487,150.81352491133396,,,,,,,,,,,,,,,,,,,,,,
sweep,,,,0.0,,4,520.0,259.0429613514021,294.2598058943487,150.81352491133396,,,,,,,,,,,,,,,,,,,,,,
sweep,,,,0.0,,5,520.0,324.43102029752055,294.2598058943487,150.81352491133396,,,,,,,,,,,,,,,,,,,,,,
sweep,,,,0.0,,6,520.0,390.23531959503947,294.2598058943487,150.81352491133396,,,,,,,,,,,,,,,,,,,,,,
sweep,,,,0.0,,7,520.0,456.5371582207625,294.2598058943487,150.81352491133396,,,,,,,,,,,,,,,,,,,,,,
sweep,,,,0.0,,8,520.0,523.4168007012634,294.2598058943487,150.81352491133396,,,,,,,,,,,,,,,,,,,,,,
sweep,,,,0.0,,9,520.0,590.9533278377527,294.2598058943487,150.81352491133396,,,,,,,,,,,,,,,,,,,,,,
sweep,,,,0.0,,10,520.0,659.2244973042823,294.2598058943487,150.81352491133396,,,,,,,,,,,,,,,,,,,,,,
sweep,,,,0.0,,11,520.0,728.3066149958614,294.2598058943487,150.81352491133396,,,,,,,,,,,,,,,,,,,,,,
sweep,,,,0.0,,12,520.0,798.2744178241692,294.2598058943487,150.81352491133396,,,,,,,,,,,,,,,,,,,,,,
crossing,S50_th00,S50,0.5,0.0,3.0,4,501.0491848797456,,283.53583824276075,148.03990537683245,254.31204250991334,0.0019634954084936204,0.003926990816987241,0.9973557010035817,0.9966907833152291,1.082374153946348,1.0263643038448103,0.43749427600279933,0.12715602125495667,7.864354280124339,0.0,,,,,,,,,,,
crossing,S50_th00,S50,0.5,0.0,2.0,2,397.8407012492185,,225.13178370474347,131.914709293175,113.02757199230126,0.0019634954084936204,5.889542894199896e-35,2.442816933690802e-16,0.01556260531465766,1976187377382.1946,2.513867518925297e-16,1.071551929504234e-16,,,0.0,,,,,,,,,,,
crossing,S50_th00,S50,0.5,0.0,3.0,5,317.34098076398266,,179.57826038833036,117.81530141457507,254.31204250991334,0.0019634954084936204,0.003926990816987241,0.7978845608028653,0.7973683466028666,1.243523120155744,0.8210914430758482,0.3499954208022395,0.12715602125495667,7.864354280124339,0.0,,,,,,,,,,,
crossing,S50_th00,S50,0.5,0.0,3.0,6,216.16993471806623,,122.32715967371577,97.23805528222897,254.31204250991334,0.0019634954084936204,0.003926990816987241,0.6649038006690544,0.6644899917987196,1.9062680320196193,0.6842428692298735,0.29166285066853287,0.12715602125495667,7.864354280124339,0.0,,,,,,,,,,,
crossing,S50_th00,S50,0.5,0.0,2.0,3,175.18844303908463,,99.13637931464271,87.53693682865745,113.02757199230126,0.0019634954084936204,5.889542894199896e-35,1.6285446224605346e-16,0.006918152113404928,,1.6759116792835314e-16,7.143679530028225e-17,,,0.0,,,,,,,,,,,
crossing,S50_th00,S50,0.5,0.0,3.0,7,153.73022774988277,,86.99351341879716,82.00083111104543,254.31204250991334,0.0019634954084936204,0.003926990816987241,0.5699175434306181,0.5695818291179294,0.2725880971119759,0.5864938879113201,0.24999672914445673,0.12715602125495667,7.864354280124339,0.0,,,,,,,,,,,
crossing,S50_th00,S50,0.5,0.0,3.0,8,111.723657492497,,63.222657245286285,69.90547503056668,254.31204250991334,0.0019634954084936204,0.003926990816987241,0.49867785050179086,0.49840579903071713,0.773627472750136,0.5131821519224051,0.21874713800139967,0.12715602125495667,7.864354280124339,0.0,,,,,,,,,,,
crossing,S50_th00,S50,0.5,0.0,1.0,1,99.46016731869794,,56.28294140272981,65.95735199609368,28.256891862249752,0.0019634954084936204,0.003926990816987241,3.989422804014327,3.9866467945464223,0.6637743289887421,4.105457215379241,1.7499771040111973,0.014128445931124877,70.77919290450808,0.0,,,,,,,,,,,
crossing,S50_th00,S50,0.5,0.0,2.0,4,96.07552470280845,,54.367625481242534,64.82536956788562,113.02757199230126,0.0019634954084936204,5.889542894199896e-35,1.221408466845401e-16,0.003891344149252022,,1.2569337594626485e-16,5.35775964752117e-17,,,0.0,,,,,,,,,,,
crossing,S50_th00,S50,0.5,0.0,3.0,9,81.40863437077805,,46.06786336167145,59.67244785314408,254.31204250991334,0.0019634954084936204,0.003926990816987241,0.44326920044603635,0.4430510354307818,0.9198974462955509,0.45616191281991575,0.19444190044568863,0.12715602125495667,7.864354280124339,0.0,,,,,,,,,,,
crossing,S50_th00,S50,0.5,0.0,3.0,10,58.18103568803828,,32.92373128518138,50.44630285083702,254.31204250991334,0.0019634954084936204,0.003926990816987241,0.39894228040143265,0.3987705149663883,1.0109847627961546,0.4105457215379241,0.17499771040111975,0.12681978271556366,7.885205120109998,0.0,,,,,,,,,,,
crossing,S50_th00,S50,0.5,0.0,2.0,5,58.15783828308483,,32.91060423926051,50.436245106331356,113.02757199230126,0.0019634954084936204,5.889542894199896e-35,9.771267734763208e-17,0.0024905201183737413,,1.005547007570119e-16,4.286207718016936e-17,,,0.0,,,,,,,,,,,
crossing,S50_th00,S50,0.5,0.0,3.0,11,39.4287275934098,,22.312095631342153,41.52838096544323,254.31204250991334,0.0019634954084936204,0.003926990816987241,0.3626748003649388,0.36254339555134246,1.0965328424171366,0.3732233832162947,0.15908882763738158,0.11529071155960333,8.673725632120998,0.0,,,,,,,,,,,
crossing,S50_th00,S50,0.5,0.0,2.0,6,36.18164138895916,,20.474620715488566,39.781646257727466,113.02757199230126,0.0019634954084936204,5.889542894199896e-35,8.142723112302673e-17,0.0017302958904842091,,8.379558396417657e-17,3.5718397650141126e-17,,,0.0,,,,,,,,,,,
crossing,S50_th00,S50,0.5,0.0,1.0,2,24.018879312308567,,13.59190531584559,32.412683526648834,28.256891862249752,0.0019634954084936204,0.003926990816987241,1.9947114020071635,1.9934615346614535,0.8647663157536254,2.0527286076896205,0.8749885520055987,0.014128445931124877,70.77919290450808,0.0,,,,,,,,,,,
crossing,S50_th00,S50,0.5,0.0,3.0,12,23.58019625773038,,13.343661487981517,32.115325386408585,254.31204250991334,0.0019634954084936204,0.003926990816987241,0.3324519003345272,0.33235628429214165,1.2297384851639592,0.34212143461493677,0.14583142533426643,0.1056831522629697,9.462246144132,0.0,,,,,,,,,,,
crossing,S50_th00,S50,0.5,0.0,2.0,7,21.49393070956029,,12.163076689426523,30.66172195728128,113.02757199230126,0.0019634954084936204,5.889542894199896e-35,6.979476953402291e-17,0.0012710824187613893,,7.182478625500848e-17,3.061576941440668e-17,,,0.0,,,,,,,,,,,
crossing,S50_th30,S50,0.5,30.0,3.0,4,501.14057861938073,,283.5875565198472,148.05340635044124,254.33506939995908,0.0019634954084936204,0.003926990816987241,0.8637353736783386,0.8634287899028613,1.070969031797374,0.888857560667136,0.37888115702870495,0.12716753469997955,7.8636422602612654,4.8630217672189484e-06,,,,,,,,,,,
crossing,S50_th30,S50,0.5,30.0,2.0,2,397.84070146243647,,225.1317838254002,131.91470932852405,113.02757202096656,0.0019634954084936204,5.889542894199896e-35,2.1155415213710414e-16,0.01168109546922116,24436673912938.723,2.1770731331378655e-16,9.279911924248987e-17,,,9.71979896756581e-06,,,,,,,,,,,
crossing,S50_th30,S50,0.5,30.0,3.0,5,317.39947275847743,,179.61136008630422,117.8261587176992,254.33506939995908,0.0019634954084936204,0.003926990816987241,0.690988298942671,0.6907532502608543,1.2077242912830066,0.7110860485337089,0.303104925622964,0.12716753469997955,7.8636422602612654,1.914107422353097e-05,,,,,,,,,,,
crossing,S50_th30,S50,0.5,30.0,3.0,6,216.2105541615718,,122.35014557671863,97.24719061867356,254.33506939995908,0.0019634954084936204,0.003926990816987241,0.5758235824522259,0.5756383457357092,1.7465866335852,0.592571707111424,0.25258743801913663,0.12716753469997955,7.8636422602612654,6.05555864906222e-05,,,,,,,,,,,
crossing,S50_th30,S50,0.5,30.0,2.0,3,175.1884431244845,,99.13637936296917,87.53693684999345,113.02757202096656,0.0019634954084936204,5.889542894199896e-35,1.4103610142473607e-16,0.005192047896193465,,1.4513820887585768e-16,6.186607949499324e-17,,,0.00011383308339315396,,,,,,,,,,,
crossing,S50_th30,S50,0.5,30.0,3.0,7,153.7600706034946,,87.01040101939553,82.0087899233221,254.33506939995908,0.0019634954084936204,0.003926990816987241,0.49356307067333643,0.4934166303132347,0.3277695123076257,0.5079186060955064,0.21650351830211712,0.12716753469997955,7.8636422602612654,0.00016836589679057742,,,,,,,,,,,
crossing,S50_th30,S50,0.5,30.0,3.0,8,111.74650592694093,,63.235586814294855,69.91262279607088,254.33506939995908,0.0019634954084936204,0.003926990816987241,0.4318676868391693,0.4317536540275184,0.8007429820375912,0.444428780333568,0.18944057851435248,0.12716753469997955,7.8636422602612654,0.0004386144083958742,,,,,,,,,,,
crossing,S50_th30,S50,0.5,30.0,1.0,1,100.92195466209206,,57.110143825664366,66.44027870100919,28.463316636434097,0.0019634954084936204,0.003926990816987241,3.4549414947133545,3.452387065283993,0.7015660970794152,3.555430242668544,1.5155246281148198,0.01423165831821705,70.26588030995397,0.0005954259396894608,,,,,,,,,,,
crossing,S50_th30,S50,0.5,30.0,2.0,4,96.075524747887,,54.36762550675178,64.82536958309362,113.02757202096656,0.0019634954084936204,5.889542894199896e-35,1.0577707606855207e-16,0.0029212749389414716,,1.0885365665689328e-16,4.6399559621244933e-17,,,0.0006901546084960062,,,,,,,,,,,
crossing,S50_th30,S50,0.5,30.0,3.0,9,81.4266874559816,,46.0780793181095,59.679063933101105,254.33506939995908,0.0019634954084936204,0.003926990816987241,0.38388238830148397,0.38379640189243347,0.9302381132483655,0.3950478047409495,0.16839162534609112,0.12204344233759995,8.193803623088344,0.0011336638270335849,,,,,,,,,,,
crossing,S50_th30,S50,0.5,30.0,3.0,10,58.19565868624831,,32.932006209440765,50.45264194262368,254.33506939995908,0.0019634954084936204,0.003926990816987241,0.3454941494713355,0.3454327381613838,1.0095038147867674,0.35554302426685447,0.151552462811482,0.10983909810383993,9.10422624787594,0.003105363907139079,,,,,,,,,,,
crossing,S50_th30,S50,0.5,30.0,2.0,5,58.157838312511394,,32.91060425591254,50.436245119091154,113.02757202096656,0.0019634954084936204,5.889542894199896e-35,8.462166085484165e-17,0.0018694464095927504,,8.708292532551461e-17,3.711964769699594e-17,,,0.0031114261490690497,,,,,,,,,,,
crossing,S50_th30,S50,0.5,30.0,3.0,11,39.44081271663044,,22.318934412136603,41.53474481714136,254.33506939995908,0.0019634954084936204,0.003926990816987241,0.3140855904284869,0.3140458432101434,1.0830819475565243,0.32322093115168593,0.13777496619225638,0.09985372554894542,10.014648872663532,0.009975758188693996,,,,,,,,,,,
crossing,S50_th30,S50,0.5,30.0,2.0,6,36.1816414111665,,20.474620728055356,39.78164626993593,113.02757202096656,0.0019634954084936204,5.889542894199896e-35,7.051805071236804e-17,0.0012985920746895648,,7.256910443792884e-17,3.093303974749662e-17,,,0.012921663010475494,,,,,,,,,,,
crossing,S50_th30,S50,0.5,30.0,1.0,2,24.384326160272764,,13.798705928435295,32.65833188960244,28.463316636434097,0.0019634954084936204,0.003926990816987241,1.7274707473566773,1.7262827556688682,0.8817576320399917,1.777715121334272,0.7577623140574099,0.01423165831821705,70.26588030995397,0.04221325632212897,,,,,,,,,,,
crossing,S50_th30,S50,0.5,30.0,3.0,12,23.59035111729517,,13.349407962990018,32.12223990720811,254.33506939995908,0.0019634954084936204,0.003926990816987241,0.28791179122611293,0.2878914953605425,1.196113070649865,0.296285853555712,0.12629371900956832,0.09153258175319995,10.925071497451128,0.04662057826086997,,,,,,,,,,,
crossing,S50_th30,S50,0.5,30.0,2.0,7,21.49393072598794,,12.163076698722673,30.661721968998542,113.02757202096656,0.0019634954084936204,5.889542894199896e-35,6.044404346774404e-17,0.000953654384521342,,6.220208951822473e-17,2.651403406928282e-17,,,0.06163572451058134,,,,,,,,,,,
crossing,S50_th45,S50,0.5,45.0,3.0,4,501.231999920664,,283.63929039363614,148.06691016394734,254.35810114839825,0.0019634954084936204,0.003926990816987241,0.7052369794346954,0.7052066010270384,1.0575895892758793,0.7257491592164755,0.30935516929187845,0.12717905057419912,7.862930219128955,3.4367944388192513e-06,,,,,,,,,,,
crossing,S50_th45,S50,0.5,45.0,2.0,2,397.8407045847498,,225.1317855922681,131.91470984616726,113.02757246411235,0.0019634954084936204,5.889542894199896e-35,1.7273324190100951e-16,0.007793747843271636,,1.7775727696366792e-16,7.577016357459731e-17,,,6.872935599916307e-06,,,,,,,,,,,
crossing,S50_th45,S50,0.5,45.0,3.0,5,317.4579823908067,,179.6444697652507,117.83701829393787,254.35810114839825,0.0019634954084936204,0.003926990816987241,0.5641895835477562,0.5641708455634326,1.1666012354653377,0.5805993273731803,0.24748413543350273,0.12717905057419912,7.862930219128955,1.3527301108434254e-05,,,,,,,,,,,
crossing,S50_th45,S50,0.5,45.0,3.0,6,216.2511858526552,,122.37313841043279,97.25632785113055,254.35810114839825,0.0019634954084936204,0.003926990816987241,0.47015798628979694,0.47014816641094015,1.575353058909866,0.48383277281098364,0.206236779527919,0.12717905057419912,7.862930219128955,4.27951342951974e-05,,,,,,,,,,,
crossing,S50_th45,S50,0.5,45.0,2.0,3,175.18844451839877,,99.13638015176328,87.53693719824412,113.02757246411235,0.0019634954084936204,5.889542894199896e-35,1.15155494600673e-16,0.003464559050010292,,1.1850485130911195e-16,5.051344238306487e-17,,,8.049214326932812e-05,,,,,,,,,,,
crossing,S50_th45,S50,0.5,45.0,3.0,7,153.78992245863122,,87.02729371381493,82.01675036355839,254.35810114839825,0.0019634954084936204,0.003926990816987241,0.4029925596769688,0.40299086085663954,0.4054797679358253,0.4147138052665574,0.17677438245250196,0.12717905057419912,7.862930219128955,0.00011898335357996648,,,,,,,,,,,
crossing,S50_th45,S50,0.5,45.0,3.0,8,111.76936125345473,,63.24852028341717,69.91977198661523,254.35810114839825,0.0019634954084936204,0.003926990816987241,0.3526184897173477,0.35262468372927197,0.8341140582570385,0.36287457960823777,0.15467758464593923,0.11211421184290069,8.919475805629741,0.0003099569986906321,,,,,,,,,,,
crossing,S50_th45,S50,0.5,45.0,1.0,1,102.38309594686913,,57.936980654208064,66.91950931451387,28.668164840810444,0.0019634954084936204,0.003926990816987241,2.8209479177387817,2.8187392402296223,0.7489949769228783,2.902996636865902,1.2374206771675138,0.014334082420405223,69.76379587272739,0.0004032598138952132,,,,,,,,,,,
crossing,S50_th45,S50,0.5,45.0,2.0,4,96.07552553233702,,54.367625950659686,64.82536984774094,113.02757246411235,0.0019634954084936204,5.889542894199896e-35,8.636662095050476e-17,0.0019490828613872762,,8.887863848183396e-17,3.7885081787298656e-17,,,0.00048801299178089994,,,,,,,,,,,
crossing,S50_th45,S50,0.5,45.0,3.0,9,81.44474598410477,,46.08829835461002,59.68568127405935,254.35810114839825,0.0019634954084936204,0.003926990816987241,0.31343865752653133,0.3134525366248073,0.942659498184281,0.3225551818739891,0.13749118635194602,0.0996570771936895,10.034410281333457,0.0008010882740166334,,,,,,,,,,,
crossing,S50_th45,S50,0.5,45.0,3.0,10,58.21028609398931,,32.94028362898423,50.458982149217135,254.35810114839825,0.0019634954084936204,0.003926990816987241,0.2820947917738781,0.28211598563032453,1.0077530917204183,0.29029966368659016,0.12374206771675136,0.08969136947432053,11.149344757037177,0.0021941689575294093,,,,,,,,,,,
crossing,S50_th45,S50,0.5,45.0,2.0,5,58.1578388123024,,32.91060453873639,50.43624533580813,113.02757246411235,0.0019634954084936204,5.889542894199896e-35,6.909329676040379e-17,0.0012473461261472206,,7.110291078546716e-17,3.030806542983892e-17,,,0.0022001104724466607,,,,,,,,,,,
crossing,S50_th45,S50,0.5,45.0,3.0,11,39.452901483372294,,22.325775254742297,41.54110961211999,254.35810114839825,0.0019634954084936204,0.003926990816987241,0.2564498107035256,0.25647783511529343,1.0673408351513036,0.26390878516962746,0.11249278883341038,0.08153760861301869,12.264279232740892,0.007047444081413191,,,,,,,,,,,
crossing,S50_th45,S50,0.5,45.0,2.0,6,36.18164175904184,,20.474620924912525,39.781646461180074,113.02757246411235,0.0019634954084936204,5.889542894199896e-35,5.75777473003365e-17,0.0008669989519817334,,5.925242565455598e-17,2.5256721191532435e-17,,,0.009136995275367118,,,,,,,,,,,
crossing,S50_th45,S50,0.5,45.0,1.0,2,24.749611483031337,,14.005415136456435,32.902038920661575,28.668164840810444,0.0019634954084936204,0.003926990816987241,1.4104739588693909,1.4094179252684294,0.902347153061256,1.451498318432951,0.6187103385837569,0.014334082420405223,69.76379587272739,0.02854704023786094,,,,,,,,,,,
crossing,S50_th45,S50,0.5,45.0,3.0,12,23.600509039564916,,13.35515617113499,32.12915502467822,254.35810114839825,0.0019634954084936204,0.003926990816987241,0.23507899314489847,0.23511347018897755,1.1574309759211365,0.24191638640549182,0.1031183897639595,0.07474280789526713,13.37921370844461,0.032923179164971964,,,,,,,,,,,
crossing,S50_th45,S50,0.5,45.0,2.0,7,21.493930979228185,,12.163076842027335,30.661722149625856,113.02757246411235,0.0019634954084936204,5.889542894199896e-35,4.9352354828859854e-17,0.0006368655595196756,,5.0787793418190834e-17,2.164861816417066e-17,,,0.043583037224311075,,,,,,,,,,,
crossing,S33_th00,S33,0.3333333333333333,0.0,3.0,4,501.0491848797456,,283.53583824276075,148.03990537683245,254.31204250991334,0.0019634954084936204,5.889542894199896e-35,1.221408466845401e-16,0.005847689153147834,,1.2569337594626485e-16,5.35775964752117e-17,,,0.0,,,,,,,,,,,
crossing,S33_th00,S33,0.3333333333333333,0.0,2.0,2,397.8407012492185,,225.13178370474347,131.914709293175,113.02757199230126,0.0019634954084936204,0.0029452431127404317,1.7274707473566777,1.7265337401477308,0.8930445042991151,1.7777151213342723,0.75776231405741,0.05651378599615064,17.694797514859715,0.0,,,,,,,,,,,
crossing,S33_th00,S33,0.3333333333333333,0.0,3.0,5,317.34098076398266,,179.57826038833036,117.81530141457507,254.31204250991334,0.0019634954084936204,5.889542894199896e-35,9.771267734763208e-17,0.0037425978249482047,,1.005547007570119e-16,4.286207718016936e-17,,,0.0,,,,,,,,,,,
crossing,S33_th00,S33,0.3333333333333333,0.0,3.0,6,216.16993471806623,,122.32715967371577,97.23805528222897,254.31204250991334,0.0019634954084936204,5.889542894199896e-35,8.142723112302673e-17,0.0025994086644597035,,8.379558396417657e-17,3.5718397650141126e-17,,,0.0,,,,,,,,,,,
crossing,S33_th00,S33,0.3333333333333333,0.0,2.0,3,175.18844303908463,,99.13637931464271,87.53693682865745,113.02757199230126,0.0019634954084936204,0.0029452431127404317,1.1516471649044517,1.1510662371930471,0.9849877328479195,1.1851434142228483,0.5051748760382734,0.05651378599615064,17.694797514859715,0.0,,,,,,,,,,,
crossing,S33_th00,S33,0.3333333333333333,0.0,3.0,7,153.73022774988277,,86.99351341879716,82.00083111104543,254.31204250991334,0.0019634954084936204,5.889542894199896e-35,6.979476953402291e-17,0.0019097581442540324,,7.182478625500848e-17,3.061576941440668e-17,,,0.0,,,,,,,,,,,
crossing,S33_th00,S33,0.3333333333333333,0.0,3.0,8,111.723657492497,,63.222657245286285,69.90547503056668,254.31204250991334,0.0019634954084936204,5.889542894199896e-35,6.107042334227005e-17,0.0014620460792266565,,6.284668797313242e-17,2.678879823760585e-17,,,0.0,,,,,,,,,,,
crossing,S33_th00,S33,0.3333333333333333,0.0,1.0,1,99.46016731869794,,56.28294140272981,65.95735199609368,28.256891862249752,0.0019634954084936204,0.00294524311274043,3.4549414947133545,3.453056903523261,0.7001455170175408,3.555430242668544,1.5155246281148198,0.014128445931124877,70.77919290450808,0.0,,,,,,,,,,,
crossing,S33_th00,S33,0.3333333333333333,0.0,2.0,4,96.07552470280845,,54.367625481242534,64.82536956788562,113.02757199230126,0.0019634954084936204,0.0029452431127404317,0.8637353736783389,0.863325385122046,1.0706725652766136,0.8888575606671362,0.378881157028705,0.05651378599615064,17.694797514859715,0.0,,,,,,,,,,,
crossing,S33_th00,S33,0.3333333333333333,0.0,3.0,9,81.40863437077805,,46.06786336167145,59.67244785314408,254.31204250991334,0.0019634954084936204,5.889542894199896e-35,5.4284820748684496e-17,0.0011553900122645514,,5.586372264278438e-17,2.381226510009409e-17,,,0.0,,,,,,,,,,,
crossing,S33_th00,S33,0.3333333333333333,0.0,3.0,10,58.18103568803828,,32.92373128518138,50.44630285083702,254.31204250991334,0.0019634954084936204,5.889542894199896e-35,4.885633867381604e-17,0.0009357990147206625,,5.027735037850595e-17,2.143103859008468e-17,,,0.0,,,,,,,,,,,
crossing,S33_th00,S33,0.3333333333333333,0.0,2.0,5,58.15783828308483,,32.91060423926051,50.436245106331356,113.02757199230126,0.0019634954084936204,0.0029452431127404317,0.6909882989426711,0.6906876345602487,1.1956612429856945,0.711086048533709,0.303104925622964,0.05651378599615064,17.694797514859715,0.0,,,,,,,,,,,
crossing,S33_th00,S33,0.3333333333333333,0.0,3.0,11,39.4287275934098,,22.312095631342153,41.52838096544323,254.31204250991334,0.0019634954084936204,5.889542894199896e-35,4.4414853339832775e-17,0.0007735009332208347,,4.570668216227813e-17,1.9482762354622438e-17,,,0.0,,,,,,,,,,,
crossing,S33_th00,S33,0.3333333333333333,0.0,2.0,6,36.18164138895916,,20.474620715488566,39.781646257727466,113.02757199230126,0.0019634954084936204,0.0029452431127404317,0.5758235824522259,0.5756035073409569,1.6354225112876204,0.5925717071114242,0.2525874380191367,0.05651378599615064,17.694797514859715,0.0,,,,,,,,,,,
crossing,S33_th00,S33,0.3333333333333333,0.0,1.0,2,24.018879312308567,,13.59190531584559,32.412683526648834,28.256891862249752,0.0019634954084936204,0.00294524311274043,1.7274707473566773,1.7266488743411121,0.8809049777907146,1.777715121334272,0.7577623140574099,0.014128445931124877,70.77919290450808,0.0,,,,,,,,,,,
crossing,S33_th00,S33,0.3333333333333333,0.0,3.0,12,23.58019625773038,,13.343661487981517,32.115325386408585,254.31204250991334,0.0019634954084936204,5.889542894199896e-35,4.0713615561513364e-17,0.0006499780352811369,,4.1897791982088284e-17,1.7859198825070563e-17,,,0.0,,,,,,,,,,,
crossing,S33_th00,S33,0.3333333333333333,0.0,2.0,7,21.49393070956029,,12.163076689426523,30.66172195728128,113.02757199230126,0.0019634954084936204,0.0029452431127404317,0.49356307067333643,0.49340588389019063,0.41942523119376474,0.5079186060955064,0.21650351830211712,0.05651378599615064,17.694797514859715,0.0,,,,,,,,,,,
crossing,S25_th00,S25,0.25,0.0,3.0,4,501.0491848797456,,283.53583824276075,148.03990537683245,254.31204250991334,0.0019634954084936204,0.0019634954084936204,0.7052369794346954,0.7050128711710453,1.0750934145126134,0.7257491592164755,0.30935516929187845,0.12715602125495667,7.864354280124339,0.0,,,,,,,,,,,
crossing,S25_th00,S25,0.25,0.0,2.0,2,397.8407012492185,,225.13178370474347,131.914709293175,113.02757199230126,0.0019634954084936204,0.003926990816987241,1.9947114020071635,1.993263680489738,0.8674387776572232,2.0527286076896205,0.8749885520055987,0.05651378599615064,17.694797514859715,0.0,,,,,,,,,,,
crossing,S25_th00,S25,0.25,0.0,3.0,5,317.34098076398266,,179.57826038833036,117.81530141457507,254.31204250991334,0.0019634954084936204,0.0019634954084936204,0.5641895835477563,0.5640123256001217,1.1819474880239307,0.5805993273731804,0.24748413543350276,0.12715602125495667,7.864354280124339,0.0,,,,,,,,,,,
crossing,S25_th00,S25,0.25,0.0,3.0,6,216.16993471806623,,122.32715967371577,97.23805528222897,254.31204250991334,0.0019634954084936204,0.0019634954084936204,0.47015798628979694,0.47001399437770097,1.5920506832800863,0.48383277281098364,0.206236779527919,0.12715602125495667,7.864354280124339,0.0,,,,,,,,,,,
crossing,S25_th00,S25,0.25,0.0,2.0,3,175.18844303908463,,99.13637931464271,87.53693682865745,113.02757199230126,0.0019634954084936204,0.003926990816987241,1.3298076013381088,1.3289120687685596,0.9751243897519191,1.368485738459747,0.5833257013370657,0.05651378599615064,17.694797514859715,0.0,,,,,,,,,,,
crossing,S25_th00,S25,0.25,0.0,3.0,7,153.73022774988277,,86.99351341879716,82.00083111104543,254.31204250991334,0.0019634954084936204,0.0019634954084936204,0.4029925596769688,0.4028740999699021,0.40902392295585455,0.4147138052665574,0.17677438245250196,0.12715602125495667,7.864354280124339,0.0,,,,,,,,,,,
crossing,S25_th00,S25,0.25,0.0,3.0,8,111.723657492497,,63.222657245286285,69.90547503056668,254.31204250991334,0.0019634954084936204,0.0019634954084936204,0.3526184897173477,0.3525206111545119,0.8410218726084552,0.36287457960823777,0.15467758464593923,0.11209391043347446,8.921091218362664,0.0,,,,,,,,,,,
crossing,S25_th00,S25,0.25,0.0,1.0,1,99.46016731869794,,56.28294140272981,65.95735199609368,28.256891862249752,0.0019634954084936204,0.00196349540849362,2.8209479177387813,2.8198675775768414,0.746115053791267,2.9029966368659017,1.2374206771675138,0.014128445931124877,70.77919290450808,0.0,,,,,,,,,,,
crossing,S25_th00,S25,0.25,0.0,2.0,4,96.07552470280845,,54.367625481242534,64.82536956788562,113.02757199230126,0.0019634954084936204,0.003926990816987241,0.9973557010035817,0.9967252890297099,1.0758043342248345,1.0263643038448103,0.43749427600279933,0.05651378599615064,17.694797514859715,0.0,,,,,,,,,,,
crossing,S25_th00,S25,0.25,0.0,3.0,9,81.40863437077805,,46.06786336167145,59.67244785314408,254.31204250991334,0.0019634954084936204,0.0019634954084936204,0.31343865752653133,0.31335777783004143,0.9495946719890421,0.3225551818739891,0.13749118635194602,0.09963903149642175,10.036227620657996,0.0,,,,,,,,,,,
crossing,S25_th00,S25,0.25,0.0,3.0,10,58.18103568803828,,32.92373128518138,50.44630285083702,254.31204250991334,0.0019634954084936204,0.0019634954084936204,0.28209479177387814,0.2820280493721136,1.0144060332602238,0.2902996636865902,0.12374206771675138,0.08967512834677957,11.151364022953329,0.0,,,,,,,,,,,
crossing,S25_th00,S25,0.25,0.0,2.0,5,58.15783828308483,,32.91060423926051,50.436245106331356,113.02757199230126,0.0019634954084936204,0.003926990816987241,0.7978845608028653,0.7974249869785094,1.223572502137853,0.8210914430758482,0.3499954208022395,0.05651378599615064,17.694797514859715,0.0,,,,,,,,,,,
crossing,S25_th00,S25,0.25,0.0,3.0,11,39.4287275934098,,22.312095631342153,41.52838096544323,254.31204250991334,0.0019634954084936204,0.0019634954084936204,0.2564498107035256,0.2563948767369677,1.0737197004876755,0.26390878516962746,0.11249278883341038,0.0815228439516178,12.266500425248662,0.0,,,,,,,,,,,
crossing,S25_th00,S25,0.25,0.0,2.0,6,36.18164138895916,,20.474620715488566,39.781646257727466,113.02757199230126,0.0019634954084936204,0.003926990816987241,0.6649038006690544,0.6645720238250181,1.7597917566936956,0.6842428692298735,0.29166285066853287,0.05651378599615064,17.694797514859715,0.0,,,,,,,,,,,
crossing,S25_th00,S25,0.25,0.0,1.0,2,24.018879312308567,,13.59190531584559,32.412683526648834,28.256891862249752,0.0019634954084936204,0.00196349540849362,1.4104739588693906,1.4100199048008921,0.9006933166894712,1.4514983184329509,0.6187103385837569,0.014128445931124877,70.77919290450808,0.0,,,,,,,,,,,
crossing,S25_th00,S25,0.25,0.0,3.0,12,23.58019625773038,,13.343661487981517,32.115325386408585,254.31204250991334,0.0019634954084936204,0.0019634954084936204,0.23507899314489847,0.23503414234504497,1.1637151704739572,0.24191638640549182,0.1031183897639595,0.07472927362231631,13.381636827543996,0.0,,,,,,,,,,,
crossing,S25_th00,S25,0.25,0.0,2.0,7,21.49393070956029,,12.163076689426523,30.66172195728128,113.02757199230126,0.0019634954084936204,0.003926990816987241,0.5699175434306181,0.5696875161890937,0.3635951455953372,0.5864938879113201,0.24999672914445673,0.05651378599615064,17.694797514859715,0.0,,,,,,,,,,,
crossing,S15_th00,S15,0.15,0.0,3.0,4,501.0491848797456,,283.53583824276075,148.03990537683245,254.31204250991334,0.0019634954084936204,0.0038308905114570932,0.9850765973073279,0.9844022504781509,1.07811326877452,1.0137280561105644,0.43210799548507606,0.12715602125495667,7.864354280124339,0.0,,,,,,,,,,,
crossing,S15_th00,S15,0.15,0.0,2.0,2,397.8407012492185,,225.13178370474347,131.914709293175,113.02757199230126,0.0019634954084936204,0.0025702488580953285,1.6137554230972728,1.6129430159435794,0.8837866010121146,1.6606923284605275,0.7078806084560568,0.05651378599615064,17.694797514859715,0.0,,,,,,,,,,,
crossing,S15_th00,S15,0.15,0.0,3.0,5,317.34098076398266,,179.57826038833036,117.81530141457507,254.31204250991334,0.0019634954084936204,0.0038308905114570932,0.7880612778458622,0.7875467698697436,1.2372532582963505,0.8109824448884515,0.3456863963880608,0.12715602125495667,7.864354280124339,0.0,,,,,,,,,,,
crossing,S15_th00,S15,0.15,0.0,3.0,6,216.16993471806623,,122.32715967371577,97.23805528222897,254.31204250991334,0.0019634954084936204,0.0038308905114570932,0.6567177315382187,0.6563093577178865,1.8873755784339372,0.6758187040737096,0.2880719969900507,0.12715602125495667,7.864354280124339,0.0,,,,,,,,,,,
crossing,S15_th00,S15,0.15,0.0,2.0,3,175.18844303908463,,99.13637931464271,87.53693682865745,113.02757199230126,0.0019634954084936204,0.0025702488580953285,1.0758369487315151,1.0753492698807539,0.9742622234058554,1.1071282189736849,0.47192040563737125,0.05651378599615064,17.694797514859715,0.0,,,,,,,,,,,
crossing,S15_th00,S15,0.15,0.0,3.0,7,153.73022774988277,,86.99351341879716,82.00083111104543,254.31204250991334,0.0019634954084936204,0.0038308905114570932,0.5629009127470445,0.5625717885217346,0.2769466380015201,0.5792731749203225,0.24691885456290058,0.12715602125495667,7.864354280124339,0.0,,,,,,,,,,,
crossing,S15_th00,S15,0.15,0.0,3.0,8,111.723657492497,,63.222657245286285,69.90547503056668,254.31204250991334,0.0019634954084936204,0.0038308905114570932,0.49253829865366394,0.4922730343615952,0.7749432557083312,0.5068640280552822,0.21605399774253803,0.12715602125495667,7.864354280124339,0.0,,,,,,,,,,,
crossing,S15_th00,S15,0.15,0.0,1.0,1,99.46016731869794,,56.28294140272981,65.95735199609368,28.256891862249752,0.0019634954084936204,0.000809381764437085,1.8111600524668081,1.810850271165498,0.8266232558432179,1.8638385728693498,0.7944729799828083,0.014128445931124877,70.77919290450808,0.0,,,,,,,,,,,
crossing,S15_th00,S15,0.15,0.0,2.0,4,96.07552470280845,,54.367625481242534,64.82536956788562,113.02757199230126,0.0019634954084936204,0.0025702488580953285,0.8068777115486364,0.806538793442316,1.0563635213731863,0.8303461642302638,0.3539403042280284,0.05651378599615064,17.694797514859715,0.0,,,,,,,,,,,
crossing,S15_th00,S15,0.15,0.0,3.0,9,81.40863437077805,,46.06786336167145,59.67244785314408,254.31204250991334,0.0019634954084936204,0.0038308905114570932,0.4378118210254791,0.43760031274713196,0.9196288489758982,0.45054580271580646,0.19204799799336716,0.12715602125495667,7.864354280124339,0.0,,,,,,,,,,,
crossing,S15_th00,S15,0.15,0.0,3.0,10,58.18103568803828,,32.92373128518138,50.44630285083702,254.31204250991334,0.0019634954084936204,0.0038308905114570932,0.3940306389229311,0.3938653492426233,1.009646288001537,0.40549122244422575,0.1728431981940304,0.12525842074497098,7.983495193796375,0.0,,,,,,,,,,,
crossing,S15_th00,S15,0.15,0.0,2.0,5,58.15783828308483,,32.91060423926051,50.436245106331356,113.02757199230126,0.0019634954084936204,0.0025702488580953285,0.645502169238909,0.6452575929214708,1.1732473241195096,0.664276931384211,0.2831522433824227,0.05651378599615064,17.694797514859715,0.0,,,,,,,,,,,
crossing,S15_th00,S15,0.15,0.0,3.0,11,39.4287275934098,,22.312095631342153,41.52838096544323,254.31204250991334,0.0019634954084936204,0.0038308905114570932,0.3582096717481193,0.3580846163362706,1.094105018036915,0.3686283840402053,0.1571301801763913,0.11387129158633727,8.781844713176012,0.0,,,,,,,,,,,
crossing,S15_th00,S15,0.15,0.0,2.0,6,36.18164138895916,,20.474620715488566,39.781646257727466,113.02757199230126,0.0019634954084936204,0.0025702488580953285,0.5379184743657576,0.5377445622414424,1.5736914068134222,0.5535641094868424,0.23596020281868563,0.05651378599615064,17.694797514859715,0.0,,,,,,,,,,,
crossing,S15_th00,S15,0.15,0.0,1.0,2,24.018879312308567,,13.59190531584559,32.412683526648834,28.256891862249752,0.0019634954084936204,0.000809381764437085,0.9055800262334041,0.905456940353813,0.9338456415789335,0.9319192864346749,0.39723648999140415,0.014128445931124877,70.77919290450808,0.0,,,,,,,,,,,
crossing,S15_th00,S15,0.15,0.0,3.0,12,23.58019625773038,,13.343661487981517,32.115325386408585,254.31204250991334,0.0019634954084936204,0.0038308905114570932,0.32835886576910933,0.32826953047790264,1.2253948114720827,0.3379093520368548,0.14403599849502535,0.10438201728747581,9.58019423255565,0.0,,,,,,,,,,,
crossing,S15_th00,S15,0.15,0.0,2.0,7,21.49393070956029,,12.163076689426523,30.66172195728128,113.02757199230126,0.0019634954084936204,0.0025702488580953285,0.46107297802779224,0.4609559459286753,0.4427736249705077,0.4744835224172936,0.20225160241601625,0.05651378599615064,17.694797514859715,0.0,,,,,,,,,,,
crossing,S05_th00,S05,0.05,0.0,3.0,4,501.0491848797456,,283.53583824276075,148.03990537683245,254.31204250991334,0.0019634954084936204,0.000809381764437085,0.45279001311670203,0.45272191276221013,1.0279597233619677,0.46595964321733746,0.19861824499570208,0.12715602125495667,7.864354280124339,0.0,,,,,,,,,,,
crossing,S05_th00,S05,0.05,0.0,2.0,2,397.8407012492185,,225.13178370474347,131.914709293175,113.02757199230126,0.0019634954084936204,0.0003749942546451019,0.616399722093691,0.6163514377760194,0.9496310653742192,0.634328024615717,0.27038633245325744,0.05651378599615064,17.694797514859715,0.0,,,,,,,,,,,
crossing,S05_th00,S05,0.05,0.0,3.0,5,317.34098076398266,,179.57826038833036,117.81530141457507,254.31204250991334,0.0019634954084936204,0.000809381764437085,0.36223201049336157,0.36218076736162763,1.0965808288915173,0.37276771457386987,0.15889459599656164,0.11514995306379892,8.684328333559538,0.0,,,,,,,,,,,
crossing,S05_th00,S05,0.05,0.0,3.0,6,216.16993471806623,,122.32715967371577,97.23805528222897,254.31204250991334,0.0019634954084936204,0.000809381764437085,0.301860008744468,0.3018197353510928,1.330421313784326,0.3106397621448916,0.13241216333046807,0.09595829421983246,10.421194000271445,0.0,,,,,,,,,,,
crossing,S05_th00,S05,0.05,0.0,2.0,3,175.18844303908463,,99.13637931464271,87.53693682865745,113.02757199230126,0.0019634954084936204,0.0003749942546451019,0.4109331480624606,0.41090508748664767,0.9871160691207171,0.42288534974381126,0.18025755496883825,0.05651378599615064,17.694797514859715,0.0,,,,,,,,,,,
crossing,S05_th00,S05,0.05,0.0,3.0,7,153.73022774988277,,86.99351341879716,82.00083111104543,254.31204250991334,0.0019634954084936204,0.000809381764437085,0.25873715035240114,0.25870501404839696,0.5610414801395422,0.2662626532670499,0.11349613999754402,0.0822499664741421,12.158059666983354,0.0,,,,,,,,,,,
crossing,S05_th00,S05,0.05,0.0,3.0,8,111.723657492497,,63.222657245286285,69.90547503056668,254.31204250991334,0.0019634954084936204,0.000809381764437085,0.22639500655835101,0.2263694538502557,0.8864494659359723,0.23297982160866873,0.09930912249785104,0.07196872066487435,13.894925333695257,0.0,,,,,,,,,,,
crossing,S05_th00,S05,0.05,0.0,1.0,1,99.46016731869794,,56.28294140272981,65.95735199609368,28.256891862249752,0.0019634954084936204,9.610030553014828e-05,0.6240832221652789,0.6240693649585306,0.9352352182789592,0.6422350032334074,0.2737567320986441,0.014128445931124877,70.77919290450808,0.0,,,,,,,,,,,
crossing,S05_th00,S05,0.05,0.0,2.0,4,96.07552470280845,,54.367625481242534,64.82536956788562,113.02757199230126,0.0019634954084936204,0.0003749942546451019,0.3081998610468455,0.3081806460632651,1.0188623004907047,0.3171640123078585,0.13519316622662872,0.04354385247811197,22.965354305815417,0.0,,,,,,,,,,,
crossing,S05_th00,S05,0.05,0.0,3.0,9,81.40863437077805,,46.06786336167145,59.67244785314408,254.31204250991334,0.0019634954084936204,0.000809381764437085,0.20124000582964532,0.2012200607599383,0.9592433226795246,0.20709317476326106,0.08827477555364537,0.06397219614655496,15.63179100040717,0.0,,,,,,,,,,,
crossing,S05_th00,S05,0.05,0.0,3.0,10,58.18103568803828,,32.92373128518138,50.44630285083702,254.31204250991334,0.0019634954084936204,0.000809381764437085,0.18111600524668078,0.18110096413926333,1.0016111662042493,0.18638385728693493,0.07944729799828082,0.05757497653189946,17.368656667119076,0.0,,,,,,,,,,,
crossing,S05_th00,S05,0.05,0.0,2.0,5,58.15783828308483,,32.91060423926051,50.436245106331356,113.02757199230126,0.0019634954084936204,0.0003749942546451019,0.24655988883747637,0.24654619810441264,1.0609783825332915,0.2537312098462868,0.10815453298130297,0.03483508198248957,28.706692882269273,0.0,,,,,,,,,,,
crossing,S05_th00,S05,0.05,0.0,3.0,11,39.4287275934098,,22.312095631342153,41.52838096544323,254.31204250991334,0.0019634954084936204,0.000809381764437085,0.16465091386061892,0.16464022225869615,1.0395429927690099,0.16943987026084997,0.07222481636207348,0.05234088775627225,19.10552233383098,0.0,,,,,,,,,,,
crossing,S05_th00,S05,0.05,0.0,2.0,6,36.18164138895916,,20.474620715488566,39.781646257727466,113.02757199230126,0.0019634954084936204,0.0003749942546451019,0.2054665740312303,0.2054570383633388,1.1865297862906146,0.21144267487190563,0.09012877748441912,0.029029234985407975,34.44803145872313,0.0,,,,,,,,,,,
crossing,S05_th00,S05,0.05,0.0,1.0,2,24.018879312308567,,13.59190531584559,32.412683526648834,28.256891862249752,0.0019634954084936204,9.610030553014828e-05,0.31204161108263945,0.31203642435623946,0.9759969951992421,0.3211175016167037,0.13687836604932205,0.011021657576105421,90.73045438899916,0.0,,,,,,,,,,,
crossing,S05_th00,S05,0.05,0.0,3.0,12,23.58019625773038,,13.343661487981517,32.115325386408585,254.31204250991334,0.0019634954084936204,0.000809381764437085,0.150930004372234,0.15092323903346863,1.0952891810978382,0.1553198810724458,0.06620608166523403,0.04797914710991623,20.84238800054289,0.0,,,,,,,,,,,
crossing,S05_th00,S05,0.05,0.0,2.0,7,21.49393070956029,,12.163076689426523,30.66172195728128,113.02757199230126,0.0019634954084936204,0.0003749942546451019,0.17611420631248312,0.1761080642564177,0.734240447414829,0.1812365784616334,0.07725323784378783,0.024882201416063978,40.189370035176985,0.0,,,,,,,,,,,
ladder,S50_th00,S50,0.5,0.0,1.0,1,73.85715289446044,24.359389536422203,41.79459898967916,56.83749119198836,28.256891862249752,0.0019634954084936204,0.003926990816987241,3.989422804014327,,,,,,,,-16.0,0.48986034838347514,0.24493017419173757,-0.22761979635109916,-0.15059751270761762,-0.4561106891126054,lower,,,,
ladder,S50_th00,S50,0.5,0.0,1.0,1,85.23887193929366,26.16378876134236,48.23533444521116,61.06009359296412,28.256891862249752,0.0019634954084936204,0.003926990816987241,3.989422804014327,,,,,,,,-8.0,0.9395466500930316,0.4697733250465158,-0.4525344484399805,-0.6406926517035845,-0.9054114691591411,lower,,,,
ladder,S50_th00,S50,0.5,0.0,1.0,1,91.93949223299924,27.170088329086298,52.02710988174488,63.414660144908844,28.256891862249752,0.0019634954084936204,0.003926990816987241,3.989422804014327,,,,,,,,-4.0,1.6493799933434763,0.8246899966717381,-0.8087441914362836,-1.3694754805315157,-1.6149013887346129,lower,,,,
ladder,S50_th00,S50,0.5,0.0,1.0,1,95.58924577091763,27.702835159068385,54.09244789641811,64.6611071247807,28.256891862249752,0.0019634954084936204,0.003926990816987241,3.989422804014327,,,,,,,,-2.0,2.462677930255502,1.231338965127751,-1.217379416300101,-2.1895959399767686,-2.4256510861287897,lower,,,,
ladder,S50_th00,S50,0.5,0.0,1.0,1,97.49596300312137,27.977120655692822,55.17142913227134,65.30281992699173,28.256891862249752,0.0019634954084936204,0.003926990816987241,3.989422804014327,,,,,,,,-1.0,3.112845038314662,1.556422519157331,-1.5439915194879015,-2.8397969008825097,-3.0712355439398946,lower,,,,
ladder,S50_th00,S50,0.5,0.0,1.0,1,98.47073609122418,28.116310310696274,55.72303786245628,65.62845963456923,28.256891862249752,0.0019634954084936204,0.003926990816987241,3.989422804014327,,,,,,,,-0.5,3.5206335706191307,1.7603167853095654,-1.7487366027037945,-3.2456890981558346,-3.4748367035937755,lower,,,,
ladder,S50_th00,S50,0.5,0.0,1.0,1,98.96360114227413,28.186425797755366,56.001942428329485,65.79249618951027,28.256891862249752,0.0019634954084936204,0.003926990816987241,3.989422804014327,,,,,,,,-0.25,3.747248342196108,1.873624171098054,-1.86246619907232,-3.4706521954665033,-3.698658584892208,lower,,,,
ladder,S50_th00,S50,0.5,0.0,1.0,1,99.46016731869794,28.256891862249752,56.28294140272981,65.95735199609368,28.256891862249752,0.0019634954084936204,0.003926990816987241,3.989422804014327,,,,,,,,0.0,3.989422804014327,1.9947114020071635,-1.9839750866720112,-3.7106332895437135,-3.9375013311860836,lower,,,,
ladder,S50_th00,S50,0.5,0.0,1.0,1,99.96047171810687,28.3277111401,56.566055778610895,66.12303319660768,28.256891862249752,0.0019634954084936204,0.003926990816987241,3.989422804014327,,,,,,,,0.25,3.747248342196108,1.873624171098054,-2.1132925980038535,-3.9656325497537623,-4.191365111767354,lower,,,,
ladder,S50_th00,S50,0.5,0.0,1.0,1,100.46455199204036,28.398886293718345,56.85130686238558,66.28954602400329,28.256891862249752,0.0019634954084936204,0.003926990816987241,3.989422804014327,,,,,,,,0.5,3.5206335706191307,1.7603167853095654,-2.2503695478602084,-4.235492424246295,-4.460092374513362,lower,,,,
ladder,S50_th00,S50,0.5,0.0,1.0,1,101.48419304962471,28.542315012373486,57.42830566947534,66.62509177238898,28.256891862249752,0.0019634954084936204,0.003926990816987241,3.989422804014327,,,,,,,,1.0,3.112845038314662,1.556422519157331,1.5672380057834399,3.388405596931193,3.1660622673647674,upper,,,,
ladder,S50_th00,S50,0.5,0.0,1.0,1,103.5704943490818,28.833563124744646,58.608910699120294,67.30644358992885,28.256891862249752,0.0019634954084936204,0.003926990816987241,3.989422804014327,,,,,,,,2.0,2.462677930255502,1.231338965127751,1.2444637826113927,2.7277351946585973,2.5098707003078906,upper,,,,
ladder,S50_th00,S50,0.5,0.0,1.0,1,107.94038382896125,29.43426235651016,61.08176229552237,68.71168486050155,28.256891862249752,0.0019634954084936204,0.003926990816987241,3.989422804014327,,,,,,,,4.0,1.6493799933434763,0.8246899966717381,0.8406947993663643,1.9010313087557356,1.6919869031255856,upper,,,,
ladder,S50_th00,S50,0.5,0.0,1.0,1,117.55059795974692,30.71401289374973,66.52003103538414,71.70526417877258,28.256891862249752,0.0019634954084936204,0.003926990816987241,3.989422804014327,,,,,,,,8.0,0.9395466500930316,0.4697733250465158,0.48799482005820816,1.172203278201598,0.9802490578688169,upper,,,,
ladder,S50_th00,S50,0.5,0.0,1.0,1,141.0524329466441,33.639156978868755,79.81934911500987,78.54687470420362,28.256891862249752,0.0019634954084936204,0.003926990816987241,3.989422804014327,,,,,,,,16.0,0.48986034838347514,0.24493017419173757,0.26453737915534803,0.6905933022934204,0.5306220567811162,upper,,,,
ladder,S15_th00,S15,0.15,0.0,1.0,1,73.85715289446044,24.359389536422203,41.79459898967916,56.83749119198836,28.256891862249752,0.0019634954084936204,0.000809381764437085,1.8111600524668081,,,,,,,,-16.0,0.10218310464924496,0.05109155232462248,-0.05083676507314294,0.20355497298152272,-0.10195820342346504,lower,,,,
ladder,S15_th00,S15,0.15,0.0,1.0,1,85.23887193929366,26.16378876134236,48.23533444521116,61.06009359296412,28.256891862249752,0.0019634954084936204,0.000809381764437085,1.8111600524668081,,,,,,,,-8.0,0.2024569938312737,0.10122849691563685,-0.10138872119416432,0.06150767403431449,-0.2032111434212421,lower,,,,
ladder,S15_th00,S15,0.15,0.0,1.0,1,91.93949223299924,27.170088329086298,52.02710988174488,63.414660144908844,28.256891862249752,0.0019634954084936204,0.000809381764437085,1.8111600524668081,,,,,,,,-4.0,0.3909339252204165,0.19546696261020824,-0.19586123519817653,-0.14687338731027924,-0.3922992955133765,lower,,,,
ladder,S15_th00,S15,0.15,0.0,1.0,1,95.58924577091763,27.702835159068385,54.09244789641811,64.6611071247807,28.256891862249752,0.0019634954084936204,0.000809381764437085,1.8111600524668081,,,,,,,,-2.0,0.6982032420949265,0.34910162104746323,-0.3495660474647421,-0.46350242727789154,-0.6995575734299129,lower,,,,
ladder,S15_th00,S15,0.15,0.0,1.0,1,97.49596300312137,27.977120655692822,55.17142913227134,65.30281992699173,28.256891862249752,0.0019634954084936204,0.000809381764437085,1.8111600524668081,,,,,,,,-1.0,1.0688887683129733,0.5344443841564867,-0.5348592186505806,-0.8378881610961681,-1.0693268041535535,lower,,,,
ladder,S15_th00,S15,0.15,0.0,1.0,1,98.47073609122418,28.116310310696274,55.72303786245628,65.62845963456923,28.256891862249752,0.0019634954084936204,0.000809381764437085,1.8111600524668081,,,,,,,,-0.5,1.3789094538193083,0.6894547269096541,-0.6897892437302903,-1.1488231522125254,-1.3779707576504663,lower,,,,
ladder,S15_th00,S15,0.15,0.0,1.0,1,98.96360114227413,28.186425797755366,56.001942428329485,65.79249618951027,28.256891862249752,0.0019634954084936204,0.000809381764437085,1.8111600524668081,,,,,,,,-0.25,1.5783327748666465,0.7891663874333232,-0.7894403622309625,-1.3482279100300247,-1.5762342994557292,lower,,,,
ladder,S15_th00,S15,0.15,0.0,1.0,1,99.46016731869794,28.256891862249752,56.28294140272981,65.95735199609368,28.256891862249752,0.0019634954084936204,0.000809381764437085,1.8111600524668081,,,,,,,,0.0,1.8111600524668081,0.9055800262334041,-0.905787331655357,-1.580593402967825,-1.807461444610195,lower,,,,
ladder,S15_th00,S15,0.15,0.0,1.0,1,99.96047171810687,28.3277111401,56.566055778610895,66.12303319660768,28.256891862249752,0.0019634954084936204,0.000809381764437085,1.8111600524668081,,,,,,,,0.25,1.5783327748666465,0.7891663874333232,0.7886204944490915,1.8127671537076409,1.5870345916940491,upper,,,,
ladder,S15_th00,S15,0.15,0.0,1.0,1,100.46455199204036,28.398886293718345,56.85130686238558,66.28954602400329,28.256891862249752,0.0019634954084936204,0.000809381764437085,1.8111600524668081,,,,,,,,0.5,1.3789094538193083,0.6894547269096541,0.6888690025704541,1.6101884247869176,1.3855884745198503,upper,,,,
ladder,S15_th00,S15,0.15,0.0,1.0,1,101.48419304962471,28.542315012373486,57.42830566947534,66.62509177238898,28.256891862249752,0.0019634954084936204,0.000809381764437085,1.8111600524668081,,,,,,,,1.0,1.0688887683129733,0.5344443841564867,0.5337774650221728,1.2951274107346382,1.0727840811682128,upper,,,,
ladder,S15_th00,S15,0.15,0.0,1.0,1,103.5704943490818,28.833563124744646,58.608910699120294,67.30644358992885,28.256891862249752,0.0019634954084936204,0.000809381764437085,1.8111600524668081,,,,,,,,2.0,0.6982032420949265,0.34910162104746323,0.3482858384042797,0.9171694305722404,0.6993049362215336,upper,,,,
ladder,S15_th00,S15,0.15,0.0,1.0,1,107.94038382896125,29.43426235651016,61.08176229552237,68.71168486050155,28.256891862249752,0.0019634954084936204,0.000809381764437085,1.8111600524668081,,,,,,,,4.0,0.3909339252204165,0.19546696261020824,0.19441795887621943,0.5990719381363486,0.3900275325061987,upper,,,,
ladder,S15_th00,S15,0.15,0.0,1.0,1,117.55059795974692,30.71401289374973,66.52003103538414,71.70526417877258,28.256891862249752,0.0019634954084936204,0.000809381764437085,1.8111600524668081,,,,,,,,8.0,0.2024569938312737,0.10122849691563685,0.0997489474838203,0.3919347532432445,0.19998053291046328,upper,,,,
ladder,S15_th00,S15,0.15,0.0,1.0,1,141.0524329466441,33.639156978868755,79.81934911500987,78.54687470420362,28.256891862249752,0.0019634954084936204,0.000809381764437085,1.8111600524668081,,,,,,,,16.0,0.10218310464924496,0.05109155232462248,0.04855662718232578,0.25726347954961826,0.09729223403731393,upper,,,,
ladder,S05_th00,S05,0.05,0.0,1.0,1,73.85715289446044,24.359389536422203,41.79459898967916,56.83749119198836,28.256891862249752,0.0019634954084936204,9.610030553014828e-05,0.6240832221652789,,,,,,,,-16.0,0.012166620048273402,0.006083310024136701,-0.006370275210758254,0.29273413902514617,-0.012779037379841575,lower,,,,
ladder,S05_th00,S05,0.05,0.0,1.0,1,85.23887193929366,26.16378876134236,48.23533444521116,61.06009359296412,28.256891862249752,0.0019634954084936204,9.610030553014828e-05,0.6240832221652789,,,,,,,,-8.0,0.02430556921832333,0.012152784609161665,-0.012538756602342433,0.23957651592094537,-0.025142301534611246,lower,,,,
ladder,S05_th00,S05,0.05,0.0,1.0,1,91.93949223299924,27.170088329086298,52.02710988174488,63.414660144908844,28.256891862249752,0.0019634954084936204,9.610030553014828e-05,0.6240832221652789,,,,,,,,-4.0,0.048392257203864336,0.024196128601932168,-0.024639941965528746,0.19603117044178903,-0.049394737761308226,lower,,,,
ladder,S05_th00,S05,0.05,0.0,1.0,1,95.58924577091763,27.702835159068385,54.09244789641811,64.6611071247807,28.256891862249752,0.0019634954084936204,9.610030553014828e-05,0.6240832221652789,,,,,,,,-2.0,0.09510855761418642,0.04755427880709321,-0.048022596241693694,0.13980636030920476,-0.09624878584281654,lower,,,,
ladder,S05_th00,S05,0.05,0.0,1.0,1,97.49596300312137,27.977120655692822,55.17142913227134,65.30281992699173,28.256891862249752,0.0019634954084936204,9.610030553014828e-05,0.6240832221652789,,,,,,,,-1.0,0.1787620065934416,0.0893810032967208,-0.08983902247175012,0.05142566135080984,-0.1800129817065754,lower,,,,
ladder,S05_th00,S05,0.05,0.0,1.0,1,98.47073609122418,28.116310310696274,55.72303786245628,65.62845963456923,28.256891862249752,0.0019634954084936204,9.610030553014828e-05,0.6240832221652789,,,,,,,,-0.5,0.29967485154167295,0.14983742577083647,-0.15024630929538496,-0.0718073221004451,-0.300954927538386,lower,,,,
ladder,S05_th00,S05,0.05,0.0,1.0,1,98.96360114227413,28.186425797755366,56.001942428329485,65.79249618951027,28.256891862249752,0.0019634954084936204,9.610030553014828e-05,0.6240832221652789,,,,,,,,-0.25,0.4222944802600992,0.2111472401300496,-0.211493953059227,-0.19549763595934083,-0.4235040253850453,lower,,,,
ladder,S05_th00,S05,0.05,0.0,1.0,1,99.46016731869794,28.256891862249752,56.28294140272981,65.95735199609368,28.256891862249752,0.0019634954084936204,9.610030553014828e-05,0.6240832221652789,,,,,,,,0.0,0.6240832221652789,0.31204161108263945,-0.3122892939712054,-0.3981500748140949,-0.6250181164564649,lower,,,,
ladder,S05_th00,S05,0.05,0.0,1.0,1,99.96047171810687,28.3277111401,56.566055778610895,66.12303319660768,28.256891862249752,0.0019634954084936204,9.610030553014828e-05,0.6240832221652789,,,,,,,,0.25,0.4222944802600992,0.2111472401300496,0.21078887265850985,0.6487072627481072,0.4229747007345155,upper,,,,
ladder,S05_th00,S05,0.05,0.0,1.0,1,100.46455199204036,28.398886293718345,56.85130686238558,66.28954602400329,28.256891862249752,0.0019634954084936204,9.610030553014828e-05,0.6240832221652789,,,,,,,,0.5,0.29967485154167295,0.14983742577083647,0.1494085747263497,0.5243119807057695,0.29971203043870237,upper,,,,
ladder,S05_th00,S05,0.05,0.0,1.0,1,101.48419304962471,28.542315012373486,57.42830566947534,66.62509177238898,28.256891862249752,0.0019634954084936204,9.610030553014828e-05,0.6240832221652789,,,,,,,,1.0,0.1787620065934416,0.0893810032967208,0.08888656710257868,0.4005909095632855,0.1782475799968601,upper,,,,
ladder,S05_th00,S05,0.05,0.0,1.0,1,103.5704943490818,28.833563124744646,58.608910699120294,67.30644358992885,28.256891862249752,0.0019634954084936204,9.610030553014828e-05,0.6240832221652789,,,,,,,,2.0,0.09510855761418642,0.04755427880709321,0.04701283982130887,0.3121171768012257,0.09425268245051885,upper,,,,
ladder,S05_th00,S05,0.05,0.0,1.0,1,107.94038382896125,29.43426235651016,61.08176229552237,68.71168486050155,28.256891862249752,0.0019634954084936204,9.610030553014828e-05,0.6240832221652789,,,,,,,,4.0,0.048392257203864336,0.024196128601932168,0.023605178770261734,0.25635903890986483,0.04731463327971497,upper,,,,
ladder,S05_th00,S05,0.05,0.0,1.0,1,117.55059795974692,30.71401289374973,66.52003103538414,71.70526417877258,28.256891862249752,0.0019634954084936204,9.610030553014828e-05,0.6240832221652789,,,,,,,,8.0,0.02430556921832333,0.012152784609161665,0.01146860057003482,0.2149367720016056,0.022982551668824368,upper,,,,
ladder,S05_th00,S05,0.05,0.0,1.0,1,141.0524329466441,33.639156978868755,79.81934911500987,78.54687470420362,28.256891862249752,0.0019634954084936204,9.610030553014828e-05,0.6240832221652789,,,,,,,,16.0,0.012166620048273402,0.006083310024136701,0.005169868015429306,0.17032780105338347,0.010356555541079162,upper,,,,
ladder,S25_th00,S25,0.25,0.0,2.0,2,295.4286354755588,97.43756206232868,167.17840948205813,113.67498698165686,113.02757199230126,0.0019634954084936204,0.003926990816987241,1.9947114020071635,,,,,,,,-16.0,0.12386038073070593,0.061930190365352966,-0.048716627219519484,0.2078060361835726,-0.09770711550794273,lower,,,,
ladder,S25_th00,S25,0.25,0.0,2.0,2,340.9555153113896,104.65515925213079,192.94135337334066,122.12019212048119,113.02757199230126,0.0019634954084936204,0.003926990816987241,1.9947114020071635,,,,,,,,-8.0,0.24493017419173757,0.12246508709586879,-0.10972822589710929,0.04480212265609101,-0.2199166734062959,lower,,,,
ladder,S25_th00,S25,0.25,0.0,2.0,2,367.7579985770318,108.68035768490506,208.1084563026376,126.82932540168454,113.02757199230126,0.0019634954084936204,0.003926990816987241,1.9947114020071635,,,,,,,,-4.0,0.4697733250465158,0.2348866625232579,-0.2228029791485305,-0.20077606867585968,-0.4462019570951327,lower,,,,
ladder,S25_th00,S25,0.25,0.0,2.0,2,382.35701392949426,110.81134509049143,216.369809040838,129.32221946595644,113.02757199230126,0.0019634954084936204,0.003926990816987241,1.9947114020071635,,,,,,,,-2.0,0.8246899966717381,0.4123449983358691,-0.401466988385853,-0.567158653318691,-0.8032137804274747,lower,,,,
ladder,S25_th00,S25,0.25,0.0,2.0,2,389.9838834679243,111.90848712109036,220.6857343292225,130.6056451211985,113.02757199230126,0.0019634954084936204,0.003926990816987241,1.9947114020071635,,,,,,,,-1.0,1.231338965127751,0.6156694825638755,-0.6063201382097081,-0.98032341824522,-1.2117620426351567,lower,,,,
ladder,S25_th00,S25,0.25,0.0,2.0,2,393.88297611389174,112.46524576348385,222.89216941608112,131.25692455913037,113.02757199230126,0.0019634954084936204,0.003926990816987241,1.9947114020071635,,,,,,,,-0.5,1.556422519157331,0.7782112595786655,-0.7700013408237302,-1.308441363767998,-1.5375889507354625,lower,,,,
ladder,S25_th00,S25,0.25,0.0,2.0,2,395.8544364720723,112.74570772299379,224.00778776670919,131.58499768141542,113.02757199230126,0.0019634954084936204,0.003926990816987241,1.9947114020071635,,,,,,,,-0.25,1.7603167853095654,0.8801583926547827,-0.872581196908215,-1.5135037626750214,-1.7415101337250765,lower,,,,
ladder,S25_th00,S25,0.25,0.0,2.0,2,397.8407012492185,113.02757199230126,225.13178370474347,131.914709293175,113.02757199230126,0.0019634954084936204,0.003926990816987241,1.9947114020071635,,,,,,,,0.0,1.9947114020071635,0.9973557010035817,-0.9904156057777377,-1.748625573524712,-1.9754935969337148,lower,,,,
ladder,S25_th00,S25,0.25,0.0,2.0,2,399.8419190593537,113.31084911508898,226.2642413285179,132.24607171606226,113.02757199230126,0.0019634954084936204,0.003926990816987241,1.9947114020071635,,,,,,,,0.25,1.7603167853095654,0.8801583926547827,0.8865652234663766,2.0107432470114235,1.7850107031691063,upper,,,,
ladder,S25_th00,S25,0.25,0.0,2.0,2,401.8582403727848,113.5955497410063,227.40524578680805,132.5790973933938,113.02757199230126,0.0019634954084936204,0.003926990816987241,1.9947114020071635,,,,,,,,0.5,1.556422519157331,0.7782112595786655,0.7854676402083237,1.8052469840453182,1.5806470518893063,upper,,,,
ladder,S25_th00,S25,0.25,0.0,2.0,2,405.9368048799286,114.16926463868815,229.71324117180748,133.2501889086754,113.02757199230126,0.0019634954084936204,0.003926990816987241,1.9947114020071635,,,,,,,,1.0,1.231338965127751,0.6156694825638755,0.6243432390070452,1.4777128739056271,1.2553695622397663,upper,,,,
ladder,S25_th00,S25,0.25,0.0,2.0,2,414.2820107671146,115.3342571350013,234.43566168048392,134.6128926014524,113.02757199230126,0.0019634954084936204,0.003926990816987241,1.9947114020071635,,,,,,,,2.0,0.8246899966717381,0.4123449983358691,0.42272794177498285,1.0669531964945085,0.849088719692982,upper,,,,
ladder,S25_th00,S25,0.25,0.0,2.0,2,431.7615701015106,117.73705415864715,244.3270688667495,137.4233752568868,113.02757199230126,0.0019634954084936204,0.003926990816987241,1.9947114020071635,,,,,,,,4.0,0.4697733250465158,0.2348866625232579,0.24636923740977384,0.7034211534469622,0.49437676465885966,upper,,,,
ladder,S25_th00,S25,0.25,0.0,2.0,2,470.2024297211017,122.85605651337093,266.0801455784279,143.41053413451903,113.02757199230126,0.0019634954084936204,0.003926990816987241,1.9947114020071635,,,,,,,,8.0,0.24493017419173757,0.12246508709586879,0.13411707913097679,0.4608834710135927,0.26892926614570745,upper,,,,
ladder,S25_th00,S25,0.25,0.0,2.0,2,564.2097772623241,134.55663332416816,319.2774221940485,157.09375573934693,113.02757199230126,0.0019634954084936204,0.003926990816987241,1.9947114020071635,,,,,,,,16.0,0.12386038073070593,0.061930190365352966,0.07285540821373207,0.30596831172158684,0.14599707910308957,upper,,,,
ladder,S50_th00,S50,0.5,0.0,2.0,2,295.4286354755588,97.43756206232868,167.17840948205813,113.67498698165686,113.02757199230126,0.0019634954084936204,5.889542894199896e-35,2.442816933690802e-16,,,,,,,,-16.0,0.0,0.0,0.017733061978010046,0.34109078828110906,0.03557763658959376,lower,,,,
ladder,S50_th00,S50,0.5,0.0,2.0,2,340.9555153113896,104.65515925213079,192.94135337334066,122.12019212048119,113.02757199230126,0.0019634954084936204,5.889542894199896e-35,2.442816933690802e-16,,,,,,,,-8.0,0.0,0.0,0.016750398244439704,0.2983110879408963,0.03359229187850938,lower,,,,
ladder,S50_th00,S50,0.5,0.0,2.0,2,367.7579985770318,108.68035768490506,208.1084563026376,126.82932540168454,113.02757199230126,0.0019634954084936204,5.889542894199896e-35,2.442816933690802e-16,,,,,,,,-4.0,0.0,0.0,0.016187835252405455,0.27788364769563206,0.032457759276359036,lower,,,,
ladder,S50_th00,S50,0.5,0.0,2.0,2,382.35701392949426,110.81134509049143,216.369809040838,129.32221946595644,113.02757199230126,0.0019634954084936204,5.889542894199896e-35,2.442816933690802e-16,,,,,,,,-2.0,0.0,0.0,0.015883663756187643,0.26789997299896556,0.031844845890181786,lower,,,,
ladder,S50_th00,S50,0.5,0.0,2.0,2,389.9838834679243,111.90848712109036,220.6857343292225,130.6056451211985,113.02757199230126,0.0019634954084936204,5.889542894199896e-35,2.442816933690802e-16,,,,,,,,-1.0,0.0,0.0,0.015725052914147407,0.2629639988537093,0.031525374463772564,lower,,,,
ladder,S50_th00,S50,0.5,0.0,2.0,2,393.88297611389174,112.46524576348385,222.89216941608112,131.25692455913037,113.02757199230126,0.0019634954084936204,5.889542894199896e-35,2.442816933690802e-16,,,,,,,,-0.5,0.0,0.0,0.015644003476671636,0.260509745678347,0.03136215871088243,lower,,,,
ladder,S50_th00,S50,0.5,0.0,2.0,2,395.8544364720723,112.74570772299379,224.00778776670919,131.58499768141542,113.02757199230126,0.0019634954084936204,5.889542894199896e-35,2.442816933690802e-16,,,,,,,,-0.25,0.0,0.0,0.015603027928731437,0.2592860205539778,0.031279649503922716,lower,,,,
ladder,S50_th00,S50,0.5,0.0,2.0,2,397.8407012492185,113.02757199230126,225.13178370474347,131.914709293175,113.02757199230126,0.0019634954084936204,5.889542894199896e-35,2.442816933690802e-16,,,,,,,,0.0,2.442816933690802e-16,1.221408466845401e-16,0.015561745702687422,0.25806455379766,0.03119653038865727,upper,,,,
ladder,S50_th00,S50,0.5,0.0,2.0,2,399.8419190593537,113.31084911508898,226.2642413285179,132.24607171606226,113.02757199230126,0.0019634954084936204,5.889542894199896e-35,2.442816933690802e-16,,,,,,,,0.25,0.0,0.0,0.015520151868345013,0.25684533208319954,0.03111278824088242,upper,,,,
ladder,S50_th00,S50,0.5,0.0,2.0,2,401.8582403727848,113.5955497410063,227.40524578680805,132.5790973933938,113.02757199230126,0.0019634954084936204,5.889542894199896e-35,2.442816933690802e-16,,,,,,,,0.5,0.0,0.0,0.015478242894480713,0.25562834817516333,0.03102841601915148,upper,,,,
ladder,S50_th00,S50,0.5,0.0,2.0,2,405.9368048799286,114.16926463868815,229.71324117180748,133.2501889086754,113.02757199230126,0.0019634954084936204,5.889542894199896e-35,2.442816933690802e-16,,,,,,,,1.0,0.0,0.0,0.01539345645526129,0.2532010535687578,0.030857741902896745,upper,,,,
ladder,S50_th00,S50,0.5,0.0,2.0,2,414.2820107671146,115.3342571350013,234.43566168048392,134.6128926014524,113.02757199230126,0.0019634954084936204,5.889542894199896e-35,2.442816933690802e-16,,,,,,,,2.0,0.0,0.0,0.015219878965239195,0.24837287936220118,0.030508402560674733,upper,,,,
ladder,S50_th00,S50,0.5,0.0,2.0,2,431.7615701015106,117.73705415864715,244.3270688667495,137.4233752568868,113.02757199230126,0.0019634954084936204,5.889542894199896e-35,2.442816933690802e-16,,,,,,,,4.0,0.0,0.0,0.01485552900355215,0.23881976841309935,0.029775379624996795,upper,,,,
ladder,S50_th00,S50,0.5,0.0,2.0,2,470.2024297211017,122.85605651337093,266.0801455784279,143.41053413451903,113.02757199230126,0.0019634954084936204,5.889542894199896e-35,2.442816933690802e-16,,,,,,,,8.0,0.0,0.0,0.014047108827368064,0.22010432950378125,0.028150124635895973,upper,,,,
ladder,S50_th00,S50,0.5,0.0,2.0,2,564.2097772623241,134.55663332416816,319.2774221940485,157.09375573934693,113.02757199230126,0.0019634954084936204,5.889542894199896e-35,2.442816933690802e-16,,,,,,,,16.0,0.0,0.0,0.011991552383387396,0.1839941469934046,0.024022914374907344,upper,,,,
ladder,S25_th00,S25,0.25,0.0,2.0,4,70.47250825423869,97.43756206232868,39.879281922654165,55.51987548375557,113.02757199230126,0.0019634954084936204,0.003926990816987241,0.9973557010035817,,,,,,,,-16.0,0.03105481227995699,0.015527406139978495,-0.012216289297993831,5.097299369166791,-0.025681819380967516,lower,,,,
ladder,S25_th00,S25,0.25,0.0,2.0,4,81.85422821426187,104.65515925213079,46.32001789607773,59.835534913161524,113.02757199230126,0.0019634954084936204,0.003926990816987241,0.9973557010035817,,,,,,,,-8.0,0.061930190365352966,0.030965095182676483,-0.027749891625647206,4.352698670820939,-0.05793889760387012,lower,,,,
ladder,S25_th00,S25,0.25,0.0,2.0,4,88.55484903133721,108.68035768490506,50.11179362877816,62.23644714272366,113.02757199230126,0.0019634954084936204,0.003926990816987241,0.9973557010035817,,,,,,,,-4.0,0.12246508709586879,0.06123254354793439,-0.058103577364911334,3.955991809867693,-0.12090898151057153,lower,,,,
ladder,S25_th00,S25,0.25,0.0,2.0,4,92.20460286774457,110.81134509049143,52.17713181236159,63.506023488429605,113.02757199230126,0.0019634954084936204,0.003926990816987241,0.9973557010035817,,,,,,,,-2.0,0.2348866625232579,0.11744333126162895,-0.1144590027144584,3.6777794373801025,-0.23774454805575196,lower,,,,
ladder,S25_th00,S25,0.25,0.0,2.0,4,94.11132025775342,111.90848712109036,53.25611313751425,64.15929037972666,113.02757199230126,0.0019634954084936204,0.003926990816987241,0.9973557010035817,,,,,,,,-1.0,0.4123449983358691,0.20617249916793454,-0.20347893036245238,3.4140555561144614,-0.4221389963309742,lower,,,,
ladder,S25_th00,S25,0.25,0.0,2.0,4,95.08609341785875,112.46524576348385,53.80772190844427,64.49070451443868,113.02757199230126,0.0019634954084936204,0.003926990816987241,0.9973557010035817,,,,,,,,-0.5,0.6156694825638755,0.3078347412819378,-0.3055065758527733,3.1636247823225054,-0.6332430993948236,lower,,,,
ladder,S25_th00,S25,0.25,0.0,2.0,4,95.57895850376732,112.74570772299379,54.08662649404343,64.65762763304721,113.02757199230126,0.0019634954084936204,0.003926990816987241,0.9973557010035817,,,,,,,,-0.25,0.7782112595786655,0.3891056297893328,-0.3870400770525606,2.975524667021271,-0.8017641813606785,lower,,,,
ladder,S25_th00,S25,0.25,0.0,2.0,4,96.07552470280845,113.02757199230126,54.367625481242534,64.82536956788562,113.02757199230126,0.0019634954084936204,0.003926990816987241,0.9973557010035817,,,,,,,,0.0,0.9973557010035817,0.49867785050179086,0.4998372099586033,4.79759867288805,1.0398327360064386,upper,,,,
ladder,S25_th00,S25,0.25,0.0,2.0,4,96.57582915234593,113.31084911508898,54.65073988549057,64.99393647555627,113.02757199230126,0.0019634954084936204,0.003926990816987241,0.9973557010035817,,,,,,,,0.25,0.7782112595786655,0.3891056297893328,0.3907866218585812,4.550674742738047,0.8123756541873622,upper,,,,
ladder,S25_th00,S25,0.25,0.0,2.0,4,97.07990948035194,113.5955497410063,54.935990999864046,65.16333458243628,113.02757199230126,0.0019634954084936204,0.003926990816987241,0.9973557010035817,,,,,,,,0.5,0.6156694825638755,0.3078347412819378,0.309925577696528,4.362787859810837,0.6438996157987185,upper,,,,
ladder,S25_th00,S25,0.25,0.0,2.0,4,98.09955060770145,114.16926463868815,55.512989846432816,65.50464959500856,113.02757199230126,0.0019634954084936204,0.003926990816987241,0.9973557010035817,,,,,,,,1.0,0.4123449983358691,0.20617249916793454,0.20875034569131828,4.113552452423977,0.433318120464679,upper,,,,
ladder,S25_th00,S25,0.25,0.0,2.0,4,100.18585207890025,115.3342571350013,56.6935949732637,66.1975348568346,113.02757199230126,0.0019634954084936204,0.003926990816987241,0.9973557010035817,,,,,,,,2.0,0.2348866625232579,0.11744333126162895,0.12034202008727869,3.853103956290296,0.24950797337729116,upper,,,,
ladder,S25_th00,S25,0.25,0.0,2.0,4,104.55574191147095,117.73705415864715,59.166446769248196,67.62582290954467,113.02757199230126,0.0019634954084936204,0.003926990816987241,0.9973557010035817,,,,,,,,4.0,0.12246508709586879,0.06123254354793439,0.06422688058106071,3.585916795123894,0.1329325065906937,upper,,,,
ladder,S25_th00,S25,0.25,0.0,2.0,4,114.16595681783397,122.85605651337093,64.60471594799697,70.66541751589259,113.02757199230126,0.0019634954084936204,0.003926990816987241,0.9973557010035817,,,,,,,,8.0,0.061930190365352966,0.030965095182676483,0.03391561409699144,3.2323090667747145,0.06998866795119514,upper,,,,
ladder,S25_th00,S25,0.25,0.0,2.0,4,137.6677937016164,134.55663332416816,77.90403510104017,77.59876242901804,113.02757199230126,0.0019634954084936204,0.003926990816987241,0.9973557010035817,,,,,,,,16.0,0.03105481227995699,0.015527406139978495,0.018269571318880483,2.659968879738411,0.0375012394220222,upper,,,,
ladder,S33_th00,S33,0.3333333333333333,0.0,3.0,4,371.43390851308556,219.23451940509773,210.1885958108458,127.46160799216929,254.31204250991334,0.0019634954084936204,5.889542894199896e-35,1.221408466845401e-16,,,,,,,,-16.0,0.0,0.0,0.007110501342531472,0.9863479926295886,0.014359905862000406,lower,,,,
ladder,S33_th00,S33,0.3333333333333333,0.0,3.0,4,429.05386829001117,235.47411343510493,242.79482307930414,136.99178665158917,254.31204250991334,0.0019634954084936204,5.889542894199896e-35,1.221408466845401e-16,,,,,,,,-8.0,0.0,0.0,0.006523832245536431,0.8546125878721801,0.013158027550607078,lower,,,,
ladder,S33_th00,S33,0.3333333333333333,0.0,3.0,4,462.97576266356486,244.5308101056859,261.99068856763205,142.30420937283478,254.31204250991334,0.0019634954084936204,5.889542894199896e-35,1.221408466845401e-16,,,,,,,,-4.0,0.0,0.0,0.006201042686580054,0.7923011207834632,0.012499318591510902,lower,,,,
ladder,S33_th00,S33,0.3333333333333333,0.0,3.0,4,481.45264225838446,249.32553187246404,272.44646357360295,145.1160358165139,254.31204250991334,0.0019634954084936204,5.889542894199896e-35,1.221408466845401e-16,,,,,,,,-2.0,0.0,0.0,0.006028774398517658,0.7620235314800224,0.012148460896267416,lower,,,,
ladder,S33_th00,S33,0.3333333333333333,0.0,3.0,4,491.105399442503,251.7941014949637,277.9088067569568,146.56354919361274,254.31204250991334,0.0019634954084936204,5.889542894199896e-35,1.221408466845401e-16,,,,,,,,-1.0,0.0,0.0,0.005939364075527397,0.747102688570522,0.01196653550424007,lower,,,,
ladder,S33_th00,S33,0.3333333333333333,0.0,3.0,4,496.040188791024,253.0468084675755,280.70132628739003,147.2980681219386,254.31204250991334,0.0019634954084936204,5.889542894199896e-35,1.221408466845401e-16,,,,,,,,-0.5,0.0,0.0,0.005893760214071317,0.7396965379101834,0.011873788354020115,lower,,,,
ladder,S33_th00,S33,0.3333333333333333,0.0,3.0,4,498.53531840506696,253.67784789018788,282.11328081798524,147.66806511405997,254.31204250991334,0.0019634954084936204,5.889542894199896e-35,1.221408466845401e-16,,,,,,,,-0.25,0.0,0.0,0.005870722390395809,0.7360070015977788,0.011826947010552832,lower,,,,
ladder,S33_th00,S33,0.3333333333333333,0.0,3.0,4,501.0491848797456,254.31204250991334,283.53583824276075,148.03990537683245,254.31204250991334,0.0019634954084936204,5.889542894199896e-35,1.221408466845401e-16,,,,,,,,0.0,1.221408466845401e-16,6.107042334227005e-17,0.005847524033305376,0.7323264802474131,0.011779785449595325,upper,,,,
ladder,S33_th00,S33,0.3333333333333333,0.0,3.0,4,503.5819762775986,254.94941605003842,284.96910498334364,148.4136027681939,254.31204250991334,0.0019634954084936204,5.889542894199896e-35,1.221408466845401e-16,,,,,,,,0.25,0.0,0.0,0.005824160604929843,0.7286549649255561,0.011732296713887019,upper,,,,
ladder,S33_th00,S33,0.3333333333333333,0.0,3.0,4,506.1338830449159,255.5899924722747,286.4131888102883,148.78917128804324,254.31204250991334,0.0019634954084936204,5.889542894199896e-35,1.221408466845401e-16,,,,,,,,0.5,0.0,0.0,0.005800629575789071,0.72499244711349,0.011684474281719332,upper,,,,
ladder,S33_th00,S33,0.3333333333333333,0.0,3.0,4,511.29581648105005,256.8808510201145,289.3342456005891,149.54597841449603,254.31204250991334,0.0019634954084936204,5.889542894199896e-35,1.221408466845401e-16,,,,,,,,1.0,0.0,0.0,0.005753050907788374,0.7176943697710886,0.011587801990043407,upper,,,,
ladder,S33_th00,S33,0.3333333333333333,0.0,3.0,4,521.8577181577468,259.50208419378913,295.3110593260891,151.0826780279069,254.31204250991334,0.0019634954084936204,5.889542894199896e-35,1.221408466845401e-16,,,,,,,,2.0,0.0,0.0,0.005655723133011641,0.70320578825502,0.011390142851258743,upper,,,,
ladder,S33_th00,S33,0.3333333333333333,0.0,3.0,4,543.9802863797232,264.9083776144931,307.8298720777877,154.25178540522168,254.31204250991334,0.0019634954084936204,5.889542894199896e-35,1.221408466845401e-16,,,,,,,,4.0,0.0,0.0,0.005451526415848101,0.6746567429540314,0.010975828156650911,upper,,,,
ladder,S33_th00,S33,0.3333333333333333,0.0,3.0,4,592.6320014518695,276.42613316294927,335.3611109884741,161.0019619980609,254.31204250991334,0.0019634954084936204,5.889542894199896e-35,1.221408466845401e-16,,,,,,,,8.0,0.0,0.0,0.004996708734113483,0.619251142666359,0.010054654437977845,upper,,,,
ladder,S33_th00,S33,0.3333333333333333,0.0,3.0,4,711.6100558623064,302.75243155942064,402.68891713559407,176.42480948490507,254.31204250991334,0.0019634954084936204,5.889542894199896e-35,1.221408466845401e-16,,,,,,,,16.0,0.0,0.0,0.0038029343425771745,0.5149862203537807,0.007644690927595353,upper,,,,
damping,S50_th00,S50,0.5,0.0,1.0,1,99.46016731869794,,,,28.256891862249752,,0.003926990816987241,3.989422804014327,,,4.105457215379241,1.7499771040111973,0.014128445931124877,70.77919290450808,,,,,,,,,0.15,13.298076013381088,39.00428476325404,4.0005609337772245
damping,S50_th00,S50,0.5,0.0,1.0,1,99.46016731869794,,,,28.256891862249752,,0.003926990816987241,3.989422804014327,,,4.105457215379241,1.7499771040111973,0.023547409885208124,42.46751574270486,,,,,,,,,0.25,7.978845608028653,30.259045037564594,4.019686279453869
damping,S50_th00,S50,0.5,0.0,1.0,1,99.46016731869794,,,,28.256891862249752,,0.003926990816987241,3.989422804014327,,,4.105457215379241,1.7499771040111973,0.037675855816333,26.542197339190533,,,,,,,,,0.4,4.9867785050179085,22.399602000156015,4.06297769433977
damping,S50_th00,S50,0.5,0.0,1.0,1,99.46016731869794,,,,28.256891862249752,,0.003926990816987241,3.989422804014327,,,4.105457215379241,1.7499771040111973,0.05651378372449951,17.69479822612702,,,,,,,,,0.6,3.324519003345272,15.949198448836249,4.139267460047795
damping,S50_th00,S50,0.5,0.0,1.0,1,99.46016731869794,,,,28.256891862249752,,0.003926990816987241,3.989422804014327,,,4.105457215379241,1.7499771040111973,0.08477067558674924,11.79653215075135,,,,,,,,,0.8999999999999999,2.2163460022301815,10.109123781281914,4.265856502411974
damping,S50_th00,S50,0.5,0.0,1.0,1,99.46016731869794,,,,28.256891862249752,,0.003926990816987241,3.989422804014327,,,4.105457215379241,1.7499771040111973,0.13186549535716552,7.583484954054438,,,,,,,,,1.4000000000000001,1.4247938585765452,4.9493131334182525,4.426075587688123
damping,S50_th00,S50,0.5,0.0,1.0,1,99.46016731869794,,,,28.256891862249752,,0.003926990816987241,3.989422804014327,,,4.105457215379241,1.7499771040111973,0.14091086095728253,7.096685047600074,,,,,,,,,2.0,0.9973557010035816,2.0732704166637657,4.434369319692601
damping,S50_th00,S50,0.5,0.0,1.0,1,99.46016731869794,,,,28.256891862249752,,0.003926990816987241,3.989422804014327,,,4.105457215379241,1.7499771040111973,0.14091086095728253,7.096685047600074,,,,,,,,,3.0,0.6649038006690545,0.35016766622416323,3.8012264454117304
damping,S50_th00,S50,0.5,0.0,1.0,1,99.46016731869794,,,,28.256891862249752,,0.003926990816987241,3.989422804014327,,,4.105457215379241,1.7499771040111973,0.14091086095728253,7.096685047600074,,,,,,,,,4.5,0.44326920044603635,0.0,0.0
damping,S25_th00,S25,0.25,0.0,2.0,2,397.8407012492185,,,,113.02757199230126,,0.003926990816987241,1.9947114020071635,,,2.0527286076896205,0.8749885520055987,0.05651378599615064,17.694797514859715,,,,,,,,,0.15,6.649038006690544,27.179094077110804,2.0161786790537826
damping,S25_th00,S25,0.25,0.0,2.0,2,397.8407012492185,,,,113.02757199230126,,0.003926990816987241,1.9947114020071635,,,2.0527286076896205,0.8749885520055987,0.09418964332691772,10.61687850891583,,,,,,,,,0.25,3.9894228040143265,18.79533998392018,2.0496041753185392
damping,S25_th00,S25,0.25,0.0,2.0,2,397.8407012492185,,,,113.02757199230126,,0.003926990816987241,1.9947114020071635,,,2.0527286076896205,0.8749885520055987,0.15070342932306835,6.635549068072393,,,,,,,,,0.4,2.4933892525089543,11.719285162682318,2.1120418236778757
damping,S25_th00,S25,0.25,0.0,2.0,2,397.8407012492185,,,,113.02757199230126,,0.003926990816987241,1.9947114020071635,,,2.0527286076896205,0.8749885520055987,0.22605514398460255,4.423699378714929,,,,,,,,,0.6,1.662259501672636,6.570049932994092,2.1874481610724565
damping,S25_th00,S25,0.25,0.0,2.0,2,397.8407012492185,,,,113.02757199230126,,0.003926990816987241,1.9947114020071635,,,2.0527286076896205,0.8749885520055987,0.28182173324278603,3.548342381169418,,,,,,,,,0.8999999999999999,1.1081730011150908,2.7894827123927635,2.2292613922803297
damping,S25_th00,S25,0.25,0.0,2.0,2,397.8407012492185,,,,113.02757199230126,,0.003926990816987241,1.9947114020071635,,,2.0527286076896205,0.8749885520055987,0.28182173324278603,3.548342381169418,,,,,,,,,1.4000000000000001,0.7123969292882726,0.5333560921671272,2.0044607270022974
damping,S25_th00,S25,0.25,0.0,2.0,2,397.8407012492185,,,,113.02757199230126,,0.003926990816987241,1.9947114020071635,,,2.0527286076896205,0.8749885520055987,0.28182173324278603,3.548342381169418,,,,,,,,,2.0,0.4986778505017908,0.0021673011091610053,0.6680241217300181
damping,S25_th00,S25,0.25,0.0,2.0,2,397.8407012492185,,,,113.02757199230126,,0.003926990816987241,1.9947114020071635,,,2.0527286076896205,0.8749885520055987,0.28182173324278603,3.548342381169418,,,,,,,,,3.0,0.33245190033452726,0.0,0.0
damping,S25_th00,S25,0.25,0.0,2.0,2,397.8407012492185,,,,113.02757199230126,,0.003926990816987241,1.9947114020071635,,,2.0527286076896205,0.8749885520055987,0.28182173324278603,3.548342381169418,,,,,,,,,4.5,0.22163460022301817,0.0,0.0
damping,S15_th00,S15,0.15,0.0,1.0,2,24.018879312308567,,,,28.256891862249752,,0.000809381764437085,0.9055800262334041,,,0.9319192864346749,0.39723648999140415,0.014128445931124877,70.77919290450808,,,,,,,,,0.15,3.01860008744468,14.489186391862972,0.9453798402780045
damping,S15_th00,S15,0.15,0.0,1.0,2,24.018879312308567,,,,28.256891862249752,,0.000809381764437085,0.9055800262334041,,,0.9319192864346749,0.39723648999140415,0.023547409885208124,42.46751574270486,,,,,,,,,0.25,1.8111600524668081,7.560169753447271,0.9857583280803108
damping,S15_th00,S15,0.15,0.0,1.0,2,24.018879312308567,,,,28.256891862249752,,0.000809381764437085,0.9055800262334041,,,0.9319192864346749,0.39723648999140415,0.03198609609236324,31.263583936982933,,,,,,,,,0.4,1.131975032791755,2.947701376667187,1.0123769742427973
damping,S15_th00,S15,0.15,0.0,1.0,2,24.018879312308567,,,,28.256891862249752,,0.000809381764437085,0.9055800262334041,,,0.9319192864346749,0.39723648999140415,0.03198609609236324,31.263583936982933,,,,,,,,,0.6,0.75465002186117,0.719267675316402,0.9396610251994099
damping,S15_th00,S15,0.15,0.0,1.0,2,24.018879312308567,,,,28.256891862249752,,0.000809381764437085,0.9055800262334041,,,0.9319192864346749,0.39723648999140415,0.03198609609236324,31.263583936982933,,,,,,,,,0.8999999999999999,0.5031000145741135,0.0039007023039282357,0.34878508631739347
damping,S15_th00,S15,0.15,0.0,1.0,2,24.018879312308567,,,,28.256891862249752,,0.000809381764437085,0.9055800262334041,,,0.9319192864346749,0.39723648999140415,0.03198609609236324,31.263583936982933,,,,,,,,,1.4000000000000001,0.32342143794050143,0.0,0.0
damping,S15_th00,S15,0.15,0.0,1.0,2,24.018879312308567,,,,28.256891862249752,,0.000809381764437085,0.9055800262334041,,,0.9319192864346749,0.39723648999140415,0.03198609609236324,31.263583936982933,,,,,,,,,2.0,0.22639500655835101,0.0,0.0
damping,S15_th00,S15,0.15,0.0,1.0,2,24.018879312308567,,,,28.256891862249752,,0.000809381764437085,0.9055800262334041,,,0.9319192864346749,0.39723648999140415,0.03198609609236324,31.263583936982933,,,,,,,,,3.0,0.15093000437223403,0.0,0.0
damping,S15_th00,S15,0.15,0.0,1.0,2,24.018879312308567,,,,28.256891862249752,,0.000809381764437085,0.9055800262334041,,,0.9319192864346749,0.39723648999140415,0.03198609609236324,31.263583936982933,,,,,,,,,4.5,0.10062000291482268,0.0,0.0
damping,S05_th00,S05,0.05,0.0,1.0,1,99.46016731869794,,,,28.256891862249752,,9.610030553014828e-05,0.6240832221652789,,,0.6422350032334074,0.2737567320986441,0.014128445931124877,70.77919290450808,,,,,,,,,0.15,2.0802774072175962,9.278536238588613,0.6710323992718092
damping,S05_th00,S05,0.05,0.0,1.0,1,99.46016731869794,,,,28.256891862249752,,9.610030553014828e-05,0.6240832221652789,,,0.6422350032334074,0.2737567320986441,0.022043315152210842,45.36522719449958,,,,,,,,,0.25,1.2481664443305578,3.733996868958662,0.6968827672147194
damping,S05_th00,S05,0.05,0.0,1.0,1,99.46016731869794,,,,28.256891862249752,,9.610030553014828e-05,0.6240832221652789,,,0.6422350032334074,0.2737567320986441,0.022043315152210842,45.36522719449958,,,,,,,,,0.4,0.7801040277065986,0.8403524843796529,0.6571176715023197
damping,S05_th00,S05,0.05,0.0,1.0,1,99.46016731869794,,,,28.256891862249752,,9.610030553014828e-05,0.6240832221652789,,,0.6422350032334074,0.2737567320986441,0.022043315152210842,45.36522719449958,,,,,,,,,0.6,0.5200693518043991,0.015051910522448997,0.32804056560527867
damping,S05_th00,S05,0.05,0.0,1.0,1,99.46016731869794,,,,28.256891862249752,,9.610030553014828e-05,0.6240832221652789,,,0.6422350032334074,0.2737567320986441,0.022043315152210842,45.36522719449958,,,,,,,,,0.8999999999999999,0.34671290120293274,0.0,0.0
damping,S05_th00,S05,0.05,0.0,1.0,1,99.46016731869794,,,,28.256891862249752,,9.610030553014828e-05,0.6240832221652789,,,0.6422350032334074,0.2737567320986441,0.022043315152210842,45.36522719449958,,,,,,,,,1.4000000000000001,0.22288686505902816,0.0,0.0
damping,S05_th00,S05,0.05,0.0,1.0,1,99.46016731869794,,,,28.256891862249752,,9.610030553014828e-05,0.6240832221652789,,,0.6422350032334074,0.2737567320986441,0.022043315152210842,45.36522719449958,,,,,,,,,2.0,0.15602080554131972,0.0,0.0
damping,S05_th00,S05,0.05,0.0,1.0,1,99.46016731869794,,,,28.256891862249752,,9.610030553014828e-05,0.6240832221652789,,,0.6422350032334074,0.2737567320986441,0.022043315152210842,45.36522719449958,,,,,,,,,3.0,0.10401387036087982,0.0,0.0
damping,S05_th00,S05,0.05,0.0,1.0,1,99.46016731869794,,,,28.256891862249752,,9.610030553014828e-05,0.6240832221652789,,,0.6422350032334074,0.2737567320986441,0.022043315152210842,45.36522719449958,,,,,,,,,4.5,0.06934258024058655,0.0,0.0
