case,n,lam2,g,tension_variation,T_at,f_lo,f_hi,f_host,phi_a,f_iso_sag,f_iso_straight,sag_lift_pct,s_fe,s_pred,ratio,eps_corrected,eps_string,Ld,Lc,theta_deg,T_design
worked,1,0.0,0.0,0,151000.0,3.2796820454165068,3.3572167130580044,3.321000437028616,-0.005406160981000173,3.3159613594908537,3.3159613594908537,0.0,0.023364728154846512,0.02337598755226385,0.9995183348984865,-0.021761925162661844,-0.021761925162661844,,,,
worked,1,0.2606835453204073,22.145980801246072,0,149500.0,3.279437103932361,3.3720131944019656,3.321000437028616,-0.005406160981000173,3.334473743407014,3.299470992347143,1.0608594875074484,0.02783636239236054,0.02337598755226385,1.1908101135887508,0.022642709562778807,0.044455404525679754,,,,
worked,1,0.2606835453204073,22.145980801246072,1,149500.0,3.2793786276513237,3.3720654838838997,3.321000437028616,-0.005406160981000173,3.334472570062093,3.299470992347143,1.060823925900034,0.027869694062928208,0.02337598755226385,1.1922360071683544,0.022675145575591804,0.04448779731438224,,,,
worked,1,0.537379400812514,31.319676341330506,0,148000.0,3.251430135097972,3.418032045501109,3.321000437028616,-0.005406160981000173,3.3542687286785675,3.2828977931607217,2.1740224647423867,0.049959623697325456,0.02337598755226385,2.1372198109545586,0.03838057096675285,0.08402060219118113,,,,
worked,1,0.537379400812514,31.319676341330506,1,148000.0,3.251346924079835,3.4181054455247075,3.321000437028616,-0.005406160981000173,3.354268794921143,3.2828977931607217,2.1740244825504185,0.05000666087814347,0.02337598755226385,2.1392320117530423,0.03842512753039529,0.08406715997124281,,,,
worked,1,1.1081041100804592,44.29421006228925,0,146500.0,3.222397312513709,3.5009588386244896,3.321000437028616,-0.005406160981000173,3.4109341205306265,3.2662405012776126,4.429974436861461,0.08286383164860985,0.02337598755226385,3.5448269923717035,0.053482550638685566,0.14888799112947337,,,,
worked,1,1.1081041100804592,44.29421006228925,1,146500.0,3.222282028944595,3.501064377812666,3.321000437028616,-0.005406160981000173,3.410944282089611,3.2662405012776126,4.430285545580515,0.08292964009347557,0.02337598755226385,3.547642207973551,0.05353979049649027,0.14895726045773916,,,,
worked,1,2.1494961136400663,62.64571309454123,0,148000.0,3.204668761727615,3.662271055107216,3.321000437028616,-0.005406160981000173,3.5591972067584705,3.2828977931607217,8.416327007601776,0.13327691973002412,0.02337598755226385,5.701445529607877,0.058758390905883084,0.24447519621226466,,,,
worked,1,2.1494961136400663,62.64571309454123,1,148000.0,3.2045182062394892,3.662436325386863,3.321000437028616,-0.005406160981000173,3.5592519151557096,3.2828977931607217,8.417993474262818,0.1333686183703102,0.02337598755226385,5.705368300360602,0.058821401437301635,0.24458751963203462,,,,
worked,1,3.3396935950053908,88.60641465390773,0,161000.0,3.210189957424748,3.9519549436684946,3.321000437028616,-0.005406160981000173,3.8615970224069205,3.4238680562144403,12.784633023401316,0.20713487271962963,0.02337598755226385,8.86101056721215,0.04734573186037028,0.33226288365719703,,,,
worked,1,3.3396935950053908,88.60641465390773,1,161000.0,3.2100058749154257,3.9522300509199124,3.321000437028616,-0.005406160981000173,3.8617604005541595,3.4238680562144403,12.789404765318846,0.20726046549993268,0.02337598755226385,8.86638329339205,0.04740292474978247,0.3324483756187273,,,,
worked_gmult,1,0.012402586441941242,4.903325,1,151000.0,3.2986766518249295,3.339054356841639,3.321000437028616,-0.005406160981000173,3.317643918690952,3.3159613594908537,0.05074121853931857,0.012166116693788916,0.02337598755226385,0.5204535922423815,-0.011401493680101238,-0.010397985291348943,,,,
worked_gmult,1,0.050106191985526155,9.80665,1,150500.0,3.3164877009392573,3.3199845660083693,3.321000437028616,-0.005406160981000173,3.317254424172586,3.3104736977791336,0.20482646933583926,0.0010538324966798695,0.02337598755226385,0.04508183854580343,-0.0004622103271026967,0.003636619050528367,,,,
worked_gmult,1,0.2044694279696434,19.6133,1,149500.0,3.2858372259349142,3.358555763963431,3.321000437028616,-0.005406160981000173,3.326957842077094,3.299470992347143,0.8330683856201393,0.02188869265832798,0.02337598755226385,0.9363750989937607,0.019085287333766132,0.03613536685438801,,,,
worked,2,0.0,0.0,0,105250.0,5.553641134469454,5.553800530451551,5.553641134484102,4.5620147432452763e-14,5.553259112065993,5.553259112065993,0.0,2.8700755206359938e-05,9.862969325750305e-14,290995077.2271776,0.0001950007257323083,0.0001950007257323083,,,,
worked,2,0.7470600376279914,22.145980801246072,0,105250.0,5.553466012835309,5.553641134696005,5.553641134484102,4.5620147432452763e-14,5.552937040783346,5.553259112065993,-0.005799680442553079,3.153329816128761e-05,9.862969325750305e-14,319714044.72444487,0.0001905288113235315,7.451646661804645e-05,,,,
worked,2,0.7470600376279914,22.145980801246072,1,105250.0,5.553476311509361,5.553641134509579,5.553641134484102,4.5620147432452763e-14,5.552947080602541,5.553259112065993,-0.005618888965108759,2.96788074888152e-05,9.862969325750305e-14,300911485.2596122,0.00019062170723427307,7.822566408122178e-05,,,,
worked,2,1.4940657426918722,31.319676341330506,0,105250.0,5.553135191168616,5.553641134537974,5.553641134484102,4.5620147432452763e-14,5.552628821774883,5.553259112065993,-0.011349916839642482,9.11053494769963e-05,9.862969325750305e-14,923711171.2305325,0.00018239738295044994,-4.462947333427891e-05,,,,
worked,2,1.4940657426918722,31.319676341330506,1,105250.0,5.5531548360814735,5.553641134498036,5.553641134484102,4.5620147432452763e-14,5.5526466096015366,5.553259112065993,-0.011029603555234857,8.756772301395595e-05,9.862969325750305e-14,887843408.2252854,0.000183065761004908,-3.755452551268412e-05,,,,
worked,2,2.987914178834737,44.29421006228925,0,105250.0,5.5525134756200725,5.553641134657847,5.553641134484102,4.5620147432452763e-14,5.552057291906015,5.553259112065993,-0.021641708692576866,0.00020306921294456552,9.862969325750305e-14,2058905449.643761,0.0001643363644123763,-0.00026852209578120956,,,,
worked,2,2.987914178834737,44.29421006228925,1,105250.0,5.552544898932503,5.553641134520936,5.553641134484102,4.5620147432452763e-14,5.552083157575582,5.553259112065993,-0.02117593410788654,0.0001974099092400606,9.862969325750305e-14,2001526140.0505579,0.00016633776702357217,-0.00025720651280880524,,,,
worked,2,5.9749593210846506,62.64571309454123,0,105250.0,5.55146857377922,5.553641134382889,5.553641134484102,4.5620147432452763e-14,5.551121451231495,5.553259112065993,-0.03849380681432146,0.00039127224507677096,9.862969325750305e-14,3967083665.71956,0.00012506784580490482,-0.0006447563813829493,,,,
worked,2,5.9749593210846506,62.64571309454123,1,105250.0,5.55148966885092,5.5536411345066945,5.553641134484102,4.5620147432452763e-14,5.551129367057234,5.553259112065993,-0.03835126302914604,0.0003874723663992055,9.862969325750305e-14,3928556944.6879463,0.0001298162816034676,-0.0006371614503154488,,,,
worked,2,11.946444011947863,88.60641465390773,0,105250.0,5.550512346663035,5.553641134496819,5.553641134484102,4.5620147432452763e-14,5.550387291507742,5.553259112065993,-0.05171414659925766,0.0005635346880053069,9.862969325750305e-14,5713641291.918316,4.506228395473322e-05,-0.000988999807834623,,,,
worked,2,11.861780812439935,88.60641465390773,1,105500.0,5.55364113471825,5.556859250708433,5.553641134484102,4.5620147432452763e-14,5.556709042024396,5.559803416998809,-0.05565619397535082,0.000579292719237792,9.862969325750305e-14,5873410938.482499,5.4064631823669274e-05,-0.0010588096503764133,,,,
design_0.5_straight,1,0.0,0.0,1,702079.3053276902,0.5468436592035071,0.551643111061994,0.5490672035395945,0.0004993357575872706,0.549480438298038,0.549480438298038,0.0,0.008738297061742391,0.008691730420552672,1.0053575800141714,0.007887191576183561,0.007887191576183561,238.67921320423943,134.87951518962225,53.91520395332587,968385.2487278486
design_0.5_sagged,1,1.5791788994398224,9.80665,1,677869.674109494,0.5330608916516735,0.5879291815702272,0.5490672035395945,0.0004993357575872706,0.5737459132284379,0.5399239108558663,6.264216437267667,0.09789255271610695,0.008691730420552672,11.262723068887167,0.05005204058756774,0.18572755264481478,238.67921320423943,134.87951518962225,53.91520395332587,968385.2487278486
design_1_straight,1,0.0,0.0,1,572771.3626534061,0.7149708668972895,0.7327363548352149,0.7239592013010325,0.001458901226262862,0.7237773077952252,0.7237773077952252,0.0,0.024542929221096323,0.024554550175787667,0.9995267290743203,-0.02418662576408137,-0.02418662576408137,351.4808245820618,160.7634350151048,24.942664679101465,445736.4689909775
design_1_sagged,1,0.34717457771005633,9.80665,1,557170.5862387219,0.7221963519376169,0.7252501257672868,0.7239592013010325,0.001458901226262862,0.7239152996648717,0.7138524070913792,1.4096601024985222,0.004219532641389251,0.024554550175787667,0.1718432067043108,0.0036911963174228735,0.03218791266441112,351.4808245820618,160.7634350151048,24.942664679101465,445736.4689909775
design_2_straight,1,0.0,0.0,1,87688.40916280774,0.5086855519797077,0.5126805948906147,0.510679689851881,0.000823392453101091,0.5106999785938194,0.5106999785938194,0.0,0.00782293974232191,0.007822735408997578,1.0000261204442753,0.007771517646836035,0.007771517646836035,232.66315541483857,114.51666347256533,38.830170988041054,112421.03738821507
design_4_straight,1,0.0,0.0,1,87688.40916280774,0.5086855519797077,0.5126805948906147,0.510679689851881,0.000823392453101091,0.5106999785938194,0.5106999785938194,0.0,0.00782293974232191,0.007822735408997578,1.0000261204442753,0.007771517646836035,0.007771517646836035,232.66315541483857,114.51666347256533,38.830170988041054,112421.03738821507
design_8_straight,1,0.0,0.0,1,992016.0307648447,0.4343886165410912,0.45125617923095407,0.4432728757801588,0.0009926130393334844,0.44238905174548787,0.44238905174548787,0.0,0.038091033268385865,0.03812263942807956,0.9991709346423057,-0.03584217458444583,-0.03584217458444583,366.4126324987019,151.79994969739118,20.97156427103816,972564.7360439654
design_8_sagged,1,25.263326156014294,9.80665,1,680795.3152307757,0.6486263251878521,0.7326165289028713,0.4432728757801588,0.0009926130393334844,0.6329188339751008,0.36648806230129416,72.69834929978451,0.12161540378836598,0.03812263942807956,3.1901097513932655,0.33985372160230787,2.996076188793491,366.4126324987019,151.79994969739118,20.97156427103816,972564.7360439654
