factor,level,metric,value_pct
baseline,0.0,err_pct,6.728965519082126e-07
nsens,3.0,err_pct,
nsens,5.0,err_pct,6.197987249954099e-07
nsens,7.0,err_pct,6.765315934553704e-07
nsens,9.0,err_pct,6.728965519082126e-07
nsens,15.0,err_pct,3.7694367393359815e-07
chord_pct,-2.0,err_pct,-3.9703391844297182
chord_pct,-2.0,expected_err_pct,-3.960000000000008
chord_pct,-1.0,err_pct,-1.9951413946505683
chord_pct,-1.0,expected_err_pct,-1.9900000000000029
chord_pct,1.0,err_pct,2.0150915787828154
chord_pct,1.0,expected_err_pct,2.0100000000000007
chord_pct,2.0,err_pct,4.0501343166544475
chord_pct,2.0,expected_err_pct,4.039999999999999
EIc_pct,-20.0,err_pct,0.025580601978207426
EIc_pct,-20.0,expected_err_pct,0.02499952565975141
EIc_pct,20.0,err_pct,-0.025580585360688145
EIc_pct,20.0,expected_err_pct,-0.02499952565975141
mc_pct,-2.0,err_pct,-2.0025573202141733
mc_pct,-2.0,expected_err_pct,-2.0024999525659752
mc_pct,2.0,err_pct,2.0025586685301144
mc_pct,2.0,expected_err_pct,2.0024999525659752
sigma_s,0.005,bias_pct,-0.022249879142933006
sigma_s,0.005,rmse_pct,0.7422312157630788
sigma_s,0.01,bias_pct,-0.1526189108371763
sigma_s,0.01,rmse_pct,1.3917200474946207
sigma_s,0.02,bias_pct,0.1344149762408043
sigma_s,0.02,rmse_pct,2.7303262705843725
