check,n_modes,n_modes_full,f_lo,f_hi,s,burn_in_s,alpha,beta,deck_rel,stay_rel,Ad_rel,Bd_rel,all_modes_rel,truncated_rel,psd_trunc_continuous,psd_trunc_recorded,psd_trunc_at_peaks,var_analytic,ratio,ratio_sd,n_seeds,duration,nperseg,df,n_seg,mean_ratio_wide,se_wide,n_bins_wide,mean_ratio,mean_ratio_se,rms_scatter,welch_predicted,n_bins,mean_ratio_unsmoothed,worst_bin_unsmoothed,n_peaks,bin_hz,prominence_db,f1_record,f2_record,f1_analytic,f2_analytic,f1_analytic_raw,f2_analytic_raw,f1_frf,f2_frf,err1_hz,err2_hz,sd1_hz,sd2_hz,u,overshoot_law,gap_eigen_hz,gap_psd_hz,gap_frf_hz,ratio_psd,ratio_frf,law_vs_psd_pct,law_vs_frf_pct,damping_model,T,snr_db,f_mode,zeta_true,zeta_identified,err_pct,r2,n_points,oversample,max_rel,mean_rel,max_rel_os1,mean_rel_os1,nbits,lsb,quant_rms,db_below_signal,signal_rms,band_power_frac,snr_inband_db,snr_inband_measured_db,noise_rms,rms_stay,rms_deck,deck_below_stay_db,same_seed_max_diff,diff_seed_max_diff,peak_mg,rms_mg,dof_pluck
model,50.0,160.0,3.283269380161662,3.3609375564655175,0.0233792165249093,139.0931482034225,0.10435269707953584,0.00023953941322105735,,,,,,,,,,,,,,,,,,,,,,,,,,,,,,,,,,,,,,,,,,,,,,,,,,,,,,,,,,,,,,,,,,,,,,,,,,,,,,,,,,
sigma_identity,,,,,,,,,7.472654973438553e-17,1.1956247957501683e-16,,,,,,,,,,,,,,,,,,,,,,,,,,,,,,,,,,,,,,,,,,,,,,,,,,,,,,,,,,,,,,,,,,,,,,,,,,,,,,,,
zoh_vs_scipy,50.0,,,,,,,,,,0.0,0.0,,,,,,,,,,,,,,,,,,,,,,,,,,,,,,,,,,,,,,,,,,,,,,,,,,,,,,,,,,,,,,,,,,,,,,,,,,,,,,
frf_vs_run_damping,,160.0,,,,,,,,,,,5.40898885217463e-17,0.0008509360584400448,4.040391675341759e-06,0.03770540856375293,5.381083454603086e-05,,,,,,,,,,,,,,,,,,,,,,,,,,,,,,,,,,,,,,,,,,,,,,,,,,,,,,,,,,,,,,,,,,,,,,,,,
parseval,,,,,,,,,,,,,,,,,,0.0024042596055625005,0.9986011408312977,0.0017449641787869708,4.0,3600.0,,,,,,,,,,,,,,,,,,,,,,,,,,,,,,,,,,,,,,,,,,,,,,,,,,,,,,,,,,,,,,,,,,,,
psd_vs_analytic,,,,,,,,,,,,,,,,,,,,,4.0,3600.0,4096.0,0.0244140625,696.0,0.9999027590357337,0.0008622920009137162,1581.0,0.9889314049319831,0.004389907555958761,0.03924689624987886,0.03428627406618708,61.0,1.025138658462981,1.0712914452493143,,,,,,,,,,,,,,,,,,,,,,,,,,,,,,,,,,,,,,,,,,,,,,,,,,,,,,,
psd_vs_analytic,,,,,,,,,,,,,,,,,,,,,4.0,3600.0,16384.0,0.006103515625,168.0,0.9998899095682043,0.0008775549911615964,6324.0,0.9914684883280506,0.004449412983173945,0.07931904443344451,0.06978631577988531,246.0,0.9939017283926918,0.2175231708962766,,,,,,,,,,,,,,,,,,,,,,,,,,,,,,,,,,,,,,,,,,,,,,,,,,,,,,,
peak_pick,,,3.283269380161662,3.3609375564655175,,,,,,,,,,,,,,,,,4.0,3600.0,16384.0,,,,,,,,,,,,,2.0,0.006103515625,2.680523737108914,3.280858932676166,3.3673609599454597,3.2799810252500343,3.366416815220313,3.28137,3.36408,3.28048,3.36295,0.0008779074261315856,0.0009441447251465895,0.0013569212586924228,0.001467427800029754,,,,,,,,,,,,,,,,,,,,,,,,,,,,,,,,,,,,,,,,
merged_peak_law,,,,,,,,,,,,,,,,,,,,,,,,,,,,,,,,,,,,,,,,,,,,,,,,,,,2.33792165249093,1.064439009447426,0.07766817630385559,0.08271000000000006,0.08247000000000027,1.0649149231523052,1.0618248544598092,0.044710284070315076,-0.24558992712733207,,,,,,,,,,,,,,,,,,,,,,,,,,,,,,,
decay_damping,,,,,,,,,,,,,,,,,,,,,,,,,,,,,,,,,,,,,,,,,,,,,,,,,,,,,,,,,,,,rayleigh,120000.0,,2.9539176784404075,0.005000000000000001,0.004992716786587076,-0.1456642682584941,0.9999573474669188,3430.0,,,,,,,,,,,,,,,,,,,,,,
decay_damping,,,,,,,,,,,,,,,,,,,,,,,,,,,,,,,,,,,,,,,,,,,,,,,,,,,,,,,,,,,,rayleigh,120000.0,40.0,2.9539176784404075,0.005000000000000001,0.005004653779354077,0.09307558708153696,0.9998791226049966,3408.0,,,,,,,,,,,,,,,,,,,,,,
decay_damping,,,,,,,,,,,,,,,,,,,,,,,,,,,,,,,,,,,,,,,,,,,,,,,,,,,,,,,,,,,,rayleigh,120000.0,20.0,2.9539176784404075,0.005000000000000001,0.0049894992588601274,-0.2100148227974663,0.9941242127239778,3167.0,,,,,,,,,,,,,,,,,,,,,,
decay_damping,,,,,,,,,,,,,,,,,,,,,,,,,,,,,,,,,,,,,,,,,,,,,,,,,,,,,,,,,,,,uniform,120000.0,,2.9539176784404075,0.005,0.004992720629537506,-0.145587409249881,0.9999573541777351,3430.0,,,,,,,,,,,,,,,,,,,,,,
decay_damping,,,,,,,,,,,,,,,,,,,,,,,,,,,,,,,,,,,,,,,,,,,,,,,,,,,,,,,,,,,,uniform,120000.0,40.0,2.9539176784404075,0.005,0.005010055618354916,0.2011123670983217,0.9997870736734843,3399.0,,,,,,,,,,,,,,,,,,,,,,
decay_damping,,,,,,,,,,,,,,,,,,,,,,,,,,,,,,,,,,,,,,,,,,,,,,,,,,,,,,,,,,,,uniform,120000.0,20.0,2.9539176784404075,0.005,0.004951078786067609,-0.978424278647827,0.9885535674817407,3114.0,,,,,,,,,,,,,,,,,,,,,,
alias_budget,,,,,,,,,,,,,,,,,,,,,,,,,,,,,,,,,,,,,,,,,,,,,,,,,,,,,,,,,,,,,,,,,,,,,8.0,0.014258897580584184,0.004086377991246593,3.1153112767465645,0.8415430119634735,,,,,,,,,,,,,,,,,
quantisation,,,,,,,,,,,,,,,,,,,,,,,,,,,,,,,,,,,,,,,,,,,,,,,,,,,,,,,,,,,,,,,,,,,,,,,,,,24.0,2.3380875587463378e-06,6.749477407155565e-07,96.96475375826161,0.04758913772919425,,,,,,,,,,,,
quantisation,,,,,,,,,,,,,,,,,,,,,,,,,,,,,,,,,,,,,,,,,,,,,,,,,,,,,,,,,,,,,,,,,,,,,,,,,,16.0,0.0005985504150390625,0.00017278662162318248,48.79995445202461,0.04758913772919425,,,,,,,,,,,,
snr_budget,,,,,,,,,,,,,,,,,,,,,,,,,,,,,,,,,,,,,,,,,,,,,,,,,,,,,,,,,,,,,,20.0,,,,,,,,,,,,,,,,,0.002576782023381185,8.795987649752215,8.671247037017874,0.004758913772919425,0.04758913772919425,0.00037810492013080866,41.997910143122795,,,,,
reproducibility,,,,,,,,,,,,,,,,,,,,,,,,,,,,,,,,,,,,,,,,,,,,,,,,,,,,,,,,,,,,,,,,,,,,,,,,,,,,,,,,,,,,,,0.0,0.2425041035056114,,,
pluck,,,,,,,,,,,,,,,,,,,,,,,,,,,,,,,,,,,,,,,,,,,,,,,,,,,,,,,,,,,,,,,,,,,,,,,,,,,,,,,,,,,,,,,,200.0,9.215117085802556,136.0
