block,item,quantity,value,unit,note
theta_scan,n=1 theta=0 deg,s_fe_pct,2.63709,%,"s_law 2.63930 %, s/s0 1.00000, cos 1.00000"
theta_scan,n=1 theta=10 deg,s_fe_pct,2.61956,%,"s_law 2.62177 %, s/s0 0.99335, cos 0.98481"
theta_scan,n=1 theta=20 deg,s_fe_pct,2.55821,%,"s_law 2.56041 %, s/s0 0.97009, cos 0.93969"
theta_scan,n=1 theta=30 deg,s_fe_pct,2.43122,%,"s_law 2.43327 %, s/s0 0.92193, cos 0.86603"
theta_scan,n=1 theta=35 deg,s_fe_pct,2.33569,%,"s_law 2.33760 %, s/s0 0.88571, cos 0.81915"
theta_scan,n=1 theta=45 deg,s_fe_pct,2.07201,%,"s_law 2.07343 %, s/s0 0.78572, cos 0.70711"
theta_scan,n=1 theta=55 deg,s_fe_pct,1.71388,%,"s_law 1.71458 %, s/s0 0.64991, cos 0.57358"
theta_scan,n=1 theta=65 deg,s_fe_pct,1.27802,%,"s_law 1.27777 %, s/s0 0.48463, cos 0.42262"
theta_scan,n=2 theta=0 deg,s_fe_pct,1.32223,%,"s_law 1.31969 %, s/s0 1.00000, cos 1.00000"
theta_scan,n=2 theta=10 deg,s_fe_pct,1.30515,%,"s_law 1.30257 %, s/s0 0.98708, cos 0.98481"
theta_scan,n=2 theta=20 deg,s_fe_pct,1.25365,%,"s_law 1.25091 %, s/s0 0.94814, cos 0.93969"
theta_scan,n=2 theta=30 deg,s_fe_pct,1.16721,%,"s_law 1.16406 %, s/s0 0.88276, cos 0.86603"
theta_scan,n=2 theta=35 deg,s_fe_pct,1.11081,%,"s_law 1.10729 %, s/s0 0.84010, cos 0.81915"
theta_scan,n=2 theta=45 deg,s_fe_pct,0.97207,%,"s_law 0.96736 %, s/s0 0.73517, cos 0.70711"
theta_scan,n=2 theta=55 deg,s_fe_pct,0.8008,%,"s_law 0.79385 %, s/s0 0.60564, cos 0.57358"
theta_scan,n=2 theta=65 deg,s_fe_pct,0.60187,%,"s_law 0.59074 %, s/s0 0.45519, cos 0.42262"
