T_true,f_upper,f_lower,stayfrac_upper,stayfrac_lower,err_upper_pct,err_lower_pct
132000.0,3.3267218296862957,3.0954443375935954,0.02392076409112315,0.9761393046523251,15.282063876159746,-0.18983700895570854
137500.0,3.3292575651211553,3.156788673116034,0.04633006793667462,0.9537239952709732,10.839559349164452,-0.3468527328630867
143000.0,3.3342942161841527,3.2143680165328425,0.1080032506575602,0.8920454116169482,6.899210769991277,-0.6522909066415354
145000.0,3.3374762631841564,3.233656332722451,0.1551527864162756,0.8448940371564134,5.626056793529725,-0.8432189140378513
145789.47368421053,3.3390686722698315,3.2408911532879334,0.1801837118970312,0.8198624022959028,5.154347292868569,-0.938381195887276
146578.94736842104,3.3409035538995067,3.247859655452421,0.20973492616396497,0.7903104875105094,4.702964106813122,-1.0477648394639458
147368.42105263157,3.343021693284156,3.2545212462782405,0.2443200456367967,0.7557246761056747,4.274149764714706,-1.1737104742150593
148157.8947368421,3.345467017025006,3.2608321884665985,0.28425119920893305,0.7157928389222961,3.8703045496651165,-1.3187144174053271
148500.0,3.34663954686544,3.2634468009878606,0.30321966146866514,0.6968240829500991,3.7036690429973875,-1.388101640019428
148947.36842105264,3.3482840435261583,3.2667481510395087,0.329479787453685,0.6705635751299451,3.493827807047824,-1.4852699732822414
149736.84210526315,3.3515139757904757,3.2722281156349604,0.37944051434014436,0.6206021805103198,3.1468804636663545,-1.6756300651514904
150526.31578947368,3.3551897994080835,3.277239278703723,0.4329676556192314,0.5670743790717283,2.8310928898985903,-1.8915151405329456
151315.7894736842,3.3593313859855862,3.2817619484750478,0.48835805090825896,0.5116833309636097,2.5472799313642884,-2.1338282317444732
152105.26315789475,3.3639420397095794,3.2857929981428273,0.5436072520169849,0.45643348415006046,2.295249296012892,-2.4024634096589272
152894.73684210525,3.36900772063011,3.2893466430446523,0.5967555630616488,0.4032845342956409,2.0737745924288276,-2.6962788440272507
153684.2105263158,3.374499256215315,3.292452228484381,0.6462135459162848,0.35382591931443186,1.8807471366148223,-3.0132486959751867
154000.0,3.3768064114953007,3.2935777427135804,0.6647125254527503,0.3353266887521983,1.8109066135336587,-3.1459433276938955
154473.68421052632,3.3803767320145237,3.2951498397089,0.690950886500965,0.30908795308041914,1.7134536508579543,-3.350740825301531
155263.15789473685,3.3865946241266784,3.2974851690289504,0.7305145401560067,0.26952368005384825,1.5688914392464695,-3.70583203589535
156052.63157894736,3.393106370374016,3.2995049449783673,0.7649221452109759,0.23511546171168737,1.4440432420151843,-4.075582954267709
156842.1052631579,3.399867672260356,3.3012536304104625,0.7945059906271498,0.20553100890489506,1.3360712867508246,-4.457232120371816
157631.57894736843,3.406838424892946,3.302771492444351,0.8197664232696984,0.18026997458613833,1.242426675515586,-4.848305423942202
158421.05263157896,3.413983532148792,3.3040937873763996,0.8412622581951119,0.15877354352210651,1.1608913445463773,-5.2466580997559005
159210.52631578947,3.421272972314612,3.305250695085445,0.8595416276991016,0.1404935832455887,1.0895755775994265,-5.650472277321135
159500.0,3.423976791894144,3.30563862549802,0.865539010479625,0.13449598515973085,1.0656644088768643,-5.799597220823788
160000.0,3.428681438618755,3.306267678648449,0.8751051770261443,0.12492944834523995,1.0268910022004274,-6.058230006539488
165000.0,3.477267990480551,3.3105668034843134,0.9337170387831244,0.06631398863606092,0.7616056468387339,-8.667895330563788
170500.0,3.532034275719348,3.3130581470037543,0.9606224453103006,0.03940481417717245,0.6069848778733917,-11.48101382719394
176000.0,3.5868988157037798,3.3145356152533907,0.973531786225483,0.026491864267028525,0.514399328884197,-14.170731681381469
