T,f_stay_unc,f_deck_unc,d,eps,lower,upper,mu_eff,s_pred
105000.0,2.765889584393168,3.321000437028616,-0.2006988477659127,0.0008958969673861117,0.9967449854512883,0.0033606539960704973,0.0020093271379836015,0.023375987552263847
105502.28310502283,2.772485324292972,3.321000437028616,-0.19784238637062004,0.0008672285872618396,0.9966583174065993,0.0034460735956720052,0.0020093271379836015,0.023375987552263847
106004.56621004567,2.779065410130752,3.321000437028616,-0.19500621501109847,0.0008382230543730038,0.9965683473513883,0.003534817899531933,0.0020093271379836015,0.023375987552263847
106506.8493150685,2.7856299528384065,3.321000437028616,-0.19219009461206288,0.0008088652837954662,0.9964749213624151,0.0036270402048506948,0.0020093271379836015,0.023375987552263847
107009.13242009132,2.7921790620438007,3.321000437028616,-0.18939379002352816,0.0007791396008082458,0.9963778766919744,0.003722902654064796,0.0020093271379836015,0.023375987552263847
107511.41552511415,2.798712846092127,3.321000437028616,-0.18661706993833427,0.0007490297042305132,0.9962770411804523,0.0038225768217043793,0.0020093271379836015,0.023375987552263847
108013.69863013699,2.8052314120668176,3.321000437028616,-0.18385970681177924,0.0007185186492571446,0.9961722325993506,0.003926244371907805,0.0020093271379836015,0.023375987552263847
108515.98173515982,2.8117348658100196,3.321000437028616,-0.18112147678329713,0.0006875887711396992,0.9960632579526539,0.00403409775458614,0.0020093271379836015,0.023375987552263847
109018.26484018264,2.818223311942648,3.321000437028616,-0.17840215960011901,0.0006562216819814072,0.9959499127226717,0.004146340959017067,0.0020093271379836015,0.023375987552263847
109520.54794520547,2.8246968538840203,3.321000437028616,-0.17570153854285905,0.0006243982063625712,0.9958319800531504,0.004263190331099111,0.0020093271379836015,0.023375987552263847
110022.83105022831,2.8311555938710926,3.321000437028616,-0.17301940035296662,0.0005920983398659222,0.9957092298653308,0.0043848754557120955,0.0020093271379836015,0.023375987552263847
110525.11415525114,2.8375996329772946,3.321000437028616,-0.17035553516199287,0.0005593011900180939,0.9955814178963064,0.004511640117502655,0.0020093271379836015,0.023375987552263847
111027.39726027397,2.844029071130985,3.321000437028616,-0.16770973642261466,0.0005259849311565946,0.9954482846561157,0.004643743344373562,0.0020093271379836015,0.023375987552263847
111529.68036529681,2.8504440071335324,3.321000437028616,-0.16508180084136623,0.0004921267464493631,0.9953095543072347,0.0047814605257139745,0.0020093271379836015,0.023375987552263847
112031.96347031964,2.856844538677029,3.321000437028616,-0.16247152831302902,0.0004577027612073255,0.9951649334302335,0.004925084647741239,0.0020093271379836015,0.023375987552263847
112534.24657534246,2.8632307623616478,3.321000437028616,-0.15987872185663135,0.00042268797429788297,0.995014109697101,0.005074927618156812,0.0020093271379836015,0.023375987552263847
113036.52968036529,2.8696027737126544,3.321000437028616,-0.15730318755301081,0.00038705619286374016,0.9948567504140993,0.005231321724684578,0.0020093271379836015,0.023375987552263847
113538.81278538813,2.875960667197077,3.321000437028616,-0.15474473448389559,0.0003507799523486462,0.9946925009471403,0.005394621206753055,0.0020093271379836015,0.023375987552263847
114041.09589041096,2.8823045362400475,3.321000437028616,-0.15220317467246033,0.00031383043194114504,0.9945209830003311,0.0055652039786602304,0.0020093271379836015,0.023375987552263847
114543.37899543378,2.8886344732408165,3.321000437028616,-0.14967832302531503,0.0002761773632930062,0.9943417927207249,0.005743473523575639,0.0020093271379836015,0.023375987552263847
115045.66210045663,2.89495056958846,3.321000437028616,-0.14716999727588523,0.00023778894721986784,0.9941544986718527,0.0059298609187433985,0.0020093271379836015,0.023375987552263847
115547.94520547945,2.9012529156772673,3.321000437028616,-0.14467801792914808,0.0001986317308799486,0.9939586395638866,0.006124827105949859,0.0020093271379836015,0.023375987552263847
116050.22831050228,2.907541600921841,3.321000437028616,-0.14220220820767876,0.00015867050118306724,0.9937537217965903,0.0063288653483648686,0.0020093271379836015,0.023375987552263847
116552.5114155251,2.9138167137718938,3.321000437028616,-0.13974239399897906,0.00011786818201491294,0.9935392167935186,0.0065425038949111025,0.0020093271379836015,0.023375987552263847
117054.79452054795,2.9200783417267653,3.321000437028616,-0.13729840380404615,7.618567361492132e-05,0.9933145580028311,0.006766308979488352,0.0020093271379836015,0.023375987552263847
117557.07762557078,2.9263265713496556,3.321000437028616,-0.13487006868715012,3.358173828089688e-05,0.9930791376968325,0.007000888021827445,0.0020093271379836015,0.023375987552263847
118059.3607305936,2.932561488281589,3.321000437028616,-0.1324572222267854,-9.98717493423125e-06,0.9928323033664399,0.007246893231582875,0.0020093271379836015,0.023375987552263847
118561.64383561644,2.938783177255108,3.321000437028616,-0.13005970046776577,-5.456708469209885e-05,0.9925733538215555,0.007505025508549231,0.0020093271379836015,0.023375987552263847
119063.92694063927,2.9449917221077078,3.321000437028616,-0.12767734187442872,-0.00010020666208756141,0.9923015348609227,0.007776038771586972,0.0020093271379836015,0.023375987552263847
119566.2100456621,2.95118720579502,3.321000437028616,-0.12530998728492115,-0.0001469574240493384,0.9920160344881251,0.008060744743443848,0.0020093271379836015,0.023375987552263847
120068.49315068492,2.9573697104037424,3.321000437028616,-0.12295747986653673,-0.00019487395712817782,0.9917159776580313,0.00836001820281351,0.0020093271379836015,0.023375987552263847
120570.77625570777,2.963539317164328,3.321000437028616,-0.12061966507207533,-0.00024401413867729336,0.9914004204357892,0.00867480282624169,0.0020093271379836015,0.023375987552263847
121073.0593607306,2.9696961064634393,3.321000437028616,-0.11829639059719792,-0.0002944394044701801,0.9910683435465275,0.009006117636824268,0.0020093271379836015,0.023375987552263847
121575.34246575342,2.9758401578561653,3.321000437028616,-0.1159875063387507,-0.0003462150153344691,0.9907186452166273,0.009355064164347308,0.0020093271379836015,0.023375987552263847
122077.62557077626,2.981971550078019,3.321000437028616,-0.11369286435403017,-0.0003994103685168868,0.990350133252665,0.009722834364830162,0.0020093271379836015,0.023375987552263847
122579.90867579909,2.9880903610567064,3.321000437028616,-0.11141231882096751,-0.00045409932555789414,0.9899615161888559,0.010110719473005764,0.0020093271379836015,0.023375987552263847
123082.19178082192,2.9941966679236844,3.321000437028616,-0.10914572599920522,-0.0005103605857878272,0.9895513934727477,0.010520119816854792,0.0020093271379836015,0.023375987552263847
123584.47488584474,3.0002905470255032,3.321000437028616,-0.10689294419204354,-0.0005682780827161035,0.9891182444879697,0.01095255579455715,0.0020093271379836015,0.023375987552263847
124086.75799086758,3.006372073934943,3.321000437028616,-0.10465383370923427,-0.0006279414146800519,0.9886604164020449,0.011409680026024088,0.0020093271379836015,0.023375987552263847
124589.04109589041,3.01244132346195,3.321000437028616,-0.10242825683059764,-0.0006894463452769814,0.9881761104041829,0.011893291115473518,0.0020093271379836015,0.023375987552263847
125091.32420091324,3.018498369664374,3.321000437028616,-0.10021607777044364,-0.0007528953301973735,0.9876633664980956,0.012405348858124566,0.0020093271379836015,0.023375987552263847
125593.60730593608,3.024543285858508,3.321000437028616,-0.09801716264277556,-0.000818398104412431,0.9871200462919235,0.012947991449749603,0.0020093271379836015,0.023375987552263847
126095.8904109589,3.030576144629446,3.321000437028616,-0.09583137942725431,-0.0008860723319809358,0.9865438137956578,0.013523554690330718,0.0020093271379836015,0.023375987552263847
126598.17351598173,3.0365970178412502,3.321000437028616,-0.09365859793590635,-0.0009560443333668794,0.9859321137611853,0.01413459364207161,0.0020093271379836015,0.023375987552263847
127100.45662100456,3.0426059766469384,3.321000437028616,-0.09149868978055399,-0.0010284498762362666,0.9852821473017103,0.014783907011355351,0.0020093271379836015,0.023375987552263847
127602.7397260274,3.048603091498296,3.321000437028616,-0.08935152834095077,-0.0011034350599935117,0.9845908444196642,0.015474564619780985,0.0020093271379836015,0.023375987552263847
128105.02283105023,3.0545884321555112,3.321000437028616,-0.08721698873360419,-0.001181157304916413,0.9838548329691584,0.01620993844186084,0.0020093271379836015,0.023375987552263847
128607.30593607305,3.0605620676966447,3.321000437028616,-0.08509494778126662,-0.0012617864380153941,0.9830704034813743,0.01699373777956261,0.0020093271379836015,0.023375987552263847
129109.5890410959,3.06652406652693,3.321000437028616,-0.08298528398307986,-0.0013455059251652407,0.9822334694198064,0.017830049006489587,0.0020093271379836015,0.023375987552263847
129611.87214611872,3.0724744963879123,3.321000437028616,-0.08088787748535521,-0.001432514218350665,0.9813395219760167,0.018723380772545938,0.0020093271379836015,0.023375987552263847
130114.15525114155,3.0784134243664303,3.321000437028616,-0.07880261005297325,-0.0015230262919110362,0.9803835787127454,0.019678715361053818,0.0020093271379836015,0.023375987552263847
130616.43835616438,3.084340916903439,3.321000437028616,-0.07672936504138922,-0.001617275334913084,0.9793601251093614,0.020701567141528904,0.0020093271379836015,0.023375987552263847
131118.7214611872,3.0902570398026836,3.321000437028616,-0.07466802736922679,-0.0017155146749447024,0.9782630479279829,0.02179804920485796,0.0020093271379836015,0.023375987552263847
131621.00456621003,3.09616185823922,3.321000437028616,-0.07261848349144809,-0.0018180199186167234,0.9770855590522552,0.02297494952474553,0.0020093271379836015,0.023375987552263847
132123.2876712329,3.1020554367677957,3.321000437028616,-0.07058062137308269,-0.0019250913690288726,0.9758201084797794,0.024239817963698906,0.0020093271379836015,0.023375987552263847
132625.5707762557,3.107937839331079,3.321000437028616,-0.06855433046350584,-0.002037056754347289,0.9744582846242833,0.025601065971578657,0.0020093271379836015,0.023375987552263847
133127.85388127854,3.113809129267758,3.321000437028616,-0.0665395016712476,-0.0021542742968296735,0.9729907000060898,0.02706808089566197,0.0020093271379836015,0.023375987552263847
133630.13698630137,3.119669369320494,3.321000437028616,-0.06453602733932491,-0.002277136194589679,0.971406860053478,0.028651357177725927,0.0020093271379836015,0.023375987552263847
134132.4200913242,3.1255186216437467,3.321000437028616,-0.06254380122107966,-0.0024060725486716255,0.969695012258976,0.030362647198704972,0.0020093271379836015,0.023375987552263847
134634.70319634702,3.1313569478114633,3.321000437028616,-0.060562718456513405,-0.002541555822206241,0.9678419728543355,0.03221513460386959,0.0020093271379836015,0.023375987552263847
135136.98630136985,3.137184408824642,3.321000437028616,-0.058592675549105314,-0.0026841059074707396,0.9658329270386387,0.03422363407298028,0.0020093271379836015,0.023375987552263847
135639.2694063927,3.143001065118769,3.321000437028616,-0.05663357034310163,-0.0028342958830866274,0.9636511990892731,0.03640482121150355,0.0020093271379836015,0.023375987552263847
136141.55251141553,3.148806976571129,3.321000437028616,-0.05468530200126657,-0.002992758549895951,0.961277987807274,0.03877749710359204,0.0020093271379836015,0.023375987552263847
136643.83561643836,3.1546022025079976,3.321000437028616,-0.05274777098308219,-0.003160193880771994,0.9586920617540141,0.041362893075406304,0.0020093271379836015,0.023375987552263847
137146.1187214612,3.1603868017117156,3.321000437028616,-0.05082087902338715,-0.0033373775271843932,0.9558694090905206,0.044185020856628496,0.0020093271379836015,0.023375987552263847
137648.401826484,3.166160832427643,3.321000437028616,-0.04890452911144457,-0.0035251704831694907,0.9527828351977602,0.04727107495938753,0.0020093271379836015,0.023375987552263847
138150.68493150684,3.171924352371002,3.321000437028616,-0.046998625470427886,-0.0037245301147832578,0.9494015024183935,0.05065189293631506,0.0020093271379836015,0.023375987552263847
138652.96803652967,3.1776774187336096,3.321000437028616,-0.04510307353731474,-0.003936522738171102,0.9456904046672938,0.054362480770501806,0.0020093271379836015,0.023375987552263847
139155.25114155252,3.1834200881904975,3.321000437028616,-0.04321777994318096,-0.004162337894227869,0.9416097713326647,0.05844260897436621,0.0020093271379836015,0.023375987552263847
139657.53424657535,3.189152416906425,3.321000437028616,-0.04134265249388357,-0.004403304604833862,0.9371143956345984,0.06293748423010491,0.0020093271379836015,0.023375987552263847
140159.81735159818,3.19487446054229,3.321000437028616,-0.03947760015112386,-0.00466090969461259,0.9321528862132401,0.06789849780220909,0.0020093271379836015,0.023375987552263847
140662.100456621,3.2005862742614335,3.321000437028616,-0.03762253301388333,-0.0049368186107743225,0.9266668421783297,0.07338405048781399,0.0020093271379836015,0.023375987552263847
141164.38356164383,3.206287912735845,3.321000437028616,-0.035777362300221514,-0.005232898564780111,0.9205899657882637,0.07946043993767117,0.0020093271379836015,0.023375987552263847
141666.66666666666,3.211979430152266,3.321000437028616,-0.0339420003294298,-0.005551244435005767,0.9138471301860027,0.08620279291981325,0.0020093271379836015,0.023375987552263847
142168.94977168948,3.2176608802182023,3.321000437028616,-0.03211636050453085,-0.005894207122010279,0.9063534456726601,0.09369599904616518,0.0020093271379836015,0.023375987552263847
142671.23287671234,3.2233323161678307,3.321000437028616,-0.030300357295117982,-0.006264424377414427,0.8980133852550483,0.10203558522453703,0.0020093271379836015,0.023375987552263847
143173.51598173517,3.228993790767825,3.321000437028616,-0.028493906220523516,-0.006664853384891823,0.8887200737452148,0.11132842655990863,0.0020093271379836015,0.023375987552263847
143675.799086758,3.23464535632308,3.321000437028616,-0.0266969238333128,-0.007098804312475755,0.8783548864623699,0.12169314765146685,0.0020093271379836015,0.023375987552263847
144178.08219178082,3.2402870646823505,3.321000437028616,-0.024909327703092895,-0.007569973168701582,0.866787571587028,0.1332600002392618,0.0020093271379836015,0.023375987552263847
144680.36529680365,3.2459189672438002,3.321000437028616,-0.023131036400631296,-0.008082471617329045,0.8538771828550993,0.1461699305091526,0.0020093271379836015,0.023375987552263847
145182.64840182647,3.2515411149604665,3.321000437028616,-0.021361969482275533,-0.008640850306821376,0.8394741987505129,0.16057245990128505,0.0020093271379836015,0.023375987552263847
145684.9315068493,3.257153558345638,3.321000437028616,-0.01960204747466899,-0.009250110790813027,0.8234242873846512,0.17662192022927936,0.0020093271379836015,0.023375987552263847
146187.21461187216,3.262756347478149,3.321000437028616,-0.01785119185975541,-0.009915699877636595,0.8055742255776127,0.19447153460030878,0.0020093271379836015,0.023375987552263847
146689.49771689498,3.2683495320075924,3.321000437028616,-0.016109325060065655,-0.010643478395642284,0.7857804731149429,0.21426484315717775,0.0020093271379836015,0.023375987552263847
147191.7808219178,3.273933161159455,3.321000437028616,-0.014376370424279611,-0.011439655617976505,0.7639207436333445,0.23612413219314998,0.0020093271379836015,0.023375987552263847
147694.06392694064,3.279507283740172,3.321000437028616,-0.012652252213058835,-0.012310679930855415,0.7399085768926467,0.2601358618799234,0.0020093271379836015,0.023375987552263847
148196.34703196347,3.2850719481421007,3.321000437028616,-0.010936895585143913,-0.013263077870985825,0.7137103015755051,0.2863337034675243,0.0020093271379836015,0.023375987552263847
148698.6301369863,3.2906272023484266,3.321000437028616,-0.009230226583708107,-0.014303238229621557,0.685362893724539,0.3146806808481065,0.0020093271379836015,0.023375987552263847
149200.91324200912,3.296173093937988,3.321000437028616,-0.0075321721229653195,-0.015437143540454019,0.6549902564480188,0.34505289084840113,0.0020093271379836015,0.023375987552263847
149703.19634703198,3.301709670090032,3.321000437028616,-0.0058426599750237805,-0.016670063035830348,0.6228145350045744,0.3772281881471414,0.0020093271379836015,0.023375987552263847
150205.4794520548,3.3072369775888943,3.321000437028616,-0.0041616187569830255,-0.018006230647912173,0.5891588422163347,0.41088345986020486,0.0020093271379836015,0.023375987552263847
150707.76255707763,3.3127550628286153,3.321000437028616,-0.002488977918264944,-0.01944854410079268,0.5544384426749867,0.44560344133555857,0.0020093271379836015,0.023375987552263847
151210.04566210046,3.3182639718174802,3.321000437028616,-0.0008246677281786869,-0.020998324012031683,0.519139425983586,0.4809020429107715,0.0020093271379836015,0.023375987552263847
151712.32876712328,3.3237637501824966,3.321000437028616,0.000831380736289915,0.02416769995382733,0.483786635480403,0.5162544211894043,0.0020093271379836015,0.023375987552263847
152214.6118721461,3.329254443173803,3.321000437028616,0.0024792356024667204,0.022627896787774705,0.4489054535886639,0.5511351936914405,0.0020093271379836015,0.023375987552263847
152716.89497716894,3.334736095669012,3.321000437028616,0.004118964213760495,0.021210961399681587,0.4149837445103876,0.5850564961585556,0.0020093271379836015,0.023375987552263847
153219.1780821918,3.34020875217749,3.321000437028616,0.005750633141222702,0.019911493562799126,0.3824401605812093,0.6175996762010871,0.0020093271379836015,0.023375987552263847
153721.46118721462,3.3456724568445733,3.321000437028616,0.007374308194899095,0.018722979958996234,0.3516032101482734,0.6484362254176055,0.0020093271379836015,0.023375987552263847
154223.74429223745,3.351127253455723,3.321000437028616,0.00899005443497849,0.01763813008988524,0.32270264429091206,0.6773363926766612,0.0020093271379836015,0.023375987552263847
154726.02739726027,3.3565731854406207,3.321000437028616,0.010597936182742537,0.016649210866520315,0.2958720597404725,0.7041665811950343,0.0020093271379836015,0.023375987552263847
155228.3105022831,3.362010295877199,3.321000437028616,0.012198017031319853,0.01574834804911152,0.2711597815849908,0.7288784658341688,0.0020093271379836015,0.023375987552263847
155730.59360730593,3.3674386274956207,3.321000437028616,0.013790359856251006,0.014927775562211533,0.24854448958237563,0.7514933667867603,0.0020093271379836015,0.023375987552263847
156232.87671232875,3.3728582226821935,3.321000437028616,0.015375026825864786,0.014180024765421328,0.22795236505030197,0.7720851026859078,0.0020093271379836015,0.023375987552263847
156735.1598173516,3.3782691234832347,3.321000437028616,0.016952079411474034,0.013498055175725313,0.2092733913318777,0.7907636901412918,0.0020093271379836015,0.023375987552263847
157237.4429223744,3.383671371608874,3.321000437028616,0.018521578397389982,0.012875333862181381,0.19237540875621228,0.8076612887767322,0.0020093271379836015,0.023375987552263847
157739.72602739726,3.3890650084368072,3.321000437028616,0.02008358389076332,0.01230587342860343,0.1771153442282016,0.8229209716413289,0.0020093271379836015,0.023375987552263847
158242.0091324201,3.394450075015992,3.321000437028616,0.021638155331251963,0.011784238645137135,0.1633476008378796,0.8366883356001881,0.0020093271379836015,0.023375987552263847
158744.29223744292,3.399826612070293,3.321000437028616,0.023185351500521527,0.011305531489751977,0.1509299381008798,0.8491056210930831,0.0020093271379836015,0.023375987552263847
159246.57534246575,3.4051946600020777,3.321000437028616,0.024725230531581474,0.010865361851596617,0.13972728810256047,0.86030789599152,0.0020093271379836015,0.023375987552263847
159748.85844748857,3.4105542588957536,3.321000437028616,0.02625784991795808,0.010459810276177763,0.12961399534032908,0.8704208157553774,0.0020093271379836015,0.023375987552263847
160251.14155251143,3.4159054485212645,3.321000437028616,0.027783266522711427,0.010085386806857975,0.12047489939115397,0.8795595407656505,0.0020093271379836015,0.023375987552263847
160753.42465753423,3.421248268337531,3.321000437028616,0.02930153658729593,0.009738989172008777,0.11220562132320001,0.8878284499132659,0.0020093271379836015,0.023375987552263847
161255.70776255708,3.4265827574958485,3.321000437028616,0.030812715740270658,0.009417862082201755,0.10471232117104146,0.8953213831231908,0.0020093271379836015,0.023375987552263847
161757.9908675799,3.4319089548432298,3.321000437028616,0.03231685900585902,0.009119559047788467,0.09791113552114131,0.9021222037692564,0.0020093271379836015,0.023375987552263847
162260.27397260274,3.4372268989257093,3.321000437028616,0.033814020812364544,0.008841907123852332,0.09172743428733199,0.9083055418991067,0.0020093271379836015,0.023375987552263847
162762.55707762556,3.442536627991595,3.321000437028616,0.0353042550004426,0.0085829750286298,0.08609499962858995,0.9139376153152338,0.0020093271379836015,0.023375987552263847
163264.8401826484,3.447838179994682,3.321000437028616,0.03678761483123355,0.008341044550820199,0.08095519019271095,0.9190770653323964,0.0020093271379836015,0.023375987552263847
163767.12328767125,3.453131592597412,3.321000437028616,0.03826415299435724,0.008114585141809825,0.07625613126966663,0.9237757666234754,0.0020093271379836015,0.023375987552263847
164269.40639269404,3.458416903173999,3.321000437028616,0.039733921615773764,0.007902231438616198,0.07195195527536528,0.9280795867367667,0.0020093271379836015,0.023375987552263847
164771.6894977169,3.463694148813508,3.321000437028616,0.041196972265513616,0.0077027635438974736,0.06800210474586295,0.9320290831004031,0.0020093271379836015,0.023375987552263847
165273.97260273973,3.468963366322889,3.321000437028616,0.04265335596527614,0.007515089680075241,0.06437070159551402,0.9356601337649844,0.0020093271379836015,0.023375987552263847
165776.25570776255,3.4742245922299735,3.321000437028616,0.04410312319590385,0.007338231019787928,0.06102598347157837,0.9390045010489367,0.0020093271379836015,0.023375987552263847
166278.53881278538,3.47947786278643,3.321000437028616,0.04554632390473157,0.007171308436751294,0.05793980366358984,0.9420903316290783,0.0020093271379836015,0.023375987552263847
166780.8219178082,3.484723213970676,3.321000437028616,0.04698300751281352,0.007013530870953748,0.05508718931416054,0.9449425983294447,0.0020093271379836015,0.023375987552263847
167283.10502283106,3.4899606814907553,3.321000437028616,0.04841322292203216,0.006864185232504724,0.0524459544753272,0.9475834870653093,0.0020093271379836015,0.023375987552263847
167785.38812785386,3.4951903007871703,3.321000437028616,0.049837018522088466,0.006722627501376443,0.04999635987254201,0.9500327370794763,0.0020093271379836015,0.023375987552263847
168287.67123287672,3.5004121070356855,3.321000437028616,0.051254442197379915,0.006588274985096161,0.04772081648631511,0.9523079373594571,0.0020093271379836015,0.023375987552263847
168789.95433789954,3.5056261351500826,3.321000437028616,0.052665541333762986,0.006460599524862543,0.04560362622227081,0.9544247859687726,0.0020093271379836015,0.023375987552263847
169292.23744292237,3.5108324197848866,3.321000437028616,0.05407036282520762,0.006339121519151136,0.04363075547778613,0.9563973164795846,0.0020093271379836015,0.023375987552263847
169794.5205479452,3.516030995338053,3.321000437028616,0.05546895308034265,0.006223404705150977,0.04178963793155102,0.9582380951831044,0.0020093271379836015,0.023375987552263847
170296.80365296802,3.5212218959536186,3.321000437028616,0.05686135802889479,0.006113051542355158,0.04006900218333401,0.9599583934503507,0.0020093271379836015,0.023375987552263847
170799.08675799088,3.5264051555243188,3.321000437028616,0.05824762312802435,0.006007699183704923,0.038458721379679664,0.9615683381053286,0.0020093271379836015,0.023375987552263847
171301.36986301368,3.5315808076941675,3.321000437028616,0.05962779336855754,0.005907015872147096,0.036949681569069526,0.963077043071235,0.0020093271379836015,0.023375987552263847
171803.65296803653,3.5367488858610088,3.321000437028616,0.06100191328112045,0.005810697805721708,0.035533666945976906,0.9644927241256065,0.0020093271379836015,0.023375987552263847
172305.93607305936,3.5419094231790265,3.321000437028616,0.06237002694217244,0.005718466325944544,0.034203258876995775,0.9658227998740657,0.0020093271379836015,0.023375987552263847
172808.2191780822,3.547062452561229,3.321000437028616,0.06373217797994508,0.005630065455491219,0.032951747762273886,0.9670739798893229,0.0020093271379836015,0.023375987552263847
173310.50228310502,3.552208006681897,3.321000437028616,0.06508840958028553,0.005545259696962167,0.03177305559069323,0.968252342155496,0.0020093271379836015,0.023375987552263847
173812.78538812784,3.5573461179790016,3.321000437028616,0.06643876449240707,0.005463832064358277,0.030661667556256107,0.9693634014528728,0.0020093271379836015,0.023375987552263847
174315.0684931507,3.562476818656589,3.321000437028616,0.06778328503454897,0.00538558236347319,0.02961257238848021,0.9704121690253511,0.0020093271379836015,0.023375987552263847
174817.3515981735,3.5676001406871354,3.321000437028616,0.06912201309954626,0.0053103256174154324,0.02862120916200147,0.9714032057731798,0.0020093271379836015,0.023375987552263847
175319.63470319635,3.5727161158138725,3.321000437028616,0.07045499016031252,0.0052378906881445425,0.02768342084547194,0.9723406687024722,0.0020093271379836015,0.023375987552263847
175821.91780821918,3.577824775553082,3.321000437028616,0.07178225727523625,0.005168119036647474,0.026795412905112916,0.9732283523221726,0.0020093271379836015,0.023375987552263847
176324.200913242,3.5829261511963595,3.321000437028616,0.07310385509349247,0.005100863602157993,0.025953716724232766,0.9740697252248977,0.0020093271379836015,0.023375987552263847
176826.48401826483,3.588020273812852,3.321000437028616,0.07441982386027163,0.005035987797747931,0.02515515721250457,0.9748679624767272,0.0020093271379836015,0.023375987552263847
177328.76712328766,3.5931071742514655,3.321000437028616,0.07573020342192717,0.004973364623523205,0.024396823980995498,0.9756259744430905,0.0020093271379836015,0.023375987552263847
177831.05022831052,3.5981868831430437,3.321000437028616,0.07703503323104303,0.0049128758466527814,0.023676045731396204,0.9763464323991262,0.0020093271379836015,0.023375987552263847
178333.3333333333,3.6032594309025185,3.321000437028616,0.07833435235142205,0.004854411266164508,0.022990367371886467,0.9770317914137533,0.0020093271379836015,0.023375987552263847
178835.61643835617,3.6083248477310415,3.321000437028616,0.07962819946299968,0.004797868061815438,0.022337529654362875,0.9776843107122631,0.0020093271379836015,0.023375987552263847
179337.899543379,3.613383163618071,3.321000437028616,0.08091661286667774,0.004743150197368723,0.021715451031034637,0.978306071820522,0.0020093271379836015,0.023375987552263847
179840.18264840182,3.618434408343453,3.321000437028616,0.0821996304890889,0.004690167863709824,0.021122211261706516,0.9788989949566552,0.0020093271379836015,0.023375987552263847
180342.46575342465,3.623478611479462,3.321000437028616,0.08347728988728445,0.0046388370049437015,0.02055603683646716,0.9794648536090538,0.0020093271379836015,0.023375987552263847
180844.74885844748,3.6285158023928226,3.321000437028616,0.0847496282533524,0.004589078869384037,0.02001528793266538,0.980005287579271,0.0020093271379836015,0.023375987552263847
181347.03196347033,3.633546010246702,3.321000437028616,0.08601668241896446,0.004540819590494778,0.01949844651288307,0.9805218148835464,0.0020093271379836015,0.023375987552263847
181849.31506849313,3.6385692640026823,3.321000437028616,0.08727848885985424,0.004493989833454627,0.01900410584467682,0.9810158422337626,0.0020093271379836015,0.023375987552263847
182351.598173516,3.643585592422706,3.321000437028616,0.08853508370022817,0.004448524447488951,0.01853096083855826,0.9814886746990023,0.0020093271379836015,0.023375987552263847
182853.8812785388,3.648595024070994,3.321000437028616,0.0897865027171082,0.004404362161412475,0.018077799502012427,0.9819415242520214,0.0020093271379836015,0.023375987552263847
183356.16438356164,3.6535975873159474,3.321000437028616,0.0910327813446111,0.004361445307215201,0.01764349512274522,0.9823755175850238,0.0020093271379836015,0.023375987552263847
183858.44748858447,3.6585933103320203,3.321000437028616,0.09227395467816217,0.004319719553679122,0.017226999216451586,0.9827917031628769,0.0020093271379836015,0.023375987552263847
184360.7305936073,3.663582221101569,3.321000437028616,0.09351005747864587,0.004279133673472563,0.01682733513486038,0.9831910576147753,0.0020093271379836015,0.023375987552263847
184863.01369863015,3.6685643474166847,3.321000437028616,0.09474112417649556,0.0042396393307179885,0.01644359228135633,0.9835744915181313,0.0020093271379836015,0.023375987552263847
185365.29680365295,3.673539716880995,3.321000437028616,0.09596718887572037,0.004201190879102809,0.016074920868910814,0.9839428546415403,0.0020093271379836015,0.023375987552263847
185867.5799086758,3.6785083569114527,3.321000437028616,0.09718828535787458,0.004163745172608559,0.015720527122191644,0.9842969407417613,0.0020093271379836015,0.023375987552263847
186369.86301369863,3.6834702947400966,3.321000437028616,0.09840444708596628,0.004127261412679485,0.015379668907734439,0.9846374919341682,0.0020093271379836015,0.023375987552263847
186872.14611872146,3.6884255574157914,3.321000437028616,0.09961570720830895,0.004091700976400663,0.015051651811704592,0.9849652026146777,0.0020093271379836015,0.023375987552263847
187374.4292237443,3.69337417180595,3.321000437028616,0.10082209856231654,0.00405702728733198,0.014735825493927025,0.9852807231056918,0.0020093271379836015,0.023375987552263847
187876.7123287671,3.698316164598233,3.321000437028616,0.10202365367824268,0.004023205675456505,0.014431580405763096,0.9855846629384108,0.0020093271379836015,0.023375987552263847
188378.99543378997,3.703251562302227,3.321000437028616,0.10322040478286437,0.003990203253218911,0.014138344720440284,0.9858775939223172,0.0020093271379836015,0.023375987552263847
188881.27853881277,3.708180391251102,3.321000437028616,0.10441238380311253,0.0039579888086997556,0.013855581636295435,0.9861600528423625,0.0020093271379836015,0.023375987552263847
189383.56164383562,3.7131026776032567,3.321000437028616,0.10559962236965012,0.003926532703140013,0.013582786789644256,0.9864325440451387,0.0020093271379836015,0.023375987552263847
189885.84474885845,3.7180184473439306,3.321000437028616,0.1067821518203965,0.003895806765883667,0.013319485979910034,0.9866955417148768,0.0020093271379836015,0.023375987552263847
190388.12785388128,3.722927726286809,3.321000437028616,0.10796000320400224,0.0038657842103726196,0.013065233002945598,0.9869494920393185,0.0020093271379836015,0.023375987552263847
190890.4109589041,3.7278305400756033,3.321000437028616,0.10913320728327322,0.0038364395483054406,0.012819607693597483,0.9871948151675517,0.0020093271379836015,0.023375987552263847
191392.69406392693,3.7327269141856148,3.321000437028616,0.11030179453854495,0.0038077485142274997,0.01258221414609611,0.9874319069894866,0.0020093271379836015,0.023375987552263847
191894.9771689498,3.737616873925277,3.321000437028616,0.11146579517100874,0.0037796879901299913,0.012352679040390899,0.9876611408092185,0.0020093271379836015,0.023375987552263847
192397.26027397258,3.7425004444376833,3.321000437028616,0.11262523910598979,0.0037522359457275558,0.012130650118609526,0.9878828688694161,0.0020093271379836015,0.023375987552263847
192899.54337899544,3.747377650702095,3.321000437028616,0.11378015599617894,0.0037253713634048586,0.0119157947669753,0.9880974237684294,0.0020093271379836015,0.023375987552263847
193401.82648401827,3.7522485175354325,3.321000437028616,0.11493057522481762,0.003699074199602486,0.011707798735304316,0.988305119741174,0.0020093271379836015,0.023375987552263847
193904.1095890411,3.7571130695937467,3.321000437028616,0.1160765259088375,0.0036733253077582883,0.011506364921913486,0.9885062538745513,0.0020093271379836015,0.023375987552263847
194406.39269406392,3.761971331373678,3.321000437028616,0.11721803690195635,0.003648106403098849,0.011311212245359557,0.9887011072353978,0.0020093271379836015,0.023375987552263847
194908.67579908675,3.7668233272138925,3.321000437028616,0.11835513679772883,0.0036234000104443894,0.011122074662754045,0.9888899458516374,0.0020093271379836015,0.023375987552263847
195410.9589041096,3.771669081296507,3.321000437028616,0.11948785393255498,0.003599189421473205,0.010938700151626627,0.9890730217318053,0.0020093271379836015,0.023375987552263847
195913.2420091324,3.776508617648493,3.321000437028616,0.12061621638864596,0.00357545865084256,0.010760849897266327,0.9892505736760326,0.0020093271379836015,0.023375987552263847
196415.52511415526,3.7813419601430693,3.321000437028616,0.1217402519969487,0.0035521923991713635,0.010588297424994805,0.9894228281450532,0.0020093271379836015,0.023375987552263847
196917.80821917806,3.7861691325010725,3.321000437028616,0.12285998834002816,0.0035293760192665682,0.010420827854230251,0.9895900000057727,0.0020093271379836015,0.023375987552263847
197420.0913242009,3.790990158292319,3.321000437028616,0.12397545275491126,0.003506995474649952,0.0102582371962784,0.9897522932329116,0.0020093271379836015,0.023375987552263847
197922.37442922374,3.7958050609369445,3.321000437028616,0.12508667233588888,0.003485037315541205,0.010100331688637972,0.9899099015756005,0.0020093271379836015,0.023375987552263847
198424.65753424657,3.8006138637067326,3.321000437028616,0.12619367393728081,0.003463488642651465,0.009946927197579634,0.9900630091539961,0.0020093271379836015,0.023375987552263847
198926.94063926942,3.805416589726428,3.321000437028616,0.12729648417616124,0.003442337087883643,0.0097978486423804,0.9902117910357048,0.0020093271379836015,0.023375987552263847
199429.22374429222,3.8102132619750315,3.321000437028616,0.12839512943504663,0.003421570775687303,0.009652929449514548,0.9903564137811982,0.0020093271379836015,0.023375987552263847
199931.50684931508,3.815003903287087,3.321000437028616,0.1294896358645471,0.0034011783083151884,0.009512011088155567,0.9904970359081878,0.0020093271379836015,0.023375987552263847
200433.78995433787,3.8197885363539434,3.321000437028616,0.13058002938597996,0.0033811487368873147,0.009374942584984688,0.9906338083774068,0.0020093271379836015,0.023375987552263847
200936.07305936073,3.824567183725016,3.321000437028616,0.13166633569394923,0.00336147154154518,0.00924158010578791,0.9907668750103583,0.0020093271379836015,0.023375987552263847
201438.35616438356,3.8293398678090194,3.321000437028616,0.1327485802588875,0.003342136612520267,0.009111786550747264,0.9908963728943974,0.0020093271379836015,0.023375987552263847
201940.63926940638,3.8341066108751978,3.321000437028616,0.13382678832956518,0.003323134224691786,0.008985431169606841,0.9910224327673358,0.0020093271379836015,0.023375987552263847
202442.92237442924,3.838867435054536,3.321000437028616,0.13490098493556418,0.003304455023533562,0.008862389225845743,0.991145179353506,0.0020093271379836015,0.023375987552263847
202945.20547945204,3.843622362340958,3.321000437028616,0.13597119488971832,0.0032860900091641,0.008742541658623836,0.9912647317017079,0.0020093271379836015,0.023375987552263847
203447.4885844749,3.848371414592514,3.321000437028616,0.13703744279052094,0.0032680305142351452,0.008625774768785921,0.9913812034989592,0.0020093271379836015,0.023375987552263847
203949.7716894977,3.8531146135325485,3.321000437028616,0.13809975302449887,0.0032502681967562807,0.0085119799416248,0.9914947033482255,0.0020093271379836015,0.023375987552263847
204452.05479452055,3.8578519807508656,3.321000437028616,0.139158149768556,0.0032327950141229998,0.00840105336596791,0.9916053350490526,0.0020093271379836015,0.023375987552263847
204954.33789954337,3.8625835377048707,3.321000437028616,0.14021265699228366,0.003215603221994264,0.008292895785187286,0.9917131978465723,0.0020093271379836015,0.023375987552263847
205456.6210045662,3.867309305720706,3.321000437028616,0.14126329846024063,0.0031986853483632846,0.008187412261073803,0.9918183866673164,0.0020093271379836015,0.023375987552263847
205958.90410958906,3.872029305994374,3.321000437028616,0.14231009773420303,0.003182034191620155,0.008084511939838002,0.9919209923537404,0.0020093271379836015,0.023375987552263847
206461.18721461185,3.8767435595928403,3.321000437028616,0.1433530781753828,0.0031656428041743866,0.007984107848661215,0.9920211018675071,0.0020093271379836015,0.023375987552263847
206963.4703196347,3.88145208745514,3.321000437028616,0.1443922629466185,0.0031495044806801537,0.0078861167057264,0.9921187984793728,0.0020093271379836015,0.023375987552263847
207465.7534246575,3.8861549103934543,3.321000437028616,0.14542767501453488,0.003133612747711125,0.007790458709608408,0.9922141619797208,0.0020093271379836015,0.023375987552263847
207968.03652968036,3.89085204909419,3.321000437028616,0.14645933715167556,0.0031179613566996367,0.007697057387672822,0.9923072688304031,0.0020093271379836015,0.023375987552263847
208470.3196347032,3.8955435241190353,3.321000437028616,0.14748727193860584,0.0031025442714831776,0.0076058394117002595,0.9923981923486339,0.0020093271379836015,0.023375987552263847
208972.60273972602,3.9002293559060153,3.321000437028616,0.1485115017659892,0.003087355660504676,0.007516734470877851,0.9924870028346336,0.0020093271379836015,0.023375987552263847
209474.88584474885,3.9049095647705268,3.321000437028616,0.1495320488366353,0.003072389884806157,0.007429675089435022,0.9925737677540082,0.0020093271379836015,0.023375987552263847
209977.16894977167,3.9095841709063692,3.321000437028616,0.15054893516752196,0.003057641497185929,0.0073445965100352485,0.9926585518529162,0.0020093271379836015,0.023375987552263847
210479.45205479453,3.9142531943867582,3.321000437028616,0.15156218259178975,0.0030431052244154497,0.00726143655848704,0.9927414172958364,0.0020093271379836015,0.023375987552263847
210981.73515981733,3.9189166551653325,3.321000437028616,0.15257181276071086,0.0030287759726040833,0.0071801355177470065,0.9928224237891408,0.0020093271379836015,0.023375987552263847
211484.01826484018,3.923574573077149,3.321000437028616,0.15357784714563258,0.0030146488063551367,0.007100636015825411,0.9929016286949414,0.0020093271379836015,0.023375987552263847
211986.301369863,3.928226967839668,3.321000437028616,0.15458030703989506,0.003000718955774346,0.007022882913274918,0.9929790871424335,0.0020093271379836015,0.023375987552263847
212488.58447488584,3.9328738590537236,3.321000437028616,0.15557921356072385,0.002986981796068773,0.006946823194825269,0.9930548521370236,0.0020093271379836015,0.023375987552263847
212990.86757990866,3.9375152662044908,3.321000437028616,0.1565745876510988,0.0029734328541040586,0.006872405878858271,0.9931289746504265,0.0020093271379836015,0.023375987552263847
213493.1506849315,3.942151208662438,3.321000437028616,0.15756645008159814,0.002960067791431112,0.00679958192036017,0.9932015037177607,0.0020093271379836015,0.023375987552263847
213995.43378995435,3.9467817056842676,3.321000437028616,0.1585548214522185,0.0029468824115235735,0.006728304120888278,0.9932724865279893,0.0020093271379836015,0.023375987552263847
214497.71689497714,3.9514067764138523,3.321000437028616,0.15953972219417237,0.0029338726436791245,0.0066585270479588435,0.9933419685038125,0.0020093271379836015,0.023375987552263847
215000.0,3.956026439883158,3.321000437028616,0.16052117257166193,0.0029210345392096464,0.0065902069502032,0.9934099933872743,0.0020093271379836015,0.023375987552263847
