check,T,worst_freq_err,worst_split_err,lam2,lam2_horizontal,g,nc,f_sym1,f_irvine1,err_sym1,f_sym2,f_irvine2,err_sym2,err_asym,n,f_host,phi_a,phi_p,s_fe,s_pylon_formula,s_two_ended,s_one_ended,s_wrong_sign
straight,105000.0,0.0002198552594158132,0.007911176558930033,,,,,,,,,,,,,,,,,,,,
straight,115000.0,0.00021940127773079077,0.013522754832607897,,,,,,,,,,,,,,,,,,,,
straight,125000.0,0.00021816972189947492,0.0004836081703185856,,,,,,,,,,,,,,,,,,,,
straight,135000.0,0.0002138099737655219,0.0006451848312208561,,,,,,,,,,,,,,,,,,,,
straight,145000.0,0.00019812401419050385,0.0021731260048242496,,,,,,,,,,,,,,,,,,,,
straight,155000.0,0.00019825861110611687,0.022598338715095034,,,,,,,,,,,,,,,,,,,,
straight,165000.0,0.00020455382817385903,0.0006034611714748062,,,,,,,,,,,,,,,,,,,,
straight,175000.0,0.0002133219531663677,0.00039699772141579565,,,,,,,,,,,,,,,,,,,,
straight,185000.0,0.00021614580052731203,0.0003977974378164236,,,,,,,,,,,,,,,,,,,,
straight,195000.0,0.00021741808555175712,0.0003988177888066837,,,,,,,,,,,,,,,,,,,,
straight,205000.0,0.00021811208051514264,0.00041015787036862567,,,,,,,,,,,,,,,,,,,,
straight,215000.0,0.00021853932858773018,0.00041883773379999475,,,,,,,,,,,,,,,,,,,,
irvine,,,,0.24999999999999983,0.4548196765881214,22.14598080124607,40.0,3.3563259046717695,3.356459042568875,3.96661765917905e-05,10.018337780714372,10.018527652596894,1.895207450697267e-05,2.8312899467142216e-05,,,,,,,,,
irvine,,,,0.24999999999999983,0.4548196765881214,22.14598080124607,80.0,3.3563517432059493,3.356459042568875,3.196802391003395e-05,10.018346071795825,10.018527652596894,1.8124499663541016e-05,2.834675408358578e-05,,,,,,,,,
irvine,,,,0.5000000000000001,0.9096242617744723,31.31967634133051,40.0,3.3897576737865815,3.3900215201936033,7.783030445385197e-05,10.019426934409838,10.019806562549372,3.7887771302203e-05,5.6241305194326685e-05,,,,,,,,,
irvine,,,,0.5000000000000001,0.9096242617744723,31.31967634133051,80.0,3.3898085909193973,3.3900215201936033,6.281059661050747e-05,10.019443810250321,10.019806562549372,3.6203523170463825e-05,5.6306355007196274e-05,,,,,,,,,
irvine,,,,0.9999999999999994,1.8191881609462528,44.294210062289245,40.0,3.4555831999601625,3.4561020980206627,0.00015013967926391647,10.02162522741483,10.022383204723383,7.56284501469695e-05,0.00011090760686194301,,,,,,,,,
irvine,,,,0.9999999999999994,1.8191881609462528,44.294210062289245,80.0,3.455682105851572,3.4561020980206627,0.00012152192185854727,10.021659403822651,10.022383204723383,7.221844205584915e-05,0.00011103385507649222,,,,,,,,,
irvine,,,,1.999999999999989,3.6381348955140784,62.645713094541065,40.0,3.58334006470266,3.5843496102447507,0.0002816537592218449,10.026103025765192,10.027612914905044,0.000150573137661425,0.00021525783744136273,,,,,,,,,
irvine,,,,1.999999999999989,3.6381348955140784,62.645713094541065,80.0,3.583526975260253,3.5843496102447507,0.00022950746270578026,10.026172332849114,10.027612914905044,0.0001436615142760278,0.00021550130551006852,,,,,,,,,
irvine,,,,3.999999999999654,7.275304277728121,88.6064146539039,40.0,3.8250151517554376,3.826971112685844,0.0005110989534053978,10.03539392228533,10.03838737760621,0.00029820081735021375,0.0004020789674962222,,,,,,,,,
irvine,,,,3.999999999999654,7.275304277728121,88.6064146539039,80.0,3.825350642323208,3.826971112685844,0.00042343417677348505,10.035535663063483,10.03838737760621,0.0002840809420334711,0.00040253383326638303,,,,,,,,,
irvine,,,,7.999999999989015,14.546748039239244,125.34234826184817,40.0,4.263241534989646,4.267252460554962,0.0009399316310416683,10.055405361269923,10.061275248630375,0.0005834138531546351,0.0006689335567934274,,,,,,,,,
irvine,,,,7.999999999989015,14.546748039239244,125.34234826184817,80.0,4.263788585326367,4.267252460554962,0.0008117343092808316,10.05570109263382,10.061275248630375,0.0005540208232862609,0.0006696969085782101,,,,,,,,,
irvine,,,,15.999999999648795,29.078066297671743,177.35700516120104,40.0,5.007761694913436,5.019051116769056,0.00224931398245809,10.101937802394044,10.11310647275501,0.0011043758306169549,0.0009614226540998194,,,,,,,,,
irvine,,,,15.999999999648795,29.078066297671743,177.35700516120104,80.0,5.008489689550583,5.019051116769056,0.002104267713709196,10.102581490973748,10.11310647275501,0.0010407268834375927,0.0009634018936381938,,,,,,,,,
pylon_only,,,,,,,,,,,,,,,1.0,4.828730123095134,-0.00019466388846158027,0.011357811711260445,0.03347991763948961,0.03438764544561877,0.033545927884942046,,
pylon_only,,,,,,,,,,,,,,,2.0,7.571004290882559,-0.00030481085252291926,0.011681946459449425,0.018316768052271715,0.01768450838835343,0.01834350233243059,,
deck_pylon,,,,,,,,,,,,,,,1.0,3.158193338688167,-0.004938796442389432,0.0028304175932102197,0.012732495542047289,,0.01278556972070146,0.02135512511858305,0.029924680516464637
deck_pylon,,,,,,,,,,,,,,,1.0,5.181332773588024,-0.0013615686768857869,-0.010924965201038708,0.038920017713528196,,0.03896449070952306,0.005887359358016406,0.02718977199349025
deck_pylon,,,,,,,,,,,,,,,2.0,5.553641135062344,1.4785297859598487e-12,2.8766511586031434e-12,0.00043588117465237443,,1.158220700484581e-12,3.1965468651152304e-12,7.551314430715042e-12
deck_pylon,,,,,,,,,,,,,,,2.0,8.005737390384782,-0.0010760962930545716,0.011109695572122826,0.019060835261742053,,0.019144711538953335,0.0023264950525786177,0.014491721433796099
deck_pylon,,,,,,,,,,,,,,,2.0,8.818486862742946,-0.004991820467267973,-0.0035407847232805474,0.005451747159896401,,0.005432044826281395,0.010792199262664568,0.016152353699047738
