subset,n,r2,median_res_pp,p90_res_pp,worst_res_pp,sign_agree_pct,n_material
"graded 421, string reading, coupling part",421,0.9946988751103075,0.001277789920140285,0.01819489924534002,0.46516057267390054,98.07692307692307,104.0
"graded 421, tensioned-beam reading",421,0.9946988751103073,0.001277789920132999,0.018194899245345657,0.4651605726739297,98.07692307692307,104.0
"all 699, string reading, total",699,-0.09604137175753324,0.1947562920980312,3.151860866908154,54.321970198126024,72.68722466960352,227.0
"all 699, tensioned-beam reading",699,0.966026859574149,0.002849315731653923,0.04845152433581095,1.0553322506703118,96.47577092511013,227.0
"sub-gate 278, string reading, total",278,-0.26311192912855264,1.3160476611992946,7.104992045991193,54.321970198126024,60.97560975609756,123.0
"sub-gate 278, tensioned-beam reading",278,0.8961373405176543,0.007357972350473247,0.08866325678971203,1.0553322506703118,95.1219512195122,123.0
"sub-gate xi in (0,50], tensioned-beam reading",37,0.8029059009096573,0.02352626898014661,0.3102021274244252,1.0553322506703118,94.73684210526315,19.0
"sub-gate xi in (50,100], tensioned-beam reading",138,0.9517154804674607,0.00914735946905693,0.09563852109291576,0.4199679595223407,93.75,64.0
"sub-gate xi in (100,150], tensioned-beam reading",103,0.9146696892298873,0.004953431001225865,0.06731227541612511,0.43646152236413577,97.5,40.0
"graded lam2 <= 0.1, coupling part",266,0.9912358464161812,0.001359848140294133,0.02038256142982967,0.46516057267390054,98.4375,64.0
"graded lam2 <= 0.5, coupling part",354,0.9945466190233926,0.001283920392201487,0.017958183883594006,0.46516057267390054,98.85057471264368,87.0
"graded lam2 <= 1.0, coupling part",381,0.9945519430693527,0.001277789920140285,0.01740584803952,0.46516057267390054,98.93617021276596,94.0
"graded lam2 <= 4.0, coupling part",412,0.9945291041166933,0.0012583039095800475,0.017381938931257012,0.46516057267390054,98.98989898989899,99.0
"graded lam2 > 1, coupling part",40,0.9961766080475726,0.001361169210688541,0.02774902889756402,0.14604383598089285,90.0,10.0
"sub-gate 278, superposition eps_bend + eps_coupling",278,,0.007357972350453086,0.0886632567897336,1.0553322506703,,
